{
"type": "FeatureCollection",
"name": "ground_truth_projected",
"crs": { "type": "name", "properties": { "name": "urn:ogc:def:crs:EPSG::32643" } },
"features": [
{ "type": "Feature", "properties": { "parcel_id": "P0001", "survey_no": "SRV-1001", "owner_name": "Suresh Patil", "area_sqm": 1200.0, "land_use": "Residential" }, "geometry": { "type": "Polygon", "coordinates": [ [ [ 300000.0, 2100000.0 ], [ 300040.0, 2100000.0 ], [ 300040.0, 2100030.0 ], [ 300000.0, 2100030.0 ], [ 300000.0, 2100000.0 ] ] ] } },
{ "type": "Feature", "properties": { "parcel_id": "P0002", "survey_no": "SRV-1002", "owner_name": "Neha Verma", "area_sqm": 1200.0, "land_use": "Commercial" }, "geometry": { "type": "Polygon", "coordinates": [ [ [ 300040.0, 2100000.0 ], [ 300080.0, 2100000.0 ], [ 300080.0, 2100030.0 ], [ 300040.0, 2100030.0 ], [ 300040.0, 2100000.0 ] ] ] } },
{ "type": "Feature", "properties": { "parcel_id": "P0003", "survey_no": "SRV-1003", "owner_name": "Priya Singh", "area_sqm": 1200.0, "land_use": "Commercial" }, "geometry": { "type": "Polygon", "coordinates": [ [ [ 300080.0, 2100000.0 ], [ 300120.0, 2100000.0 ], [ 300120.0, 2100030.0 ], [ 300080.0, 2100030.0 ], [ 300080.0, 2100000.0 ] ] ] } },
{ "type": "Feature", "properties": { "parcel_id": "P0004", "survey_no": "SRV-1004", "owner_name": "Suresh Patil", "area_sqm": 1200.0, "land_use": "Residential" }, "geometry": { "type": "Polygon", "coordinates": [ [ [ 300120.0, 2100000.0 ], [ 300160.0, 2100000.0 ], [ 300160.0, 2100030.0 ], [ 300120.0, 2100030.0 ], [ 300120.0, 2100000.0 ] ] ] } },
{ "type": "Feature", "properties": { "parcel_id": "P0005", "survey_no": "SRV-1005", "owner_name": "Mahesh Deshmukh", "area_sqm": 1200.0, "land_use": "Vacant" }, "geometry": { "type": "Polygon", "coordinates": [ [ [ 300160.0, 2100000.0 ], [ 300200.0, 2100000.0 ], [ 300200.0, 2100030.0 ], [ 300160.0, 2100030.0 ], [ 300160.0, 2100000.0 ] ] ] } },
{ "type": "Feature", "properties": { "parcel_id": "P0006", "survey_no": "SRV-1006", "owner_name": "Rajesh Kumar", "area_sqm": 1200.0, "land_use": "Residential" }, "geometry": { "type": "Polygon", "coordinates": [ [ [ 300200.0, 2100000.0 ], [ 300240.0, 2100000.0 ], [ 300240.0, 2100030.0 ], [ 300200.0, 2100030.0 ], [ 300200.0, 2100000.0 ] ] ] } },
{ "type": "Feature", "properties": { "parcel_id": "P0007", "survey_no": "SRV-1007", "owner_name": "Suresh Patil", "area_sqm": 1200.0, "land_use": "Commercial" }, "geometry": { "type": "Polygon", "coordinates": [ [ [ 300240.0, 2100000.0 ], [ 300280.0, 2100000.0 ], [ 300280.0, 2100030.0 ], [ 300240.0, 2100030.0 ], [ 300240.0, 2100000.0 ] ] ] } },
{ "type": "Feature", "properties": { "parcel_id": "P0008", "survey_no": "SRV-1008", "owner_name": "Priya Singh", "area_sqm": 1200.0, "land_use": "Residential" }, "geometry": { "type": "Polygon", "coordinates": [ [ [ 300280.0, 2100000.0 ], [ 300320.0, 2100000.0 ], [ 300320.0, 2100030.0 ], [ 300280.0, 2100030.0 ], [ 300280.0, 2100000.0 ] ] ] } },
{ "type": "Feature", "properties": { "parcel_id": "P0009", "survey_no": "SRV-1009", "owner_name": "Sunita Pawar", "area_sqm": 1200.0, "land_use": "Commercial" }, "geometry": { "type": "Polygon", "coordinates": [ [ [ 300320.0, 2100000.0 ], [ 300360.0, 2100000.0 ], [ 300360.0, 2100030.0 ], [ 300320.0, 2100030.0 ], [ 300320.0, 2100000.0 ] ] ] } },
{ "type": "Feature", "properties": { "parcel_id": "P0010", "survey_no": "SRV-1010", "owner_name": "Sunita Pawar", "area_sqm": 1200.0, "land_use": "Vacant" }, "geometry": { "type": "Polygon", "coordinates": [ [ [ 300360.0, 2100000.0 ], [ 300400.0, 2100000.0 ], [ 300400.0, 2100030.0 ], [ 300360.0, 2100030.0 ], [ 300360.0, 2100000.0 ] ] ] } },
{ "type": "Feature", "properties": { "parcel_id": "P0011", "survey_no": "SRV-1011", "owner_name": "Priya Singh", "area_sqm": 1200.0, "land_use": "Vacant" }, "geometry": { "type": "Polygon", "coordinates": [ [ [ 300400.0, 2100000.0 ], [ 300440.0, 2100000.0 ], [ 300440.0, 2100030.0 ], [ 300400.0, 2100030.0 ], [ 300400.0, 2100000.0 ] ] ] } },
{ "type": "Feature", "properties": { "parcel_id": "P0012", "survey_no": "SRV-1012", "owner_name": "Mahesh Deshmukh", "area_sqm": 1200.0, "land_use": "Mixed Use" }, "geometry": { "type": "Polygon", "coordinates": [ [ [ 300440.0, 2100000.0 ], [ 300480.0, 2100000.0 ], [ 300480.0, 2100030.0 ], [ 300440.0, 2100030.0 ], [ 300440.0, 2100000.0 ] ] ] } },
{ "type": "Feature", "properties": { "parcel_id": "P0013", "survey_no": "SRV-1013", "owner_name": "Rajesh Kumar", "area_sqm": 1200.0, "land_use": "Commercial" }, "geometry": { "type": "Polygon", "coordinates": [ [ [ 300480.0, 2100000.0 ], [ 300520.0, 2100000.0 ], [ 300520.0, 2100030.0 ], [ 300480.0, 2100030.0 ], [ 300480.0, 2100000.0 ] ] ] } },
{ "type": "Feature", "properties": { "parcel_id": "P0014", "survey_no": "SRV-1014", "owner_name": "Anita Joshi", "area_sqm": 1200.0, "land_use": "Mixed Use" }, "geometry": { "type": "Polygon", "coordinates": [ [ [ 300520.0, 2100000.0 ], [ 300560.0, 2100000.0 ], [ 300560.0, 2100030.0 ], [ 300520.0, 2100030.0 ], [ 300520.0, 2100000.0 ] ] ] } },
{ "type": "Feature", "properties": { "parcel_id": "P0015", "survey_no": "SRV-1015", "owner_name": "Neha Verma", "area_sqm": 1200.0, "land_use": "Commercial" }, "geometry": { "type": "Polygon", "coordinates": [ [ [ 300560.0, 2100000.0 ], [ 300600.0, 2100000.0 ], [ 300600.0, 2100030.0 ], [ 300560.0, 2100030.0 ], [ 300560.0, 2100000.0 ] ] ] } },
{ "type": "Feature", "properties": { "parcel_id": "P0016", "survey_no": "SRV-1016", "owner_name": "Priya Singh", "area_sqm": 1200.0, "land_use": "Mixed Use" }, "geometry": { "type": "Polygon", "coordinates": [ [ [ 300600.0, 2100000.0 ], [ 300640.0, 2100000.0 ], [ 300640.0, 2100030.0 ], [ 300600.0, 2100030.0 ], [ 300600.0, 2100000.0 ] ] ] } },
{ "type": "Feature", "properties": { "parcel_id": "P0017", "survey_no": "SRV-1017", "owner_name": "Suresh Patil", "area_sqm": 1200.0, "land_use": "Residential" }, "geometry": { "type": "Polygon", "coordinates": [ [ [ 300640.0, 2100000.0 ], [ 300680.0, 2100000.0 ], [ 300680.0, 2100030.0 ], [ 300640.0, 2100030.0 ], [ 300640.0, 2100000.0 ] ] ] } },
{ "type": "Feature", "properties": { "parcel_id": "P0018", "survey_no": "SRV-1018", "owner_name": "Anita Joshi", "area_sqm": 1200.0, "land_use": "Residential" }, "geometry": { "type": "Polygon", "coordinates": [ [ [ 300680.0, 2100000.0 ], [ 300720.0, 2100000.0 ], [ 300720.0, 2100030.0 ], [ 300680.0, 2100030.0 ], [ 300680.0, 2100000.0 ] ] ] } },
{ "type": "Feature", "properties": { "parcel_id": "P0019", "survey_no": "SRV-1019", "owner_name": "Vijay More", "area_sqm": 1200.0, "land_use": "Mixed Use" }, "geometry": { "type": "Polygon", "coordinates": [ [ [ 300720.0, 2100000.0 ], [ 300760.0, 2100000.0 ], [ 300760.0, 2100030.0 ], [ 300720.0, 2100030.0 ], [ 300720.0, 2100000.0 ] ] ] } },
{ "type": "Feature", "properties": { "parcel_id": "P0020", "survey_no": "SRV-1020", "owner_name": "Mahesh Deshmukh", "area_sqm": 1200.0, "land_use": "Mixed Use" }, "geometry": { "type": "Polygon", "coordinates": [ [ [ 300760.0, 2100000.0 ], [ 300800.0, 2100000.0 ], [ 300800.0, 2100030.0 ], [ 300760.0, 2100030.0 ], [ 300760.0, 2100000.0 ] ] ] } },
{ "type": "Feature", "properties": { "parcel_id": "P0021", "survey_no": "SRV-1021", "owner_name": "Rajesh Kumar", "area_sqm": 1200.0, "land_use": "Vacant" }, "geometry": { "type": "Polygon", "coordinates": [ [ [ 300800.0, 2100000.0 ], [ 300840.0, 2100000.0 ], [ 300840.0, 2100030.0 ], [ 300800.0, 2100030.0 ], [ 300800.0, 2100000.0 ] ] ] } },
{ "type": "Feature", "properties": { "parcel_id": "P0022", "survey_no": "SRV-1022", "owner_name": "Sunita Pawar", "area_sqm": 1200.0, "land_use": "Residential" }, "geometry": { "type": "Polygon", "coordinates": [ [ [ 300840.0, 2100000.0 ], [ 300880.0, 2100000.0 ], [ 300880.0, 2100030.0 ], [ 300840.0, 2100030.0 ], [ 300840.0, 2100000.0 ] ] ] } },
{ "type": "Feature", "properties": { "parcel_id": "P0023", "survey_no": "SRV-1023", "owner_name": "Anita Joshi", "area_sqm": 1200.0, "land_use": "Residential" }, "geometry": { "type": "Polygon", "coordinates": [ [ [ 300880.0, 2100000.0 ], [ 300920.0, 2100000.0 ], [ 300920.0, 2100030.0 ], [ 300880.0, 2100030.0 ], [ 300880.0, 2100000.0 ] ] ] } },
{ "type": "Feature", "properties": { "parcel_id": "P0024", "survey_no": "SRV-1024", "owner_name": "Sunita Pawar", "area_sqm": 1200.0, "land_use": "Mixed Use" }, "geometry": { "type": "Polygon", "coordinates": [ [ [ 300920.0, 2100000.0 ], [ 300960.0, 2100000.0 ], [ 300960.0, 2100030.0 ], [ 300920.0, 2100030.0 ], [ 300920.0, 2100000.0 ] ] ] } },
{ "type": "Feature", "properties": { "parcel_id": "P0025", "survey_no": "SRV-1025", "owner_name": "Mahesh Deshmukh", "area_sqm": 1200.0, "land_use": "Mixed Use" }, "geometry": { "type": "Polygon", "coordinates": [ [ [ 300960.0, 2100000.0 ], [ 301000.0, 2100000.0 ], [ 301000.0, 2100030.0 ], [ 300960.0, 2100030.0 ], [ 300960.0, 2100000.0 ] ] ] } },
{ "type": "Feature", "properties": { "parcel_id": "P0026", "survey_no": "SRV-1026", "owner_name": "Mahesh Deshmukh", "area_sqm": 1200.0, "land_use": "Commercial" }, "geometry": { "type": "Polygon", "coordinates": [ [ [ 300000.0, 2100030.0 ], [ 300040.0, 2100030.0 ], [ 300040.0, 2100060.0 ], [ 300000.0, 2100060.0 ], [ 300000.0, 2100030.0 ] ] ] } },
{ "type": "Feature", "properties": { "parcel_id": "P0027", "survey_no": "SRV-1027", "owner_name": "Suresh Patil", "area_sqm": 1200.0, "land_use": "Residential" }, "geometry": { "type": "Polygon", "coordinates": [ [ [ 300040.0, 2100030.0 ], [ 300080.0, 2100030.0 ], [ 300080.0, 2100060.0 ], [ 300040.0, 2100060.0 ], [ 300040.0, 2100030.0 ] ] ] } },
{ "type": "Feature", "properties": { "parcel_id": "P0028", "survey_no": "SRV-1028", "owner_name": "Priya Singh", "area_sqm": 1200.0, "land_use": "Mixed Use" }, "geometry": { "type": "Polygon", "coordinates": [ [ [ 300080.0, 2100030.0 ], [ 300120.0, 2100030.0 ], [ 300120.0, 2100060.0 ], [ 300080.0, 2100060.0 ], [ 300080.0, 2100030.0 ] ] ] } },
{ "type": "Feature", "properties": { "parcel_id": "P0029", "survey_no": "SRV-1029", "owner_name": "Suresh Patil", "area_sqm": 1200.0, "land_use": "Commercial" }, "geometry": { "type": "Polygon", "coordinates": [ [ [ 300120.0, 2100030.0 ], [ 300160.0, 2100030.0 ], [ 300160.0, 2100060.0 ], [ 300120.0, 2100060.0 ], [ 300120.0, 2100030.0 ] ] ] } },
{ "type": "Feature", "properties": { "parcel_id": "P0030", "survey_no": "SRV-1030", "owner_name": "Suresh Patil", "area_sqm": 1200.0, "land_use": "Vacant" }, "geometry": { "type": "Polygon", "coordinates": [ [ [ 300160.0, 2100030.0 ], [ 300200.0, 2100030.0 ], [ 300200.0, 2100060.0 ], [ 300160.0, 2100060.0 ], [ 300160.0, 2100030.0 ] ] ] } },
{ "type": "Feature", "properties": { "parcel_id": "P0031", "survey_no": "SRV-1031", "owner_name": "Neha Verma", "area_sqm": 1200.0, "land_use": "Vacant" }, "geometry": { "type": "Polygon", "coordinates": [ [ [ 300200.0, 2100030.0 ], [ 300240.0, 2100030.0 ], [ 300240.0, 2100060.0 ], [ 300200.0, 2100060.0 ], [ 300200.0, 2100030.0 ] ] ] } },
{ "type": "Feature", "properties": { "parcel_id": "P0032", "survey_no": "SRV-1032", "owner_name": "Vijay More", "area_sqm": 1200.0, "land_use": "Commercial" }, "geometry": { "type": "Polygon", "coordinates": [ [ [ 300240.0, 2100030.0 ], [ 300280.0, 2100030.0 ], [ 300280.0, 2100060.0 ], [ 300240.0, 2100060.0 ], [ 300240.0, 2100030.0 ] ] ] } },
{ "type": "Feature", "properties": { "parcel_id": "P0033", "survey_no": "SRV-1033", "owner_name": "Vijay More", "area_sqm": 1200.0, "land_use": "Mixed Use" }, "geometry": { "type": "Polygon", "coordinates": [ [ [ 300280.0, 2100030.0 ], [ 300320.0, 2100030.0 ], [ 300320.0, 2100060.0 ], [ 300280.0, 2100060.0 ], [ 300280.0, 2100030.0 ] ] ] } },
{ "type": "Feature", "properties": { "parcel_id": "P0034", "survey_no": "SRV-1034", "owner_name": "Priya Singh", "area_sqm": 1200.0, "land_use": "Mixed Use" }, "geometry": { "type": "Polygon", "coordinates": [ [ [ 300320.0, 2100030.0 ], [ 300360.0, 2100030.0 ], [ 300360.0, 2100060.0 ], [ 300320.0, 2100060.0 ], [ 300320.0, 2100030.0 ] ] ] } },
{ "type": "Feature", "properties": { "parcel_id": "P0035", "survey_no": "SRV-1035", "owner_name": "Suresh Patil", "area_sqm": 1200.0, "land_use": "Commercial" }, "geometry": { "type": "Polygon", "coordinates": [ [ [ 300360.0, 2100030.0 ], [ 300400.0, 2100030.0 ], [ 300400.0, 2100060.0 ], [ 300360.0, 2100060.0 ], [ 300360.0, 2100030.0 ] ] ] } },
{ "type": "Feature", "properties": { "parcel_id": "P0036", "survey_no": "SRV-1036", "owner_name": "Sunita Pawar", "area_sqm": 1200.0, "land_use": "Commercial" }, "geometry": { "type": "Polygon", "coordinates": [ [ [ 300400.0, 2100030.0 ], [ 300440.0, 2100030.0 ], [ 300440.0, 2100060.0 ], [ 300400.0, 2100060.0 ], [ 300400.0, 2100030.0 ] ] ] } },
{ "type": "Feature", "properties": { "parcel_id": "P0037", "survey_no": "SRV-1037", "owner_name": "Amit Sharma", "area_sqm": 1200.0, "land_use": "Vacant" }, "geometry": { "type": "Polygon", "coordinates": [ [ [ 300440.0, 2100030.0 ], [ 300480.0, 2100030.0 ], [ 300480.0, 2100060.0 ], [ 300440.0, 2100060.0 ], [ 300440.0, 2100030.0 ] ] ] } },
{ "type": "Feature", "properties": { "parcel_id": "P0038", "survey_no": "SRV-1038", "owner_name": "Anita Joshi", "area_sqm": 1200.0, "land_use": "Mixed Use" }, "geometry": { "type": "Polygon", "coordinates": [ [ [ 300480.0, 2100030.0 ], [ 300520.0, 2100030.0 ], [ 300520.0, 2100060.0 ], [ 300480.0, 2100060.0 ], [ 300480.0, 2100030.0 ] ] ] } },
{ "type": "Feature", "properties": { "parcel_id": "P0039", "survey_no": "SRV-1039", "owner_name": "Sunita Pawar", "area_sqm": 1200.0, "land_use": "Commercial" }, "geometry": { "type": "Polygon", "coordinates": [ [ [ 300520.0, 2100030.0 ], [ 300560.0, 2100030.0 ], [ 300560.0, 2100060.0 ], [ 300520.0, 2100060.0 ], [ 300520.0, 2100030.0 ] ] ] } },
{ "type": "Feature", "properties": { "parcel_id": "P0040", "survey_no": "SRV-1040", "owner_name": "Vijay More", "area_sqm": 1200.0, "land_use": "Residential" }, "geometry": { "type": "Polygon", "coordinates": [ [ [ 300560.0, 2100030.0 ], [ 300600.0, 2100030.0 ], [ 300600.0, 2100060.0 ], [ 300560.0, 2100060.0 ], [ 300560.0, 2100030.0 ] ] ] } },
{ "type": "Feature", "properties": { "parcel_id": "P0041", "survey_no": "SRV-1041", "owner_name": "Priya Singh", "area_sqm": 1200.0, "land_use": "Residential" }, "geometry": { "type": "Polygon", "coordinates": [ [ [ 300600.0, 2100030.0 ], [ 300640.0, 2100030.0 ], [ 300640.0, 2100060.0 ], [ 300600.0, 2100060.0 ], [ 300600.0, 2100030.0 ] ] ] } },
{ "type": "Feature", "properties": { "parcel_id": "P0042", "survey_no": "SRV-1042", "owner_name": "Vijay More", "area_sqm": 1200.0, "land_use": "Vacant" }, "geometry": { "type": "Polygon", "coordinates": [ [ [ 300640.0, 2100030.0 ], [ 300680.0, 2100030.0 ], [ 300680.0, 2100060.0 ], [ 300640.0, 2100060.0 ], [ 300640.0, 2100030.0 ] ] ] } },
{ "type": "Feature", "properties": { "parcel_id": "P0043", "survey_no": "SRV-1043", "owner_name": "Neha Verma", "area_sqm": 1200.0, "land_use": "Residential" }, "geometry": { "type": "Polygon", "coordinates": [ [ [ 300680.0, 2100030.0 ], [ 300720.0, 2100030.0 ], [ 300720.0, 2100060.0 ], [ 300680.0, 2100060.0 ], [ 300680.0, 2100030.0 ] ] ] } },
{ "type": "Feature", "properties": { "parcel_id": "P0044", "survey_no": "SRV-1044", "owner_name": "Priya Singh", "area_sqm": 1200.0, "land_use": "Mixed Use" }, "geometry": { "type": "Polygon", "coordinates": [ [ [ 300720.0, 2100030.0 ], [ 300760.0, 2100030.0 ], [ 300760.0, 2100060.0 ], [ 300720.0, 2100060.0 ], [ 300720.0, 2100030.0 ] ] ] } },
{ "type": "Feature", "properties": { "parcel_id": "P0045", "survey_no": "SRV-1045", "owner_name": "Priya Singh", "area_sqm": 1200.0, "land_use": "Vacant" }, "geometry": { "type": "Polygon", "coordinates": [ [ [ 300760.0, 2100030.0 ], [ 300800.0, 2100030.0 ], [ 300800.0, 2100060.0 ], [ 300760.0, 2100060.0 ], [ 300760.0, 2100030.0 ] ] ] } },
{ "type": "Feature", "properties": { "parcel_id": "P0046", "survey_no": "SRV-1046", "owner_name": "Anita Joshi", "area_sqm": 1200.0, "land_use": "Vacant" }, "geometry": { "type": "Polygon", "coordinates": [ [ [ 300800.0, 2100030.0 ], [ 300840.0, 2100030.0 ], [ 300840.0, 2100060.0 ], [ 300800.0, 2100060.0 ], [ 300800.0, 2100030.0 ] ] ] } },
{ "type": "Feature", "properties": { "parcel_id": "P0047", "survey_no": "SRV-1047", "owner_name": "Amit Sharma", "area_sqm": 1200.0, "land_use": "Mixed Use" }, "geometry": { "type": "Polygon", "coordinates": [ [ [ 300840.0, 2100030.0 ], [ 300880.0, 2100030.0 ], [ 300880.0, 2100060.0 ], [ 300840.0, 2100060.0 ], [ 300840.0, 2100030.0 ] ] ] } },
{ "type": "Feature", "properties": { "parcel_id": "P0048", "survey_no": "SRV-1048", "owner_name": "Amit Sharma", "area_sqm": 1200.0, "land_use": "Commercial" }, "geometry": { "type": "Polygon", "coordinates": [ [ [ 300880.0, 2100030.0 ], [ 300920.0, 2100030.0 ], [ 300920.0, 2100060.0 ], [ 300880.0, 2100060.0 ], [ 300880.0, 2100030.0 ] ] ] } },
{ "type": "Feature", "properties": { "parcel_id": "P0049", "survey_no": "SRV-1049", "owner_name": "Sunita Pawar", "area_sqm": 1200.0, "land_use": "Mixed Use" }, "geometry": { "type": "Polygon", "coordinates": [ [ [ 300920.0, 2100030.0 ], [ 300960.0, 2100030.0 ], [ 300960.0, 2100060.0 ], [ 300920.0, 2100060.0 ], [ 300920.0, 2100030.0 ] ] ] } },
{ "type": "Feature", "properties": { "parcel_id": "P0050", "survey_no": "SRV-1050", "owner_name": "Mahesh Deshmukh", "area_sqm": 1200.0, "land_use": "Vacant" }, "geometry": { "type": "Polygon", "coordinates": [ [ [ 300960.0, 2100030.0 ], [ 301000.0, 2100030.0 ], [ 301000.0, 2100060.0 ], [ 300960.0, 2100060.0 ], [ 300960.0, 2100030.0 ] ] ] } },
{ "type": "Feature", "properties": { "parcel_id": "P0051", "survey_no": "SRV-1051", "owner_name": "Mahesh Deshmukh", "area_sqm": 1200.0, "land_use": "Vacant" }, "geometry": { "type": "Polygon", "coordinates": [ [ [ 300000.0, 2100060.0 ], [ 300040.0, 2100060.0 ], [ 300040.0, 2100090.0 ], [ 300000.0, 2100090.0 ], [ 300000.0, 2100060.0 ] ] ] } },
{ "type": "Feature", "properties": { "parcel_id": "P0052", "survey_no": "SRV-1052", "owner_name": "Vijay More", "area_sqm": 1200.0, "land_use": "Commercial" }, "geometry": { "type": "Polygon", "coordinates": [ [ [ 300040.0, 2100060.0 ], [ 300080.0, 2100060.0 ], [ 300080.0, 2100090.0 ], [ 300040.0, 2100090.0 ], [ 300040.0, 2100060.0 ] ] ] } },
{ "type": "Feature", "properties": { "parcel_id": "P0053", "survey_no": "SRV-1053", "owner_name": "Amit Sharma", "area_sqm": 1200.0, "land_use": "Vacant" }, "geometry": { "type": "Polygon", "coordinates": [ [ [ 300080.0, 2100060.0 ], [ 300120.0, 2100060.0 ], [ 300120.0, 2100090.0 ], [ 300080.0, 2100090.0 ], [ 300080.0, 2100060.0 ] ] ] } },
{ "type": "Feature", "properties": { "parcel_id": "P0054", "survey_no": "SRV-1054", "owner_name": "Suresh Patil", "area_sqm": 1200.0, "land_use": "Residential" }, "geometry": { "type": "Polygon", "coordinates": [ [ [ 300120.0, 2100060.0 ], [ 300160.0, 2100060.0 ], [ 300160.0, 2100090.0 ], [ 300120.0, 2100090.0 ], [ 300120.0, 2100060.0 ] ] ] } },
{ "type": "Feature", "properties": { "parcel_id": "P0055", "survey_no": "SRV-1055", "owner_name": "Suresh Patil", "area_sqm": 1200.0, "land_use": "Commercial" }, "geometry": { "type": "Polygon", "coordinates": [ [ [ 300160.0, 2100060.0 ], [ 300200.0, 2100060.0 ], [ 300200.0, 2100090.0 ], [ 300160.0, 2100090.0 ], [ 300160.0, 2100060.0 ] ] ] } },
{ "type": "Feature", "properties": { "parcel_id": "P0056", "survey_no": "SRV-1056", "owner_name": "Amit Sharma", "area_sqm": 1200.0, "land_use": "Vacant" }, "geometry": { "type": "Polygon", "coordinates": [ [ [ 300200.0, 2100060.0 ], [ 300240.0, 2100060.0 ], [ 300240.0, 2100090.0 ], [ 300200.0, 2100090.0 ], [ 300200.0, 2100060.0 ] ] ] } },
{ "type": "Feature", "properties": { "parcel_id": "P0057", "survey_no": "SRV-1057", "owner_name": "Mahesh Deshmukh", "area_sqm": 1200.0, "land_use": "Residential" }, "geometry": { "type": "Polygon", "coordinates": [ [ [ 300240.0, 2100060.0 ], [ 300280.0, 2100060.0 ], [ 300280.0, 2100090.0 ], [ 300240.0, 2100090.0 ], [ 300240.0, 2100060.0 ] ] ] } },
{ "type": "Feature", "properties": { "parcel_id": "P0058", "survey_no": "SRV-1058", "owner_name": "Anita Joshi", "area_sqm": 1200.0, "land_use": "Vacant" }, "geometry": { "type": "Polygon", "coordinates": [ [ [ 300280.0, 2100060.0 ], [ 300320.0, 2100060.0 ], [ 300320.0, 2100090.0 ], [ 300280.0, 2100090.0 ], [ 300280.0, 2100060.0 ] ] ] } },
{ "type": "Feature", "properties": { "parcel_id": "P0059", "survey_no": "SRV-1059", "owner_name": "Mahesh Deshmukh", "area_sqm": 1200.0, "land_use": "Vacant" }, "geometry": { "type": "Polygon", "coordinates": [ [ [ 300320.0, 2100060.0 ], [ 300360.0, 2100060.0 ], [ 300360.0, 2100090.0 ], [ 300320.0, 2100090.0 ], [ 300320.0, 2100060.0 ] ] ] } },
{ "type": "Feature", "properties": { "parcel_id": "P0060", "survey_no": "SRV-1060", "owner_name": "Sunita Pawar", "area_sqm": 1200.0, "land_use": "Mixed Use" }, "geometry": { "type": "Polygon", "coordinates": [ [ [ 300360.0, 2100060.0 ], [ 300400.0, 2100060.0 ], [ 300400.0, 2100090.0 ], [ 300360.0, 2100090.0 ], [ 300360.0, 2100060.0 ] ] ] } },
{ "type": "Feature", "properties": { "parcel_id": "P0061", "survey_no": "SRV-1061", "owner_name": "Sunita Pawar", "area_sqm": 1200.0, "land_use": "Residential" }, "geometry": { "type": "Polygon", "coordinates": [ [ [ 300400.0, 2100060.0 ], [ 300440.0, 2100060.0 ], [ 300440.0, 2100090.0 ], [ 300400.0, 2100090.0 ], [ 300400.0, 2100060.0 ] ] ] } },
{ "type": "Feature", "properties": { "parcel_id": "P0062", "survey_no": "SRV-1062", "owner_name": "Suresh Patil", "area_sqm": 1200.0, "land_use": "Mixed Use" }, "geometry": { "type": "Polygon", "coordinates": [ [ [ 300440.0, 2100060.0 ], [ 300480.0, 2100060.0 ], [ 300480.0, 2100090.0 ], [ 300440.0, 2100090.0 ], [ 300440.0, 2100060.0 ] ] ] } },
{ "type": "Feature", "properties": { "parcel_id": "P0063", "survey_no": "SRV-1063", "owner_name": "Vijay More", "area_sqm": 1200.0, "land_use": "Residential" }, "geometry": { "type": "Polygon", "coordinates": [ [ [ 300480.0, 2100060.0 ], [ 300520.0, 2100060.0 ], [ 300520.0, 2100090.0 ], [ 300480.0, 2100090.0 ], [ 300480.0, 2100060.0 ] ] ] } },
{ "type": "Feature", "properties": { "parcel_id": "P0064", "survey_no": "SRV-1064", "owner_name": "Neha Verma", "area_sqm": 1200.0, "land_use": "Vacant" }, "geometry": { "type": "Polygon", "coordinates": [ [ [ 300520.0, 2100060.0 ], [ 300560.0, 2100060.0 ], [ 300560.0, 2100090.0 ], [ 300520.0, 2100090.0 ], [ 300520.0, 2100060.0 ] ] ] } },
{ "type": "Feature", "properties": { "parcel_id": "P0065", "survey_no": "SRV-1065", "owner_name": "Amit Sharma", "area_sqm": 1200.0, "land_use": "Vacant" }, "geometry": { "type": "Polygon", "coordinates": [ [ [ 300560.0, 2100060.0 ], [ 300600.0, 2100060.0 ], [ 300600.0, 2100090.0 ], [ 300560.0, 2100090.0 ], [ 300560.0, 2100060.0 ] ] ] } },
{ "type": "Feature", "properties": { "parcel_id": "P0066", "survey_no": "SRV-1066", "owner_name": "Rajesh Kumar", "area_sqm": 1200.0, "land_use": "Mixed Use" }, "geometry": { "type": "Polygon", "coordinates": [ [ [ 300600.0, 2100060.0 ], [ 300640.0, 2100060.0 ], [ 300640.0, 2100090.0 ], [ 300600.0, 2100090.0 ], [ 300600.0, 2100060.0 ] ] ] } },
{ "type": "Feature", "properties": { "parcel_id": "P0067", "survey_no": "SRV-1067", "owner_name": "Sunita Pawar", "area_sqm": 1200.0, "land_use": "Commercial" }, "geometry": { "type": "Polygon", "coordinates": [ [ [ 300640.0, 2100060.0 ], [ 300680.0, 2100060.0 ], [ 300680.0, 2100090.0 ], [ 300640.0, 2100090.0 ], [ 300640.0, 2100060.0 ] ] ] } },
{ "type": "Feature", "properties": { "parcel_id": "P0068", "survey_no": "SRV-1068", "owner_name": "Sunita Pawar", "area_sqm": 1200.0, "land_use": "Residential" }, "geometry": { "type": "Polygon", "coordinates": [ [ [ 300680.0, 2100060.0 ], [ 300720.0, 2100060.0 ], [ 300720.0, 2100090.0 ], [ 300680.0, 2100090.0 ], [ 300680.0, 2100060.0 ] ] ] } },
{ "type": "Feature", "properties": { "parcel_id": "P0069", "survey_no": "SRV-1069", "owner_name": "Neha Verma", "area_sqm": 1200.0, "land_use": "Commercial" }, "geometry": { "type": "Polygon", "coordinates": [ [ [ 300720.0, 2100060.0 ], [ 300760.0, 2100060.0 ], [ 300760.0, 2100090.0 ], [ 300720.0, 2100090.0 ], [ 300720.0, 2100060.0 ] ] ] } },
{ "type": "Feature", "properties": { "parcel_id": "P0070", "survey_no": "SRV-1070", "owner_name": "Amit Sharma", "area_sqm": 1200.0, "land_use": "Mixed Use" }, "geometry": { "type": "Polygon", "coordinates": [ [ [ 300760.0, 2100060.0 ], [ 300800.0, 2100060.0 ], [ 300800.0, 2100090.0 ], [ 300760.0, 2100090.0 ], [ 300760.0, 2100060.0 ] ] ] } },
{ "type": "Feature", "properties": { "parcel_id": "P0071", "survey_no": "SRV-1071", "owner_name": "Amit Sharma", "area_sqm": 1200.0, "land_use": "Residential" }, "geometry": { "type": "Polygon", "coordinates": [ [ [ 300800.0, 2100060.0 ], [ 300840.0, 2100060.0 ], [ 300840.0, 2100090.0 ], [ 300800.0, 2100090.0 ], [ 300800.0, 2100060.0 ] ] ] } },
{ "type": "Feature", "properties": { "parcel_id": "P0072", "survey_no": "SRV-1072", "owner_name": "Mahesh Deshmukh", "area_sqm": 1200.0, "land_use": "Mixed Use" }, "geometry": { "type": "Polygon", "coordinates": [ [ [ 300840.0, 2100060.0 ], [ 300880.0, 2100060.0 ], [ 300880.0, 2100090.0 ], [ 300840.0, 2100090.0 ], [ 300840.0, 2100060.0 ] ] ] } },
{ "type": "Feature", "properties": { "parcel_id": "P0073", "survey_no": "SRV-1073", "owner_name": "Rohit Kulkarni", "area_sqm": 1200.0, "land_use": "Residential" }, "geometry": { "type": "Polygon", "coordinates": [ [ [ 300880.0, 2100060.0 ], [ 300920.0, 2100060.0 ], [ 300920.0, 2100090.0 ], [ 300880.0, 2100090.0 ], [ 300880.0, 2100060.0 ] ] ] } },
{ "type": "Feature", "properties": { "parcel_id": "P0074", "survey_no": "SRV-1074", "owner_name": "Suresh Patil", "area_sqm": 1200.0, "land_use": "Mixed Use" }, "geometry": { "type": "Polygon", "coordinates": [ [ [ 300920.0, 2100060.0 ], [ 300960.0, 2100060.0 ], [ 300960.0, 2100090.0 ], [ 300920.0, 2100090.0 ], [ 300920.0, 2100060.0 ] ] ] } },
{ "type": "Feature", "properties": { "parcel_id": "P0075", "survey_no": "SRV-1075", "owner_name": "Neha Verma", "area_sqm": 1200.0, "land_use": "Commercial" }, "geometry": { "type": "Polygon", "coordinates": [ [ [ 300960.0, 2100060.0 ], [ 301000.0, 2100060.0 ], [ 301000.0, 2100090.0 ], [ 300960.0, 2100090.0 ], [ 300960.0, 2100060.0 ] ] ] } },
{ "type": "Feature", "properties": { "parcel_id": "P0076", "survey_no": "SRV-1076", "owner_name": "Rajesh Kumar", "area_sqm": 1200.0, "land_use": "Commercial" }, "geometry": { "type": "Polygon", "coordinates": [ [ [ 300000.0, 2100090.0 ], [ 300040.0, 2100090.0 ], [ 300040.0, 2100120.0 ], [ 300000.0, 2100120.0 ], [ 300000.0, 2100090.0 ] ] ] } },
{ "type": "Feature", "properties": { "parcel_id": "P0077", "survey_no": "SRV-1077", "owner_name": "Mahesh Deshmukh", "area_sqm": 1200.0, "land_use": "Residential" }, "geometry": { "type": "Polygon", "coordinates": [ [ [ 300040.0, 2100090.0 ], [ 300080.0, 2100090.0 ], [ 300080.0, 2100120.0 ], [ 300040.0, 2100120.0 ], [ 300040.0, 2100090.0 ] ] ] } },
{ "type": "Feature", "properties": { "parcel_id": "P0078", "survey_no": "SRV-1078", "owner_name": "Suresh Patil", "area_sqm": 1200.0, "land_use": "Vacant" }, "geometry": { "type": "Polygon", "coordinates": [ [ [ 300080.0, 2100090.0 ], [ 300120.0, 2100090.0 ], [ 300120.0, 2100120.0 ], [ 300080.0, 2100120.0 ], [ 300080.0, 2100090.0 ] ] ] } },
{ "type": "Feature", "properties": { "parcel_id": "P0079", "survey_no": "SRV-1079", "owner_name": "Suresh Patil", "area_sqm": 1200.0, "land_use": "Commercial" }, "geometry": { "type": "Polygon", "coordinates": [ [ [ 300120.0, 2100090.0 ], [ 300160.0, 2100090.0 ], [ 300160.0, 2100120.0 ], [ 300120.0, 2100120.0 ], [ 300120.0, 2100090.0 ] ] ] } },
{ "type": "Feature", "properties": { "parcel_id": "P0080", "survey_no": "SRV-1080", "owner_name": "Amit Sharma", "area_sqm": 1200.0, "land_use": "Vacant" }, "geometry": { "type": "Polygon", "coordinates": [ [ [ 300160.0, 2100090.0 ], [ 300200.0, 2100090.0 ], [ 300200.0, 2100120.0 ], [ 300160.0, 2100120.0 ], [ 300160.0, 2100090.0 ] ] ] } },
{ "type": "Feature", "properties": { "parcel_id": "P0081", "survey_no": "SRV-1081", "owner_name": "Sunita Pawar", "area_sqm": 1200.0, "land_use": "Commercial" }, "geometry": { "type": "Polygon", "coordinates": [ [ [ 300200.0, 2100090.0 ], [ 300240.0, 2100090.0 ], [ 300240.0, 2100120.0 ], [ 300200.0, 2100120.0 ], [ 300200.0, 2100090.0 ] ] ] } },
{ "type": "Feature", "properties": { "parcel_id": "P0082", "survey_no": "SRV-1082", "owner_name": "Neha Verma", "area_sqm": 1200.0, "land_use": "Vacant" }, "geometry": { "type": "Polygon", "coordinates": [ [ [ 300240.0, 2100090.0 ], [ 300280.0, 2100090.0 ], [ 300280.0, 2100120.0 ], [ 300240.0, 2100120.0 ], [ 300240.0, 2100090.0 ] ] ] } },
{ "type": "Feature", "properties": { "parcel_id": "P0083", "survey_no": "SRV-1083", "owner_name": "Priya Singh", "area_sqm": 1200.0, "land_use": "Commercial" }, "geometry": { "type": "Polygon", "coordinates": [ [ [ 300280.0, 2100090.0 ], [ 300320.0, 2100090.0 ], [ 300320.0, 2100120.0 ], [ 300280.0, 2100120.0 ], [ 300280.0, 2100090.0 ] ] ] } },
{ "type": "Feature", "properties": { "parcel_id": "P0084", "survey_no": "SRV-1084", "owner_name": "Neha Verma", "area_sqm": 1200.0, "land_use": "Vacant" }, "geometry": { "type": "Polygon", "coordinates": [ [ [ 300320.0, 2100090.0 ], [ 300360.0, 2100090.0 ], [ 300360.0, 2100120.0 ], [ 300320.0, 2100120.0 ], [ 300320.0, 2100090.0 ] ] ] } },
{ "type": "Feature", "properties": { "parcel_id": "P0085", "survey_no": "SRV-1085", "owner_name": "Vijay More", "area_sqm": 1200.0, "land_use": "Vacant" }, "geometry": { "type": "Polygon", "coordinates": [ [ [ 300360.0, 2100090.0 ], [ 300400.0, 2100090.0 ], [ 300400.0, 2100120.0 ], [ 300360.0, 2100120.0 ], [ 300360.0, 2100090.0 ] ] ] } },
{ "type": "Feature", "properties": { "parcel_id": "P0086", "survey_no": "SRV-1086", "owner_name": "Sunita Pawar", "area_sqm": 1200.0, "land_use": "Vacant" }, "geometry": { "type": "Polygon", "coordinates": [ [ [ 300400.0, 2100090.0 ], [ 300440.0, 2100090.0 ], [ 300440.0, 2100120.0 ], [ 300400.0, 2100120.0 ], [ 300400.0, 2100090.0 ] ] ] } },
{ "type": "Feature", "properties": { "parcel_id": "P0087", "survey_no": "SRV-1087", "owner_name": "Suresh Patil", "area_sqm": 1200.0, "land_use": "Commercial" }, "geometry": { "type": "Polygon", "coordinates": [ [ [ 300440.0, 2100090.0 ], [ 300480.0, 2100090.0 ], [ 300480.0, 2100120.0 ], [ 300440.0, 2100120.0 ], [ 300440.0, 2100090.0 ] ] ] } },
{ "type": "Feature", "properties": { "parcel_id": "P0088", "survey_no": "SRV-1088", "owner_name": "Priya Singh", "area_sqm": 1200.0, "land_use": "Residential" }, "geometry": { "type": "Polygon", "coordinates": [ [ [ 300480.0, 2100090.0 ], [ 300520.0, 2100090.0 ], [ 300520.0, 2100120.0 ], [ 300480.0, 2100120.0 ], [ 300480.0, 2100090.0 ] ] ] } },
{ "type": "Feature", "properties": { "parcel_id": "P0089", "survey_no": "SRV-1089", "owner_name": "Vijay More", "area_sqm": 1200.0, "land_use": "Residential" }, "geometry": { "type": "Polygon", "coordinates": [ [ [ 300520.0, 2100090.0 ], [ 300560.0, 2100090.0 ], [ 300560.0, 2100120.0 ], [ 300520.0, 2100120.0 ], [ 300520.0, 2100090.0 ] ] ] } },
{ "type": "Feature", "properties": { "parcel_id": "P0090", "survey_no": "SRV-1090", "owner_name": "Mahesh Deshmukh", "area_sqm": 1200.0, "land_use": "Commercial" }, "geometry": { "type": "Polygon", "coordinates": [ [ [ 300560.0, 2100090.0 ], [ 300600.0, 2100090.0 ], [ 300600.0, 2100120.0 ], [ 300560.0, 2100120.0 ], [ 300560.0, 2100090.0 ] ] ] } },
{ "type": "Feature", "properties": { "parcel_id": "P0091", "survey_no": "SRV-1091", "owner_name": "Mahesh Deshmukh", "area_sqm": 1200.0, "land_use": "Commercial" }, "geometry": { "type": "Polygon", "coordinates": [ [ [ 300600.0, 2100090.0 ], [ 300640.0, 2100090.0 ], [ 300640.0, 2100120.0 ], [ 300600.0, 2100120.0 ], [ 300600.0, 2100090.0 ] ] ] } },
{ "type": "Feature", "properties": { "parcel_id": "P0092", "survey_no": "SRV-1092", "owner_name": "Rajesh Kumar", "area_sqm": 1200.0, "land_use": "Residential" }, "geometry": { "type": "Polygon", "coordinates": [ [ [ 300640.0, 2100090.0 ], [ 300680.0, 2100090.0 ], [ 300680.0, 2100120.0 ], [ 300640.0, 2100120.0 ], [ 300640.0, 2100090.0 ] ] ] } },
{ "type": "Feature", "properties": { "parcel_id": "P0093", "survey_no": "SRV-1093", "owner_name": "Rajesh Kumar", "area_sqm": 1200.0, "land_use": "Commercial" }, "geometry": { "type": "Polygon", "coordinates": [ [ [ 300680.0, 2100090.0 ], [ 300720.0, 2100090.0 ], [ 300720.0, 2100120.0 ], [ 300680.0, 2100120.0 ], [ 300680.0, 2100090.0 ] ] ] } },
{ "type": "Feature", "properties": { "parcel_id": "P0094", "survey_no": "SRV-1094", "owner_name": "Suresh Patil", "area_sqm": 1200.0, "land_use": "Residential" }, "geometry": { "type": "Polygon", "coordinates": [ [ [ 300720.0, 2100090.0 ], [ 300760.0, 2100090.0 ], [ 300760.0, 2100120.0 ], [ 300720.0, 2100120.0 ], [ 300720.0, 2100090.0 ] ] ] } },
{ "type": "Feature", "properties": { "parcel_id": "P0095", "survey_no": "SRV-1095", "owner_name": "Vijay More", "area_sqm": 1200.0, "land_use": "Residential" }, "geometry": { "type": "Polygon", "coordinates": [ [ [ 300760.0, 2100090.0 ], [ 300800.0, 2100090.0 ], [ 300800.0, 2100120.0 ], [ 300760.0, 2100120.0 ], [ 300760.0, 2100090.0 ] ] ] } },
{ "type": "Feature", "properties": { "parcel_id": "P0096", "survey_no": "SRV-1096", "owner_name": "Sunita Pawar", "area_sqm": 1200.0, "land_use": "Commercial" }, "geometry": { "type": "Polygon", "coordinates": [ [ [ 300800.0, 2100090.0 ], [ 300840.0, 2100090.0 ], [ 300840.0, 2100120.0 ], [ 300800.0, 2100120.0 ], [ 300800.0, 2100090.0 ] ] ] } },
{ "type": "Feature", "properties": { "parcel_id": "P0097", "survey_no": "SRV-1097", "owner_name": "Neha Verma", "area_sqm": 1200.0, "land_use": "Vacant" }, "geometry": { "type": "Polygon", "coordinates": [ [ [ 300840.0, 2100090.0 ], [ 300880.0, 2100090.0 ], [ 300880.0, 2100120.0 ], [ 300840.0, 2100120.0 ], [ 300840.0, 2100090.0 ] ] ] } },
{ "type": "Feature", "properties": { "parcel_id": "P0098", "survey_no": "SRV-1098", "owner_name": "Priya Singh", "area_sqm": 1200.0, "land_use": "Commercial" }, "geometry": { "type": "Polygon", "coordinates": [ [ [ 300880.0, 2100090.0 ], [ 300920.0, 2100090.0 ], [ 300920.0, 2100120.0 ], [ 300880.0, 2100120.0 ], [ 300880.0, 2100090.0 ] ] ] } },
{ "type": "Feature", "properties": { "parcel_id": "P0099", "survey_no": "SRV-1099", "owner_name": "Mahesh Deshmukh", "area_sqm": 1200.0, "land_use": "Vacant" }, "geometry": { "type": "Polygon", "coordinates": [ [ [ 300920.0, 2100090.0 ], [ 300960.0, 2100090.0 ], [ 300960.0, 2100120.0 ], [ 300920.0, 2100120.0 ], [ 300920.0, 2100090.0 ] ] ] } },
{ "type": "Feature", "properties": { "parcel_id": "P0100", "survey_no": "SRV-1100", "owner_name": "Priya Singh", "area_sqm": 1200.0, "land_use": "Vacant" }, "geometry": { "type": "Polygon", "coordinates": [ [ [ 300960.0, 2100090.0 ], [ 301000.0, 2100090.0 ], [ 301000.0, 2100120.0 ], [ 300960.0, 2100120.0 ], [ 300960.0, 2100090.0 ] ] ] } },
{ "type": "Feature", "properties": { "parcel_id": "P0101", "survey_no": "SRV-1101", "owner_name": "Anita Joshi", "area_sqm": 1200.0, "land_use": "Commercial" }, "geometry": { "type": "Polygon", "coordinates": [ [ [ 300000.0, 2100120.0 ], [ 300040.0, 2100120.0 ], [ 300040.0, 2100150.0 ], [ 300000.0, 2100150.0 ], [ 300000.0, 2100120.0 ] ] ] } },
{ "type": "Feature", "properties": { "parcel_id": "P0102", "survey_no": "SRV-1102", "owner_name": "Suresh Patil", "area_sqm": 1200.0, "land_use": "Residential" }, "geometry": { "type": "Polygon", "coordinates": [ [ [ 300040.0, 2100120.0 ], [ 300080.0, 2100120.0 ], [ 300080.0, 2100150.0 ], [ 300040.0, 2100150.0 ], [ 300040.0, 2100120.0 ] ] ] } },
{ "type": "Feature", "properties": { "parcel_id": "P0103", "survey_no": "SRV-1103", "owner_name": "Anita Joshi", "area_sqm": 1200.0, "land_use": "Mixed Use" }, "geometry": { "type": "Polygon", "coordinates": [ [ [ 300080.0, 2100120.0 ], [ 300120.0, 2100120.0 ], [ 300120.0, 2100150.0 ], [ 300080.0, 2100150.0 ], [ 300080.0, 2100120.0 ] ] ] } },
{ "type": "Feature", "properties": { "parcel_id": "P0104", "survey_no": "SRV-1104", "owner_name": "Anita Joshi", "area_sqm": 1200.0, "land_use": "Vacant" }, "geometry": { "type": "Polygon", "coordinates": [ [ [ 300120.0, 2100120.0 ], [ 300160.0, 2100120.0 ], [ 300160.0, 2100150.0 ], [ 300120.0, 2100150.0 ], [ 300120.0, 2100120.0 ] ] ] } },
{ "type": "Feature", "properties": { "parcel_id": "P0105", "survey_no": "SRV-1105", "owner_name": "Rohit Kulkarni", "area_sqm": 1200.0, "land_use": "Residential" }, "geometry": { "type": "Polygon", "coordinates": [ [ [ 300160.0, 2100120.0 ], [ 300200.0, 2100120.0 ], [ 300200.0, 2100150.0 ], [ 300160.0, 2100150.0 ], [ 300160.0, 2100120.0 ] ] ] } },
{ "type": "Feature", "properties": { "parcel_id": "P0106", "survey_no": "SRV-1106", "owner_name": "Suresh Patil", "area_sqm": 1200.0, "land_use": "Residential" }, "geometry": { "type": "Polygon", "coordinates": [ [ [ 300200.0, 2100120.0 ], [ 300240.0, 2100120.0 ], [ 300240.0, 2100150.0 ], [ 300200.0, 2100150.0 ], [ 300200.0, 2100120.0 ] ] ] } },
{ "type": "Feature", "properties": { "parcel_id": "P0107", "survey_no": "SRV-1107", "owner_name": "Anita Joshi", "area_sqm": 1200.0, "land_use": "Mixed Use" }, "geometry": { "type": "Polygon", "coordinates": [ [ [ 300240.0, 2100120.0 ], [ 300280.0, 2100120.0 ], [ 300280.0, 2100150.0 ], [ 300240.0, 2100150.0 ], [ 300240.0, 2100120.0 ] ] ] } },
{ "type": "Feature", "properties": { "parcel_id": "P0108", "survey_no": "SRV-1108", "owner_name": "Suresh Patil", "area_sqm": 1200.0, "land_use": "Commercial" }, "geometry": { "type": "Polygon", "coordinates": [ [ [ 300280.0, 2100120.0 ], [ 300320.0, 2100120.0 ], [ 300320.0, 2100150.0 ], [ 300280.0, 2100150.0 ], [ 300280.0, 2100120.0 ] ] ] } },
{ "type": "Feature", "properties": { "parcel_id": "P0109", "survey_no": "SRV-1109", "owner_name": "Priya Singh", "area_sqm": 1200.0, "land_use": "Commercial" }, "geometry": { "type": "Polygon", "coordinates": [ [ [ 300320.0, 2100120.0 ], [ 300360.0, 2100120.0 ], [ 300360.0, 2100150.0 ], [ 300320.0, 2100150.0 ], [ 300320.0, 2100120.0 ] ] ] } },
{ "type": "Feature", "properties": { "parcel_id": "P0110", "survey_no": "SRV-1110", "owner_name": "Sunita Pawar", "area_sqm": 1200.0, "land_use": "Vacant" }, "geometry": { "type": "Polygon", "coordinates": [ [ [ 300360.0, 2100120.0 ], [ 300400.0, 2100120.0 ], [ 300400.0, 2100150.0 ], [ 300360.0, 2100150.0 ], [ 300360.0, 2100120.0 ] ] ] } },
{ "type": "Feature", "properties": { "parcel_id": "P0111", "survey_no": "SRV-1111", "owner_name": "Amit Sharma", "area_sqm": 1200.0, "land_use": "Vacant" }, "geometry": { "type": "Polygon", "coordinates": [ [ [ 300400.0, 2100120.0 ], [ 300440.0, 2100120.0 ], [ 300440.0, 2100150.0 ], [ 300400.0, 2100150.0 ], [ 300400.0, 2100120.0 ] ] ] } },
{ "type": "Feature", "properties": { "parcel_id": "P0112", "survey_no": "SRV-1112", "owner_name": "Amit Sharma", "area_sqm": 1200.0, "land_use": "Mixed Use" }, "geometry": { "type": "Polygon", "coordinates": [ [ [ 300440.0, 2100120.0 ], [ 300480.0, 2100120.0 ], [ 300480.0, 2100150.0 ], [ 300440.0, 2100150.0 ], [ 300440.0, 2100120.0 ] ] ] } },
{ "type": "Feature", "properties": { "parcel_id": "P0113", "survey_no": "SRV-1113", "owner_name": "Rohit Kulkarni", "area_sqm": 1200.0, "land_use": "Commercial" }, "geometry": { "type": "Polygon", "coordinates": [ [ [ 300480.0, 2100120.0 ], [ 300520.0, 2100120.0 ], [ 300520.0, 2100150.0 ], [ 300480.0, 2100150.0 ], [ 300480.0, 2100120.0 ] ] ] } },
{ "type": "Feature", "properties": { "parcel_id": "P0114", "survey_no": "SRV-1114", "owner_name": "Suresh Patil", "area_sqm": 1200.0, "land_use": "Vacant" }, "geometry": { "type": "Polygon", "coordinates": [ [ [ 300520.0, 2100120.0 ], [ 300560.0, 2100120.0 ], [ 300560.0, 2100150.0 ], [ 300520.0, 2100150.0 ], [ 300520.0, 2100120.0 ] ] ] } },
{ "type": "Feature", "properties": { "parcel_id": "P0115", "survey_no": "SRV-1115", "owner_name": "Sunita Pawar", "area_sqm": 1200.0, "land_use": "Residential" }, "geometry": { "type": "Polygon", "coordinates": [ [ [ 300560.0, 2100120.0 ], [ 300600.0, 2100120.0 ], [ 300600.0, 2100150.0 ], [ 300560.0, 2100150.0 ], [ 300560.0, 2100120.0 ] ] ] } },
{ "type": "Feature", "properties": { "parcel_id": "P0116", "survey_no": "SRV-1116", "owner_name": "Rajesh Kumar", "area_sqm": 1200.0, "land_use": "Residential" }, "geometry": { "type": "Polygon", "coordinates": [ [ [ 300600.0, 2100120.0 ], [ 300640.0, 2100120.0 ], [ 300640.0, 2100150.0 ], [ 300600.0, 2100150.0 ], [ 300600.0, 2100120.0 ] ] ] } },
{ "type": "Feature", "properties": { "parcel_id": "P0117", "survey_no": "SRV-1117", "owner_name": "Suresh Patil", "area_sqm": 1200.0, "land_use": "Commercial" }, "geometry": { "type": "Polygon", "coordinates": [ [ [ 300640.0, 2100120.0 ], [ 300680.0, 2100120.0 ], [ 300680.0, 2100150.0 ], [ 300640.0, 2100150.0 ], [ 300640.0, 2100120.0 ] ] ] } },
{ "type": "Feature", "properties": { "parcel_id": "P0118", "survey_no": "SRV-1118", "owner_name": "Amit Sharma", "area_sqm": 1200.0, "land_use": "Vacant" }, "geometry": { "type": "Polygon", "coordinates": [ [ [ 300680.0, 2100120.0 ], [ 300720.0, 2100120.0 ], [ 300720.0, 2100150.0 ], [ 300680.0, 2100150.0 ], [ 300680.0, 2100120.0 ] ] ] } },
{ "type": "Feature", "properties": { "parcel_id": "P0119", "survey_no": "SRV-1119", "owner_name": "Rohit Kulkarni", "area_sqm": 1200.0, "land_use": "Vacant" }, "geometry": { "type": "Polygon", "coordinates": [ [ [ 300720.0, 2100120.0 ], [ 300760.0, 2100120.0 ], [ 300760.0, 2100150.0 ], [ 300720.0, 2100150.0 ], [ 300720.0, 2100120.0 ] ] ] } },
{ "type": "Feature", "properties": { "parcel_id": "P0120", "survey_no": "SRV-1120", "owner_name": "Priya Singh", "area_sqm": 1200.0, "land_use": "Vacant" }, "geometry": { "type": "Polygon", "coordinates": [ [ [ 300760.0, 2100120.0 ], [ 300800.0, 2100120.0 ], [ 300800.0, 2100150.0 ], [ 300760.0, 2100150.0 ], [ 300760.0, 2100120.0 ] ] ] } },
{ "type": "Feature", "properties": { "parcel_id": "P0121", "survey_no": "SRV-1121", "owner_name": "Rajesh Kumar", "area_sqm": 1200.0, "land_use": "Commercial" }, "geometry": { "type": "Polygon", "coordinates": [ [ [ 300800.0, 2100120.0 ], [ 300840.0, 2100120.0 ], [ 300840.0, 2100150.0 ], [ 300800.0, 2100150.0 ], [ 300800.0, 2100120.0 ] ] ] } },
{ "type": "Feature", "properties": { "parcel_id": "P0122", "survey_no": "SRV-1122", "owner_name": "Anita Joshi", "area_sqm": 1200.0, "land_use": "Residential" }, "geometry": { "type": "Polygon", "coordinates": [ [ [ 300840.0, 2100120.0 ], [ 300880.0, 2100120.0 ], [ 300880.0, 2100150.0 ], [ 300840.0, 2100150.0 ], [ 300840.0, 2100120.0 ] ] ] } },
{ "type": "Feature", "properties": { "parcel_id": "P0123", "survey_no": "SRV-1123", "owner_name": "Anita Joshi", "area_sqm": 1200.0, "land_use": "Mixed Use" }, "geometry": { "type": "Polygon", "coordinates": [ [ [ 300880.0, 2100120.0 ], [ 300920.0, 2100120.0 ], [ 300920.0, 2100150.0 ], [ 300880.0, 2100150.0 ], [ 300880.0, 2100120.0 ] ] ] } },
{ "type": "Feature", "properties": { "parcel_id": "P0124", "survey_no": "SRV-1124", "owner_name": "Rohit Kulkarni", "area_sqm": 1200.0, "land_use": "Mixed Use" }, "geometry": { "type": "Polygon", "coordinates": [ [ [ 300920.0, 2100120.0 ], [ 300960.0, 2100120.0 ], [ 300960.0, 2100150.0 ], [ 300920.0, 2100150.0 ], [ 300920.0, 2100120.0 ] ] ] } },
{ "type": "Feature", "properties": { "parcel_id": "P0125", "survey_no": "SRV-1125", "owner_name": "Anita Joshi", "area_sqm": 1200.0, "land_use": "Vacant" }, "geometry": { "type": "Polygon", "coordinates": [ [ [ 300960.0, 2100120.0 ], [ 301000.0, 2100120.0 ], [ 301000.0, 2100150.0 ], [ 300960.0, 2100150.0 ], [ 300960.0, 2100120.0 ] ] ] } },
{ "type": "Feature", "properties": { "parcel_id": "P0126", "survey_no": "SRV-1126", "owner_name": "Amit Sharma", "area_sqm": 1200.0, "land_use": "Commercial" }, "geometry": { "type": "Polygon", "coordinates": [ [ [ 300000.0, 2100150.0 ], [ 300040.0, 2100150.0 ], [ 300040.0, 2100180.0 ], [ 300000.0, 2100180.0 ], [ 300000.0, 2100150.0 ] ] ] } },
{ "type": "Feature", "properties": { "parcel_id": "P0127", "survey_no": "SRV-1127", "owner_name": "Neha Verma", "area_sqm": 1200.0, "land_use": "Commercial" }, "geometry": { "type": "Polygon", "coordinates": [ [ [ 300040.0, 2100150.0 ], [ 300080.0, 2100150.0 ], [ 300080.0, 2100180.0 ], [ 300040.0, 2100180.0 ], [ 300040.0, 2100150.0 ] ] ] } },
{ "type": "Feature", "properties": { "parcel_id": "P0128", "survey_no": "SRV-1128", "owner_name": "Rajesh Kumar", "area_sqm": 1200.0, "land_use": "Residential" }, "geometry": { "type": "Polygon", "coordinates": [ [ [ 300080.0, 2100150.0 ], [ 300120.0, 2100150.0 ], [ 300120.0, 2100180.0 ], [ 300080.0, 2100180.0 ], [ 300080.0, 2100150.0 ] ] ] } },
{ "type": "Feature", "properties": { "parcel_id": "P0129", "survey_no": "SRV-1129", "owner_name": "Vijay More", "area_sqm": 1200.0, "land_use": "Residential" }, "geometry": { "type": "Polygon", "coordinates": [ [ [ 300120.0, 2100150.0 ], [ 300160.0, 2100150.0 ], [ 300160.0, 2100180.0 ], [ 300120.0, 2100180.0 ], [ 300120.0, 2100150.0 ] ] ] } },
{ "type": "Feature", "properties": { "parcel_id": "P0130", "survey_no": "SRV-1130", "owner_name": "Rajesh Kumar", "area_sqm": 1200.0, "land_use": "Vacant" }, "geometry": { "type": "Polygon", "coordinates": [ [ [ 300160.0, 2100150.0 ], [ 300200.0, 2100150.0 ], [ 300200.0, 2100180.0 ], [ 300160.0, 2100180.0 ], [ 300160.0, 2100150.0 ] ] ] } },
{ "type": "Feature", "properties": { "parcel_id": "P0131", "survey_no": "SRV-1131", "owner_name": "Sunita Pawar", "area_sqm": 1200.0, "land_use": "Commercial" }, "geometry": { "type": "Polygon", "coordinates": [ [ [ 300200.0, 2100150.0 ], [ 300240.0, 2100150.0 ], [ 300240.0, 2100180.0 ], [ 300200.0, 2100180.0 ], [ 300200.0, 2100150.0 ] ] ] } },
{ "type": "Feature", "properties": { "parcel_id": "P0132", "survey_no": "SRV-1132", "owner_name": "Rajesh Kumar", "area_sqm": 1200.0, "land_use": "Residential" }, "geometry": { "type": "Polygon", "coordinates": [ [ [ 300240.0, 2100150.0 ], [ 300280.0, 2100150.0 ], [ 300280.0, 2100180.0 ], [ 300240.0, 2100180.0 ], [ 300240.0, 2100150.0 ] ] ] } },
{ "type": "Feature", "properties": { "parcel_id": "P0133", "survey_no": "SRV-1133", "owner_name": "Amit Sharma", "area_sqm": 1200.0, "land_use": "Residential" }, "geometry": { "type": "Polygon", "coordinates": [ [ [ 300280.0, 2100150.0 ], [ 300320.0, 2100150.0 ], [ 300320.0, 2100180.0 ], [ 300280.0, 2100180.0 ], [ 300280.0, 2100150.0 ] ] ] } },
{ "type": "Feature", "properties": { "parcel_id": "P0134", "survey_no": "SRV-1134", "owner_name": "Mahesh Deshmukh", "area_sqm": 1200.0, "land_use": "Residential" }, "geometry": { "type": "Polygon", "coordinates": [ [ [ 300320.0, 2100150.0 ], [ 300360.0, 2100150.0 ], [ 300360.0, 2100180.0 ], [ 300320.0, 2100180.0 ], [ 300320.0, 2100150.0 ] ] ] } },
{ "type": "Feature", "properties": { "parcel_id": "P0135", "survey_no": "SRV-1135", "owner_name": "Priya Singh", "area_sqm": 1200.0, "land_use": "Vacant" }, "geometry": { "type": "Polygon", "coordinates": [ [ [ 300360.0, 2100150.0 ], [ 300400.0, 2100150.0 ], [ 300400.0, 2100180.0 ], [ 300360.0, 2100180.0 ], [ 300360.0, 2100150.0 ] ] ] } },
{ "type": "Feature", "properties": { "parcel_id": "P0136", "survey_no": "SRV-1136", "owner_name": "Suresh Patil", "area_sqm": 1200.0, "land_use": "Commercial" }, "geometry": { "type": "Polygon", "coordinates": [ [ [ 300400.0, 2100150.0 ], [ 300440.0, 2100150.0 ], [ 300440.0, 2100180.0 ], [ 300400.0, 2100180.0 ], [ 300400.0, 2100150.0 ] ] ] } },
{ "type": "Feature", "properties": { "parcel_id": "P0137", "survey_no": "SRV-1137", "owner_name": "Mahesh Deshmukh", "area_sqm": 1200.0, "land_use": "Residential" }, "geometry": { "type": "Polygon", "coordinates": [ [ [ 300440.0, 2100150.0 ], [ 300480.0, 2100150.0 ], [ 300480.0, 2100180.0 ], [ 300440.0, 2100180.0 ], [ 300440.0, 2100150.0 ] ] ] } },
{ "type": "Feature", "properties": { "parcel_id": "P0138", "survey_no": "SRV-1138", "owner_name": "Mahesh Deshmukh", "area_sqm": 1200.0, "land_use": "Residential" }, "geometry": { "type": "Polygon", "coordinates": [ [ [ 300480.0, 2100150.0 ], [ 300520.0, 2100150.0 ], [ 300520.0, 2100180.0 ], [ 300480.0, 2100180.0 ], [ 300480.0, 2100150.0 ] ] ] } },
{ "type": "Feature", "properties": { "parcel_id": "P0139", "survey_no": "SRV-1139", "owner_name": "Anita Joshi", "area_sqm": 1200.0, "land_use": "Mixed Use" }, "geometry": { "type": "Polygon", "coordinates": [ [ [ 300520.0, 2100150.0 ], [ 300560.0, 2100150.0 ], [ 300560.0, 2100180.0 ], [ 300520.0, 2100180.0 ], [ 300520.0, 2100150.0 ] ] ] } },
{ "type": "Feature", "properties": { "parcel_id": "P0140", "survey_no": "SRV-1140", "owner_name": "Neha Verma", "area_sqm": 1200.0, "land_use": "Commercial" }, "geometry": { "type": "Polygon", "coordinates": [ [ [ 300560.0, 2100150.0 ], [ 300600.0, 2100150.0 ], [ 300600.0, 2100180.0 ], [ 300560.0, 2100180.0 ], [ 300560.0, 2100150.0 ] ] ] } },
{ "type": "Feature", "properties": { "parcel_id": "P0141", "survey_no": "SRV-1141", "owner_name": "Vijay More", "area_sqm": 1200.0, "land_use": "Commercial" }, "geometry": { "type": "Polygon", "coordinates": [ [ [ 300600.0, 2100150.0 ], [ 300640.0, 2100150.0 ], [ 300640.0, 2100180.0 ], [ 300600.0, 2100180.0 ], [ 300600.0, 2100150.0 ] ] ] } },
{ "type": "Feature", "properties": { "parcel_id": "P0142", "survey_no": "SRV-1142", "owner_name": "Neha Verma", "area_sqm": 1200.0, "land_use": "Vacant" }, "geometry": { "type": "Polygon", "coordinates": [ [ [ 300640.0, 2100150.0 ], [ 300680.0, 2100150.0 ], [ 300680.0, 2100180.0 ], [ 300640.0, 2100180.0 ], [ 300640.0, 2100150.0 ] ] ] } },
{ "type": "Feature", "properties": { "parcel_id": "P0143", "survey_no": "SRV-1143", "owner_name": "Amit Sharma", "area_sqm": 1200.0, "land_use": "Mixed Use" }, "geometry": { "type": "Polygon", "coordinates": [ [ [ 300680.0, 2100150.0 ], [ 300720.0, 2100150.0 ], [ 300720.0, 2100180.0 ], [ 300680.0, 2100180.0 ], [ 300680.0, 2100150.0 ] ] ] } },
{ "type": "Feature", "properties": { "parcel_id": "P0144", "survey_no": "SRV-1144", "owner_name": "Rohit Kulkarni", "area_sqm": 1200.0, "land_use": "Mixed Use" }, "geometry": { "type": "Polygon", "coordinates": [ [ [ 300720.0, 2100150.0 ], [ 300760.0, 2100150.0 ], [ 300760.0, 2100180.0 ], [ 300720.0, 2100180.0 ], [ 300720.0, 2100150.0 ] ] ] } },
{ "type": "Feature", "properties": { "parcel_id": "P0145", "survey_no": "SRV-1145", "owner_name": "Suresh Patil", "area_sqm": 1200.0, "land_use": "Residential" }, "geometry": { "type": "Polygon", "coordinates": [ [ [ 300760.0, 2100150.0 ], [ 300800.0, 2100150.0 ], [ 300800.0, 2100180.0 ], [ 300760.0, 2100180.0 ], [ 300760.0, 2100150.0 ] ] ] } },
{ "type": "Feature", "properties": { "parcel_id": "P0146", "survey_no": "SRV-1146", "owner_name": "Rohit Kulkarni", "area_sqm": 1200.0, "land_use": "Residential" }, "geometry": { "type": "Polygon", "coordinates": [ [ [ 300800.0, 2100150.0 ], [ 300840.0, 2100150.0 ], [ 300840.0, 2100180.0 ], [ 300800.0, 2100180.0 ], [ 300800.0, 2100150.0 ] ] ] } },
{ "type": "Feature", "properties": { "parcel_id": "P0147", "survey_no": "SRV-1147", "owner_name": "Suresh Patil", "area_sqm": 1200.0, "land_use": "Commercial" }, "geometry": { "type": "Polygon", "coordinates": [ [ [ 300840.0, 2100150.0 ], [ 300880.0, 2100150.0 ], [ 300880.0, 2100180.0 ], [ 300840.0, 2100180.0 ], [ 300840.0, 2100150.0 ] ] ] } },
{ "type": "Feature", "properties": { "parcel_id": "P0148", "survey_no": "SRV-1148", "owner_name": "Sunita Pawar", "area_sqm": 1200.0, "land_use": "Mixed Use" }, "geometry": { "type": "Polygon", "coordinates": [ [ [ 300880.0, 2100150.0 ], [ 300920.0, 2100150.0 ], [ 300920.0, 2100180.0 ], [ 300880.0, 2100180.0 ], [ 300880.0, 2100150.0 ] ] ] } },
{ "type": "Feature", "properties": { "parcel_id": "P0149", "survey_no": "SRV-1149", "owner_name": "Amit Sharma", "area_sqm": 1200.0, "land_use": "Mixed Use" }, "geometry": { "type": "Polygon", "coordinates": [ [ [ 300920.0, 2100150.0 ], [ 300960.0, 2100150.0 ], [ 300960.0, 2100180.0 ], [ 300920.0, 2100180.0 ], [ 300920.0, 2100150.0 ] ] ] } },
{ "type": "Feature", "properties": { "parcel_id": "P0150", "survey_no": "SRV-1150", "owner_name": "Suresh Patil", "area_sqm": 1200.0, "land_use": "Commercial" }, "geometry": { "type": "Polygon", "coordinates": [ [ [ 300960.0, 2100150.0 ], [ 301000.0, 2100150.0 ], [ 301000.0, 2100180.0 ], [ 300960.0, 2100180.0 ], [ 300960.0, 2100150.0 ] ] ] } },
{ "type": "Feature", "properties": { "parcel_id": "P0151", "survey_no": "SRV-1151", "owner_name": "Vijay More", "area_sqm": 1200.0, "land_use": "Mixed Use" }, "geometry": { "type": "Polygon", "coordinates": [ [ [ 300000.0, 2100180.0 ], [ 300040.0, 2100180.0 ], [ 300040.0, 2100210.0 ], [ 300000.0, 2100210.0 ], [ 300000.0, 2100180.0 ] ] ] } },
{ "type": "Feature", "properties": { "parcel_id": "P0152", "survey_no": "SRV-1152", "owner_name": "Amit Sharma", "area_sqm": 1200.0, "land_use": "Vacant" }, "geometry": { "type": "Polygon", "coordinates": [ [ [ 300040.0, 2100180.0 ], [ 300080.0, 2100180.0 ], [ 300080.0, 2100210.0 ], [ 300040.0, 2100210.0 ], [ 300040.0, 2100180.0 ] ] ] } },
{ "type": "Feature", "properties": { "parcel_id": "P0153", "survey_no": "SRV-1153", "owner_name": "Sunita Pawar", "area_sqm": 1200.0, "land_use": "Mixed Use" }, "geometry": { "type": "Polygon", "coordinates": [ [ [ 300080.0, 2100180.0 ], [ 300120.0, 2100180.0 ], [ 300120.0, 2100210.0 ], [ 300080.0, 2100210.0 ], [ 300080.0, 2100180.0 ] ] ] } },
{ "type": "Feature", "properties": { "parcel_id": "P0154", "survey_no": "SRV-1154", "owner_name": "Mahesh Deshmukh", "area_sqm": 1200.0, "land_use": "Residential" }, "geometry": { "type": "Polygon", "coordinates": [ [ [ 300120.0, 2100180.0 ], [ 300160.0, 2100180.0 ], [ 300160.0, 2100210.0 ], [ 300120.0, 2100210.0 ], [ 300120.0, 2100180.0 ] ] ] } },
{ "type": "Feature", "properties": { "parcel_id": "P0155", "survey_no": "SRV-1155", "owner_name": "Sunita Pawar", "area_sqm": 1200.0, "land_use": "Mixed Use" }, "geometry": { "type": "Polygon", "coordinates": [ [ [ 300160.0, 2100180.0 ], [ 300200.0, 2100180.0 ], [ 300200.0, 2100210.0 ], [ 300160.0, 2100210.0 ], [ 300160.0, 2100180.0 ] ] ] } },
{ "type": "Feature", "properties": { "parcel_id": "P0156", "survey_no": "SRV-1156", "owner_name": "Suresh Patil", "area_sqm": 1200.0, "land_use": "Commercial" }, "geometry": { "type": "Polygon", "coordinates": [ [ [ 300200.0, 2100180.0 ], [ 300240.0, 2100180.0 ], [ 300240.0, 2100210.0 ], [ 300200.0, 2100210.0 ], [ 300200.0, 2100180.0 ] ] ] } },
{ "type": "Feature", "properties": { "parcel_id": "P0157", "survey_no": "SRV-1157", "owner_name": "Neha Verma", "area_sqm": 1200.0, "land_use": "Residential" }, "geometry": { "type": "Polygon", "coordinates": [ [ [ 300240.0, 2100180.0 ], [ 300280.0, 2100180.0 ], [ 300280.0, 2100210.0 ], [ 300240.0, 2100210.0 ], [ 300240.0, 2100180.0 ] ] ] } },
{ "type": "Feature", "properties": { "parcel_id": "P0158", "survey_no": "SRV-1158", "owner_name": "Suresh Patil", "area_sqm": 1200.0, "land_use": "Commercial" }, "geometry": { "type": "Polygon", "coordinates": [ [ [ 300280.0, 2100180.0 ], [ 300320.0, 2100180.0 ], [ 300320.0, 2100210.0 ], [ 300280.0, 2100210.0 ], [ 300280.0, 2100180.0 ] ] ] } },
{ "type": "Feature", "properties": { "parcel_id": "P0159", "survey_no": "SRV-1159", "owner_name": "Neha Verma", "area_sqm": 1200.0, "land_use": "Mixed Use" }, "geometry": { "type": "Polygon", "coordinates": [ [ [ 300320.0, 2100180.0 ], [ 300360.0, 2100180.0 ], [ 300360.0, 2100210.0 ], [ 300320.0, 2100210.0 ], [ 300320.0, 2100180.0 ] ] ] } },
{ "type": "Feature", "properties": { "parcel_id": "P0160", "survey_no": "SRV-1160", "owner_name": "Mahesh Deshmukh", "area_sqm": 1200.0, "land_use": "Commercial" }, "geometry": { "type": "Polygon", "coordinates": [ [ [ 300360.0, 2100180.0 ], [ 300400.0, 2100180.0 ], [ 300400.0, 2100210.0 ], [ 300360.0, 2100210.0 ], [ 300360.0, 2100180.0 ] ] ] } },
{ "type": "Feature", "properties": { "parcel_id": "P0161", "survey_no": "SRV-1161", "owner_name": "Vijay More", "area_sqm": 1200.0, "land_use": "Commercial" }, "geometry": { "type": "Polygon", "coordinates": [ [ [ 300400.0, 2100180.0 ], [ 300440.0, 2100180.0 ], [ 300440.0, 2100210.0 ], [ 300400.0, 2100210.0 ], [ 300400.0, 2100180.0 ] ] ] } },
{ "type": "Feature", "properties": { "parcel_id": "P0162", "survey_no": "SRV-1162", "owner_name": "Neha Verma", "area_sqm": 1200.0, "land_use": "Vacant" }, "geometry": { "type": "Polygon", "coordinates": [ [ [ 300440.0, 2100180.0 ], [ 300480.0, 2100180.0 ], [ 300480.0, 2100210.0 ], [ 300440.0, 2100210.0 ], [ 300440.0, 2100180.0 ] ] ] } },
{ "type": "Feature", "properties": { "parcel_id": "P0163", "survey_no": "SRV-1163", "owner_name": "Neha Verma", "area_sqm": 1200.0, "land_use": "Residential" }, "geometry": { "type": "Polygon", "coordinates": [ [ [ 300480.0, 2100180.0 ], [ 300520.0, 2100180.0 ], [ 300520.0, 2100210.0 ], [ 300480.0, 2100210.0 ], [ 300480.0, 2100180.0 ] ] ] } },
{ "type": "Feature", "properties": { "parcel_id": "P0164", "survey_no": "SRV-1164", "owner_name": "Suresh Patil", "area_sqm": 1200.0, "land_use": "Vacant" }, "geometry": { "type": "Polygon", "coordinates": [ [ [ 300520.0, 2100180.0 ], [ 300560.0, 2100180.0 ], [ 300560.0, 2100210.0 ], [ 300520.0, 2100210.0 ], [ 300520.0, 2100180.0 ] ] ] } },
{ "type": "Feature", "properties": { "parcel_id": "P0165", "survey_no": "SRV-1165", "owner_name": "Neha Verma", "area_sqm": 1200.0, "land_use": "Residential" }, "geometry": { "type": "Polygon", "coordinates": [ [ [ 300560.0, 2100180.0 ], [ 300600.0, 2100180.0 ], [ 300600.0, 2100210.0 ], [ 300560.0, 2100210.0 ], [ 300560.0, 2100180.0 ] ] ] } },
{ "type": "Feature", "properties": { "parcel_id": "P0166", "survey_no": "SRV-1166", "owner_name": "Rajesh Kumar", "area_sqm": 1200.0, "land_use": "Mixed Use" }, "geometry": { "type": "Polygon", "coordinates": [ [ [ 300600.0, 2100180.0 ], [ 300640.0, 2100180.0 ], [ 300640.0, 2100210.0 ], [ 300600.0, 2100210.0 ], [ 300600.0, 2100180.0 ] ] ] } },
{ "type": "Feature", "properties": { "parcel_id": "P0167", "survey_no": "SRV-1167", "owner_name": "Amit Sharma", "area_sqm": 1200.0, "land_use": "Mixed Use" }, "geometry": { "type": "Polygon", "coordinates": [ [ [ 300640.0, 2100180.0 ], [ 300680.0, 2100180.0 ], [ 300680.0, 2100210.0 ], [ 300640.0, 2100210.0 ], [ 300640.0, 2100180.0 ] ] ] } },
{ "type": "Feature", "properties": { "parcel_id": "P0168", "survey_no": "SRV-1168", "owner_name": "Amit Sharma", "area_sqm": 1200.0, "land_use": "Vacant" }, "geometry": { "type": "Polygon", "coordinates": [ [ [ 300680.0, 2100180.0 ], [ 300720.0, 2100180.0 ], [ 300720.0, 2100210.0 ], [ 300680.0, 2100210.0 ], [ 300680.0, 2100180.0 ] ] ] } },
{ "type": "Feature", "properties": { "parcel_id": "P0169", "survey_no": "SRV-1169", "owner_name": "Sunita Pawar", "area_sqm": 1200.0, "land_use": "Vacant" }, "geometry": { "type": "Polygon", "coordinates": [ [ [ 300720.0, 2100180.0 ], [ 300760.0, 2100180.0 ], [ 300760.0, 2100210.0 ], [ 300720.0, 2100210.0 ], [ 300720.0, 2100180.0 ] ] ] } },
{ "type": "Feature", "properties": { "parcel_id": "P0170", "survey_no": "SRV-1170", "owner_name": "Sunita Pawar", "area_sqm": 1200.0, "land_use": "Residential" }, "geometry": { "type": "Polygon", "coordinates": [ [ [ 300760.0, 2100180.0 ], [ 300800.0, 2100180.0 ], [ 300800.0, 2100210.0 ], [ 300760.0, 2100210.0 ], [ 300760.0, 2100180.0 ] ] ] } },
{ "type": "Feature", "properties": { "parcel_id": "P0171", "survey_no": "SRV-1171", "owner_name": "Suresh Patil", "area_sqm": 1200.0, "land_use": "Residential" }, "geometry": { "type": "Polygon", "coordinates": [ [ [ 300800.0, 2100180.0 ], [ 300840.0, 2100180.0 ], [ 300840.0, 2100210.0 ], [ 300800.0, 2100210.0 ], [ 300800.0, 2100180.0 ] ] ] } },
{ "type": "Feature", "properties": { "parcel_id": "P0172", "survey_no": "SRV-1172", "owner_name": "Amit Sharma", "area_sqm": 1200.0, "land_use": "Residential" }, "geometry": { "type": "Polygon", "coordinates": [ [ [ 300840.0, 2100180.0 ], [ 300880.0, 2100180.0 ], [ 300880.0, 2100210.0 ], [ 300840.0, 2100210.0 ], [ 300840.0, 2100180.0 ] ] ] } },
{ "type": "Feature", "properties": { "parcel_id": "P0173", "survey_no": "SRV-1173", "owner_name": "Vijay More", "area_sqm": 1200.0, "land_use": "Commercial" }, "geometry": { "type": "Polygon", "coordinates": [ [ [ 300880.0, 2100180.0 ], [ 300920.0, 2100180.0 ], [ 300920.0, 2100210.0 ], [ 300880.0, 2100210.0 ], [ 300880.0, 2100180.0 ] ] ] } },
{ "type": "Feature", "properties": { "parcel_id": "P0174", "survey_no": "SRV-1174", "owner_name": "Anita Joshi", "area_sqm": 1200.0, "land_use": "Commercial" }, "geometry": { "type": "Polygon", "coordinates": [ [ [ 300920.0, 2100180.0 ], [ 300960.0, 2100180.0 ], [ 300960.0, 2100210.0 ], [ 300920.0, 2100210.0 ], [ 300920.0, 2100180.0 ] ] ] } },
{ "type": "Feature", "properties": { "parcel_id": "P0175", "survey_no": "SRV-1175", "owner_name": "Rajesh Kumar", "area_sqm": 1200.0, "land_use": "Mixed Use" }, "geometry": { "type": "Polygon", "coordinates": [ [ [ 300960.0, 2100180.0 ], [ 301000.0, 2100180.0 ], [ 301000.0, 2100210.0 ], [ 300960.0, 2100210.0 ], [ 300960.0, 2100180.0 ] ] ] } },
{ "type": "Feature", "properties": { "parcel_id": "P0176", "survey_no": "SRV-1176", "owner_name": "Vijay More", "area_sqm": 1200.0, "land_use": "Residential" }, "geometry": { "type": "Polygon", "coordinates": [ [ [ 300000.0, 2100210.0 ], [ 300040.0, 2100210.0 ], [ 300040.0, 2100240.0 ], [ 300000.0, 2100240.0 ], [ 300000.0, 2100210.0 ] ] ] } },
{ "type": "Feature", "properties": { "parcel_id": "P0177", "survey_no": "SRV-1177", "owner_name": "Vijay More", "area_sqm": 1200.0, "land_use": "Commercial" }, "geometry": { "type": "Polygon", "coordinates": [ [ [ 300040.0, 2100210.0 ], [ 300080.0, 2100210.0 ], [ 300080.0, 2100240.0 ], [ 300040.0, 2100240.0 ], [ 300040.0, 2100210.0 ] ] ] } },
{ "type": "Feature", "properties": { "parcel_id": "P0178", "survey_no": "SRV-1178", "owner_name": "Priya Singh", "area_sqm": 1200.0, "land_use": "Residential" }, "geometry": { "type": "Polygon", "coordinates": [ [ [ 300080.0, 2100210.0 ], [ 300120.0, 2100210.0 ], [ 300120.0, 2100240.0 ], [ 300080.0, 2100240.0 ], [ 300080.0, 2100210.0 ] ] ] } },
{ "type": "Feature", "properties": { "parcel_id": "P0179", "survey_no": "SRV-1179", "owner_name": "Vijay More", "area_sqm": 1200.0, "land_use": "Vacant" }, "geometry": { "type": "Polygon", "coordinates": [ [ [ 300120.0, 2100210.0 ], [ 300160.0, 2100210.0 ], [ 300160.0, 2100240.0 ], [ 300120.0, 2100240.0 ], [ 300120.0, 2100210.0 ] ] ] } },
{ "type": "Feature", "properties": { "parcel_id": "P0180", "survey_no": "SRV-1180", "owner_name": "Mahesh Deshmukh", "area_sqm": 1200.0, "land_use": "Commercial" }, "geometry": { "type": "Polygon", "coordinates": [ [ [ 300160.0, 2100210.0 ], [ 300200.0, 2100210.0 ], [ 300200.0, 2100240.0 ], [ 300160.0, 2100240.0 ], [ 300160.0, 2100210.0 ] ] ] } },
{ "type": "Feature", "properties": { "parcel_id": "P0181", "survey_no": "SRV-1181", "owner_name": "Priya Singh", "area_sqm": 1200.0, "land_use": "Commercial" }, "geometry": { "type": "Polygon", "coordinates": [ [ [ 300200.0, 2100210.0 ], [ 300240.0, 2100210.0 ], [ 300240.0, 2100240.0 ], [ 300200.0, 2100240.0 ], [ 300200.0, 2100210.0 ] ] ] } },
{ "type": "Feature", "properties": { "parcel_id": "P0182", "survey_no": "SRV-1182", "owner_name": "Amit Sharma", "area_sqm": 1200.0, "land_use": "Vacant" }, "geometry": { "type": "Polygon", "coordinates": [ [ [ 300240.0, 2100210.0 ], [ 300280.0, 2100210.0 ], [ 300280.0, 2100240.0 ], [ 300240.0, 2100240.0 ], [ 300240.0, 2100210.0 ] ] ] } },
{ "type": "Feature", "properties": { "parcel_id": "P0183", "survey_no": "SRV-1183", "owner_name": "Rajesh Kumar", "area_sqm": 1200.0, "land_use": "Commercial" }, "geometry": { "type": "Polygon", "coordinates": [ [ [ 300280.0, 2100210.0 ], [ 300320.0, 2100210.0 ], [ 300320.0, 2100240.0 ], [ 300280.0, 2100240.0 ], [ 300280.0, 2100210.0 ] ] ] } },
{ "type": "Feature", "properties": { "parcel_id": "P0184", "survey_no": "SRV-1184", "owner_name": "Vijay More", "area_sqm": 1200.0, "land_use": "Vacant" }, "geometry": { "type": "Polygon", "coordinates": [ [ [ 300320.0, 2100210.0 ], [ 300360.0, 2100210.0 ], [ 300360.0, 2100240.0 ], [ 300320.0, 2100240.0 ], [ 300320.0, 2100210.0 ] ] ] } },
{ "type": "Feature", "properties": { "parcel_id": "P0185", "survey_no": "SRV-1185", "owner_name": "Priya Singh", "area_sqm": 1200.0, "land_use": "Mixed Use" }, "geometry": { "type": "Polygon", "coordinates": [ [ [ 300360.0, 2100210.0 ], [ 300400.0, 2100210.0 ], [ 300400.0, 2100240.0 ], [ 300360.0, 2100240.0 ], [ 300360.0, 2100210.0 ] ] ] } },
{ "type": "Feature", "properties": { "parcel_id": "P0186", "survey_no": "SRV-1186", "owner_name": "Amit Sharma", "area_sqm": 1200.0, "land_use": "Residential" }, "geometry": { "type": "Polygon", "coordinates": [ [ [ 300400.0, 2100210.0 ], [ 300440.0, 2100210.0 ], [ 300440.0, 2100240.0 ], [ 300400.0, 2100240.0 ], [ 300400.0, 2100210.0 ] ] ] } },
{ "type": "Feature", "properties": { "parcel_id": "P0187", "survey_no": "SRV-1187", "owner_name": "Anita Joshi", "area_sqm": 1200.0, "land_use": "Residential" }, "geometry": { "type": "Polygon", "coordinates": [ [ [ 300440.0, 2100210.0 ], [ 300480.0, 2100210.0 ], [ 300480.0, 2100240.0 ], [ 300440.0, 2100240.0 ], [ 300440.0, 2100210.0 ] ] ] } },
{ "type": "Feature", "properties": { "parcel_id": "P0188", "survey_no": "SRV-1188", "owner_name": "Rohit Kulkarni", "area_sqm": 1200.0, "land_use": "Commercial" }, "geometry": { "type": "Polygon", "coordinates": [ [ [ 300480.0, 2100210.0 ], [ 300520.0, 2100210.0 ], [ 300520.0, 2100240.0 ], [ 300480.0, 2100240.0 ], [ 300480.0, 2100210.0 ] ] ] } },
{ "type": "Feature", "properties": { "parcel_id": "P0189", "survey_no": "SRV-1189", "owner_name": "Priya Singh", "area_sqm": 1200.0, "land_use": "Vacant" }, "geometry": { "type": "Polygon", "coordinates": [ [ [ 300520.0, 2100210.0 ], [ 300560.0, 2100210.0 ], [ 300560.0, 2100240.0 ], [ 300520.0, 2100240.0 ], [ 300520.0, 2100210.0 ] ] ] } },
{ "type": "Feature", "properties": { "parcel_id": "P0190", "survey_no": "SRV-1190", "owner_name": "Vijay More", "area_sqm": 1200.0, "land_use": "Mixed Use" }, "geometry": { "type": "Polygon", "coordinates": [ [ [ 300560.0, 2100210.0 ], [ 300600.0, 2100210.0 ], [ 300600.0, 2100240.0 ], [ 300560.0, 2100240.0 ], [ 300560.0, 2100210.0 ] ] ] } },
{ "type": "Feature", "properties": { "parcel_id": "P0191", "survey_no": "SRV-1191", "owner_name": "Priya Singh", "area_sqm": 1200.0, "land_use": "Commercial" }, "geometry": { "type": "Polygon", "coordinates": [ [ [ 300600.0, 2100210.0 ], [ 300640.0, 2100210.0 ], [ 300640.0, 2100240.0 ], [ 300600.0, 2100240.0 ], [ 300600.0, 2100210.0 ] ] ] } },
{ "type": "Feature", "properties": { "parcel_id": "P0192", "survey_no": "SRV-1192", "owner_name": "Rajesh Kumar", "area_sqm": 1200.0, "land_use": "Commercial" }, "geometry": { "type": "Polygon", "coordinates": [ [ [ 300640.0, 2100210.0 ], [ 300680.0, 2100210.0 ], [ 300680.0, 2100240.0 ], [ 300640.0, 2100240.0 ], [ 300640.0, 2100210.0 ] ] ] } },
{ "type": "Feature", "properties": { "parcel_id": "P0193", "survey_no": "SRV-1193", "owner_name": "Anita Joshi", "area_sqm": 1200.0, "land_use": "Mixed Use" }, "geometry": { "type": "Polygon", "coordinates": [ [ [ 300680.0, 2100210.0 ], [ 300720.0, 2100210.0 ], [ 300720.0, 2100240.0 ], [ 300680.0, 2100240.0 ], [ 300680.0, 2100210.0 ] ] ] } },
{ "type": "Feature", "properties": { "parcel_id": "P0194", "survey_no": "SRV-1194", "owner_name": "Neha Verma", "area_sqm": 1200.0, "land_use": "Residential" }, "geometry": { "type": "Polygon", "coordinates": [ [ [ 300720.0, 2100210.0 ], [ 300760.0, 2100210.0 ], [ 300760.0, 2100240.0 ], [ 300720.0, 2100240.0 ], [ 300720.0, 2100210.0 ] ] ] } },
{ "type": "Feature", "properties": { "parcel_id": "P0195", "survey_no": "SRV-1195", "owner_name": "Neha Verma", "area_sqm": 1200.0, "land_use": "Mixed Use" }, "geometry": { "type": "Polygon", "coordinates": [ [ [ 300760.0, 2100210.0 ], [ 300800.0, 2100210.0 ], [ 300800.0, 2100240.0 ], [ 300760.0, 2100240.0 ], [ 300760.0, 2100210.0 ] ] ] } },
{ "type": "Feature", "properties": { "parcel_id": "P0196", "survey_no": "SRV-1196", "owner_name": "Sunita Pawar", "area_sqm": 1200.0, "land_use": "Vacant" }, "geometry": { "type": "Polygon", "coordinates": [ [ [ 300800.0, 2100210.0 ], [ 300840.0, 2100210.0 ], [ 300840.0, 2100240.0 ], [ 300800.0, 2100240.0 ], [ 300800.0, 2100210.0 ] ] ] } },
{ "type": "Feature", "properties": { "parcel_id": "P0197", "survey_no": "SRV-1197", "owner_name": "Sunita Pawar", "area_sqm": 1200.0, "land_use": "Mixed Use" }, "geometry": { "type": "Polygon", "coordinates": [ [ [ 300840.0, 2100210.0 ], [ 300880.0, 2100210.0 ], [ 300880.0, 2100240.0 ], [ 300840.0, 2100240.0 ], [ 300840.0, 2100210.0 ] ] ] } },
{ "type": "Feature", "properties": { "parcel_id": "P0198", "survey_no": "SRV-1198", "owner_name": "Rajesh Kumar", "area_sqm": 1200.0, "land_use": "Residential" }, "geometry": { "type": "Polygon", "coordinates": [ [ [ 300880.0, 2100210.0 ], [ 300920.0, 2100210.0 ], [ 300920.0, 2100240.0 ], [ 300880.0, 2100240.0 ], [ 300880.0, 2100210.0 ] ] ] } },
{ "type": "Feature", "properties": { "parcel_id": "P0199", "survey_no": "SRV-1199", "owner_name": "Neha Verma", "area_sqm": 1200.0, "land_use": "Commercial" }, "geometry": { "type": "Polygon", "coordinates": [ [ [ 300920.0, 2100210.0 ], [ 300960.0, 2100210.0 ], [ 300960.0, 2100240.0 ], [ 300920.0, 2100240.0 ], [ 300920.0, 2100210.0 ] ] ] } },
{ "type": "Feature", "properties": { "parcel_id": "P0200", "survey_no": "SRV-1200", "owner_name": "Mahesh Deshmukh", "area_sqm": 1200.0, "land_use": "Mixed Use" }, "geometry": { "type": "Polygon", "coordinates": [ [ [ 300960.0, 2100210.0 ], [ 301000.0, 2100210.0 ], [ 301000.0, 2100240.0 ], [ 300960.0, 2100240.0 ], [ 300960.0, 2100210.0 ] ] ] } },
{ "type": "Feature", "properties": { "parcel_id": "P0201", "survey_no": "SRV-1201", "owner_name": "Rajesh Kumar", "area_sqm": 1200.0, "land_use": "Residential" }, "geometry": { "type": "Polygon", "coordinates": [ [ [ 300000.0, 2100240.0 ], [ 300040.0, 2100240.0 ], [ 300040.0, 2100270.0 ], [ 300000.0, 2100270.0 ], [ 300000.0, 2100240.0 ] ] ] } },
{ "type": "Feature", "properties": { "parcel_id": "P0202", "survey_no": "SRV-1202", "owner_name": "Mahesh Deshmukh", "area_sqm": 1200.0, "land_use": "Vacant" }, "geometry": { "type": "Polygon", "coordinates": [ [ [ 300040.0, 2100240.0 ], [ 300080.0, 2100240.0 ], [ 300080.0, 2100270.0 ], [ 300040.0, 2100270.0 ], [ 300040.0, 2100240.0 ] ] ] } },
{ "type": "Feature", "properties": { "parcel_id": "P0203", "survey_no": "SRV-1203", "owner_name": "Vijay More", "area_sqm": 1200.0, "land_use": "Mixed Use" }, "geometry": { "type": "Polygon", "coordinates": [ [ [ 300080.0, 2100240.0 ], [ 300120.0, 2100240.0 ], [ 300120.0, 2100270.0 ], [ 300080.0, 2100270.0 ], [ 300080.0, 2100240.0 ] ] ] } },
{ "type": "Feature", "properties": { "parcel_id": "P0204", "survey_no": "SRV-1204", "owner_name": "Anita Joshi", "area_sqm": 1200.0, "land_use": "Residential" }, "geometry": { "type": "Polygon", "coordinates": [ [ [ 300120.0, 2100240.0 ], [ 300160.0, 2100240.0 ], [ 300160.0, 2100270.0 ], [ 300120.0, 2100270.0 ], [ 300120.0, 2100240.0 ] ] ] } },
{ "type": "Feature", "properties": { "parcel_id": "P0205", "survey_no": "SRV-1205", "owner_name": "Anita Joshi", "area_sqm": 1200.0, "land_use": "Commercial" }, "geometry": { "type": "Polygon", "coordinates": [ [ [ 300160.0, 2100240.0 ], [ 300200.0, 2100240.0 ], [ 300200.0, 2100270.0 ], [ 300160.0, 2100270.0 ], [ 300160.0, 2100240.0 ] ] ] } },
{ "type": "Feature", "properties": { "parcel_id": "P0206", "survey_no": "SRV-1206", "owner_name": "Neha Verma", "area_sqm": 1200.0, "land_use": "Residential" }, "geometry": { "type": "Polygon", "coordinates": [ [ [ 300200.0, 2100240.0 ], [ 300240.0, 2100240.0 ], [ 300240.0, 2100270.0 ], [ 300200.0, 2100270.0 ], [ 300200.0, 2100240.0 ] ] ] } },
{ "type": "Feature", "properties": { "parcel_id": "P0207", "survey_no": "SRV-1207", "owner_name": "Anita Joshi", "area_sqm": 1200.0, "land_use": "Residential" }, "geometry": { "type": "Polygon", "coordinates": [ [ [ 300240.0, 2100240.0 ], [ 300280.0, 2100240.0 ], [ 300280.0, 2100270.0 ], [ 300240.0, 2100270.0 ], [ 300240.0, 2100240.0 ] ] ] } },
{ "type": "Feature", "properties": { "parcel_id": "P0208", "survey_no": "SRV-1208", "owner_name": "Sunita Pawar", "area_sqm": 1200.0, "land_use": "Commercial" }, "geometry": { "type": "Polygon", "coordinates": [ [ [ 300280.0, 2100240.0 ], [ 300320.0, 2100240.0 ], [ 300320.0, 2100270.0 ], [ 300280.0, 2100270.0 ], [ 300280.0, 2100240.0 ] ] ] } },
{ "type": "Feature", "properties": { "parcel_id": "P0209", "survey_no": "SRV-1209", "owner_name": "Vijay More", "area_sqm": 1200.0, "land_use": "Vacant" }, "geometry": { "type": "Polygon", "coordinates": [ [ [ 300320.0, 2100240.0 ], [ 300360.0, 2100240.0 ], [ 300360.0, 2100270.0 ], [ 300320.0, 2100270.0 ], [ 300320.0, 2100240.0 ] ] ] } },
{ "type": "Feature", "properties": { "parcel_id": "P0210", "survey_no": "SRV-1210", "owner_name": "Suresh Patil", "area_sqm": 1200.0, "land_use": "Mixed Use" }, "geometry": { "type": "Polygon", "coordinates": [ [ [ 300360.0, 2100240.0 ], [ 300400.0, 2100240.0 ], [ 300400.0, 2100270.0 ], [ 300360.0, 2100270.0 ], [ 300360.0, 2100240.0 ] ] ] } },
{ "type": "Feature", "properties": { "parcel_id": "P0211", "survey_no": "SRV-1211", "owner_name": "Mahesh Deshmukh", "area_sqm": 1200.0, "land_use": "Mixed Use" }, "geometry": { "type": "Polygon", "coordinates": [ [ [ 300400.0, 2100240.0 ], [ 300440.0, 2100240.0 ], [ 300440.0, 2100270.0 ], [ 300400.0, 2100270.0 ], [ 300400.0, 2100240.0 ] ] ] } },
{ "type": "Feature", "properties": { "parcel_id": "P0212", "survey_no": "SRV-1212", "owner_name": "Suresh Patil", "area_sqm": 1200.0, "land_use": "Mixed Use" }, "geometry": { "type": "Polygon", "coordinates": [ [ [ 300440.0, 2100240.0 ], [ 300480.0, 2100240.0 ], [ 300480.0, 2100270.0 ], [ 300440.0, 2100270.0 ], [ 300440.0, 2100240.0 ] ] ] } },
{ "type": "Feature", "properties": { "parcel_id": "P0213", "survey_no": "SRV-1213", "owner_name": "Sunita Pawar", "area_sqm": 1200.0, "land_use": "Mixed Use" }, "geometry": { "type": "Polygon", "coordinates": [ [ [ 300480.0, 2100240.0 ], [ 300520.0, 2100240.0 ], [ 300520.0, 2100270.0 ], [ 300480.0, 2100270.0 ], [ 300480.0, 2100240.0 ] ] ] } },
{ "type": "Feature", "properties": { "parcel_id": "P0214", "survey_no": "SRV-1214", "owner_name": "Anita Joshi", "area_sqm": 1200.0, "land_use": "Mixed Use" }, "geometry": { "type": "Polygon", "coordinates": [ [ [ 300520.0, 2100240.0 ], [ 300560.0, 2100240.0 ], [ 300560.0, 2100270.0 ], [ 300520.0, 2100270.0 ], [ 300520.0, 2100240.0 ] ] ] } },
{ "type": "Feature", "properties": { "parcel_id": "P0215", "survey_no": "SRV-1215", "owner_name": "Anita Joshi", "area_sqm": 1200.0, "land_use": "Mixed Use" }, "geometry": { "type": "Polygon", "coordinates": [ [ [ 300560.0, 2100240.0 ], [ 300600.0, 2100240.0 ], [ 300600.0, 2100270.0 ], [ 300560.0, 2100270.0 ], [ 300560.0, 2100240.0 ] ] ] } },
{ "type": "Feature", "properties": { "parcel_id": "P0216", "survey_no": "SRV-1216", "owner_name": "Sunita Pawar", "area_sqm": 1200.0, "land_use": "Commercial" }, "geometry": { "type": "Polygon", "coordinates": [ [ [ 300600.0, 2100240.0 ], [ 300640.0, 2100240.0 ], [ 300640.0, 2100270.0 ], [ 300600.0, 2100270.0 ], [ 300600.0, 2100240.0 ] ] ] } },
{ "type": "Feature", "properties": { "parcel_id": "P0217", "survey_no": "SRV-1217", "owner_name": "Priya Singh", "area_sqm": 1200.0, "land_use": "Vacant" }, "geometry": { "type": "Polygon", "coordinates": [ [ [ 300640.0, 2100240.0 ], [ 300680.0, 2100240.0 ], [ 300680.0, 2100270.0 ], [ 300640.0, 2100270.0 ], [ 300640.0, 2100240.0 ] ] ] } },
{ "type": "Feature", "properties": { "parcel_id": "P0218", "survey_no": "SRV-1218", "owner_name": "Anita Joshi", "area_sqm": 1200.0, "land_use": "Commercial" }, "geometry": { "type": "Polygon", "coordinates": [ [ [ 300680.0, 2100240.0 ], [ 300720.0, 2100240.0 ], [ 300720.0, 2100270.0 ], [ 300680.0, 2100270.0 ], [ 300680.0, 2100240.0 ] ] ] } },
{ "type": "Feature", "properties": { "parcel_id": "P0219", "survey_no": "SRV-1219", "owner_name": "Mahesh Deshmukh", "area_sqm": 1200.0, "land_use": "Mixed Use" }, "geometry": { "type": "Polygon", "coordinates": [ [ [ 300720.0, 2100240.0 ], [ 300760.0, 2100240.0 ], [ 300760.0, 2100270.0 ], [ 300720.0, 2100270.0 ], [ 300720.0, 2100240.0 ] ] ] } },
{ "type": "Feature", "properties": { "parcel_id": "P0220", "survey_no": "SRV-1220", "owner_name": "Anita Joshi", "area_sqm": 1200.0, "land_use": "Residential" }, "geometry": { "type": "Polygon", "coordinates": [ [ [ 300760.0, 2100240.0 ], [ 300800.0, 2100240.0 ], [ 300800.0, 2100270.0 ], [ 300760.0, 2100270.0 ], [ 300760.0, 2100240.0 ] ] ] } },
{ "type": "Feature", "properties": { "parcel_id": "P0221", "survey_no": "SRV-1221", "owner_name": "Neha Verma", "area_sqm": 1200.0, "land_use": "Mixed Use" }, "geometry": { "type": "Polygon", "coordinates": [ [ [ 300800.0, 2100240.0 ], [ 300840.0, 2100240.0 ], [ 300840.0, 2100270.0 ], [ 300800.0, 2100270.0 ], [ 300800.0, 2100240.0 ] ] ] } },
{ "type": "Feature", "properties": { "parcel_id": "P0222", "survey_no": "SRV-1222", "owner_name": "Priya Singh", "area_sqm": 1200.0, "land_use": "Vacant" }, "geometry": { "type": "Polygon", "coordinates": [ [ [ 300840.0, 2100240.0 ], [ 300880.0, 2100240.0 ], [ 300880.0, 2100270.0 ], [ 300840.0, 2100270.0 ], [ 300840.0, 2100240.0 ] ] ] } },
{ "type": "Feature", "properties": { "parcel_id": "P0223", "survey_no": "SRV-1223", "owner_name": "Mahesh Deshmukh", "area_sqm": 1200.0, "land_use": "Mixed Use" }, "geometry": { "type": "Polygon", "coordinates": [ [ [ 300880.0, 2100240.0 ], [ 300920.0, 2100240.0 ], [ 300920.0, 2100270.0 ], [ 300880.0, 2100270.0 ], [ 300880.0, 2100240.0 ] ] ] } },
{ "type": "Feature", "properties": { "parcel_id": "P0224", "survey_no": "SRV-1224", "owner_name": "Rohit Kulkarni", "area_sqm": 1200.0, "land_use": "Vacant" }, "geometry": { "type": "Polygon", "coordinates": [ [ [ 300920.0, 2100240.0 ], [ 300960.0, 2100240.0 ], [ 300960.0, 2100270.0 ], [ 300920.0, 2100270.0 ], [ 300920.0, 2100240.0 ] ] ] } },
{ "type": "Feature", "properties": { "parcel_id": "P0225", "survey_no": "SRV-1225", "owner_name": "Rohit Kulkarni", "area_sqm": 1200.0, "land_use": "Commercial" }, "geometry": { "type": "Polygon", "coordinates": [ [ [ 300960.0, 2100240.0 ], [ 301000.0, 2100240.0 ], [ 301000.0, 2100270.0 ], [ 300960.0, 2100270.0 ], [ 300960.0, 2100240.0 ] ] ] } },
{ "type": "Feature", "properties": { "parcel_id": "P0226", "survey_no": "SRV-1226", "owner_name": "Sunita Pawar", "area_sqm": 1200.0, "land_use": "Vacant" }, "geometry": { "type": "Polygon", "coordinates": [ [ [ 300000.0, 2100270.0 ], [ 300040.0, 2100270.0 ], [ 300040.0, 2100300.0 ], [ 300000.0, 2100300.0 ], [ 300000.0, 2100270.0 ] ] ] } },
{ "type": "Feature", "properties": { "parcel_id": "P0227", "survey_no": "SRV-1227", "owner_name": "Amit Sharma", "area_sqm": 1200.0, "land_use": "Residential" }, "geometry": { "type": "Polygon", "coordinates": [ [ [ 300040.0, 2100270.0 ], [ 300080.0, 2100270.0 ], [ 300080.0, 2100300.0 ], [ 300040.0, 2100300.0 ], [ 300040.0, 2100270.0 ] ] ] } },
{ "type": "Feature", "properties": { "parcel_id": "P0228", "survey_no": "SRV-1228", "owner_name": "Neha Verma", "area_sqm": 1200.0, "land_use": "Mixed Use" }, "geometry": { "type": "Polygon", "coordinates": [ [ [ 300080.0, 2100270.0 ], [ 300120.0, 2100270.0 ], [ 300120.0, 2100300.0 ], [ 300080.0, 2100300.0 ], [ 300080.0, 2100270.0 ] ] ] } },
{ "type": "Feature", "properties": { "parcel_id": "P0229", "survey_no": "SRV-1229", "owner_name": "Suresh Patil", "area_sqm": 1200.0, "land_use": "Commercial" }, "geometry": { "type": "Polygon", "coordinates": [ [ [ 300120.0, 2100270.0 ], [ 300160.0, 2100270.0 ], [ 300160.0, 2100300.0 ], [ 300120.0, 2100300.0 ], [ 300120.0, 2100270.0 ] ] ] } },
{ "type": "Feature", "properties": { "parcel_id": "P0230", "survey_no": "SRV-1230", "owner_name": "Neha Verma", "area_sqm": 1200.0, "land_use": "Commercial" }, "geometry": { "type": "Polygon", "coordinates": [ [ [ 300160.0, 2100270.0 ], [ 300200.0, 2100270.0 ], [ 300200.0, 2100300.0 ], [ 300160.0, 2100300.0 ], [ 300160.0, 2100270.0 ] ] ] } },
{ "type": "Feature", "properties": { "parcel_id": "P0231", "survey_no": "SRV-1231", "owner_name": "Priya Singh", "area_sqm": 1200.0, "land_use": "Commercial" }, "geometry": { "type": "Polygon", "coordinates": [ [ [ 300200.0, 2100270.0 ], [ 300240.0, 2100270.0 ], [ 300240.0, 2100300.0 ], [ 300200.0, 2100300.0 ], [ 300200.0, 2100270.0 ] ] ] } },
{ "type": "Feature", "properties": { "parcel_id": "P0232", "survey_no": "SRV-1232", "owner_name": "Rajesh Kumar", "area_sqm": 1200.0, "land_use": "Residential" }, "geometry": { "type": "Polygon", "coordinates": [ [ [ 300240.0, 2100270.0 ], [ 300280.0, 2100270.0 ], [ 300280.0, 2100300.0 ], [ 300240.0, 2100300.0 ], [ 300240.0, 2100270.0 ] ] ] } },
{ "type": "Feature", "properties": { "parcel_id": "P0233", "survey_no": "SRV-1233", "owner_name": "Priya Singh", "area_sqm": 1200.0, "land_use": "Vacant" }, "geometry": { "type": "Polygon", "coordinates": [ [ [ 300280.0, 2100270.0 ], [ 300320.0, 2100270.0 ], [ 300320.0, 2100300.0 ], [ 300280.0, 2100300.0 ], [ 300280.0, 2100270.0 ] ] ] } },
{ "type": "Feature", "properties": { "parcel_id": "P0234", "survey_no": "SRV-1234", "owner_name": "Mahesh Deshmukh", "area_sqm": 1200.0, "land_use": "Residential" }, "geometry": { "type": "Polygon", "coordinates": [ [ [ 300320.0, 2100270.0 ], [ 300360.0, 2100270.0 ], [ 300360.0, 2100300.0 ], [ 300320.0, 2100300.0 ], [ 300320.0, 2100270.0 ] ] ] } },
{ "type": "Feature", "properties": { "parcel_id": "P0235", "survey_no": "SRV-1235", "owner_name": "Rohit Kulkarni", "area_sqm": 1200.0, "land_use": "Vacant" }, "geometry": { "type": "Polygon", "coordinates": [ [ [ 300360.0, 2100270.0 ], [ 300400.0, 2100270.0 ], [ 300400.0, 2100300.0 ], [ 300360.0, 2100300.0 ], [ 300360.0, 2100270.0 ] ] ] } },
{ "type": "Feature", "properties": { "parcel_id": "P0236", "survey_no": "SRV-1236", "owner_name": "Mahesh Deshmukh", "area_sqm": 1200.0, "land_use": "Commercial" }, "geometry": { "type": "Polygon", "coordinates": [ [ [ 300400.0, 2100270.0 ], [ 300440.0, 2100270.0 ], [ 300440.0, 2100300.0 ], [ 300400.0, 2100300.0 ], [ 300400.0, 2100270.0 ] ] ] } },
{ "type": "Feature", "properties": { "parcel_id": "P0237", "survey_no": "SRV-1237", "owner_name": "Anita Joshi", "area_sqm": 1200.0, "land_use": "Vacant" }, "geometry": { "type": "Polygon", "coordinates": [ [ [ 300440.0, 2100270.0 ], [ 300480.0, 2100270.0 ], [ 300480.0, 2100300.0 ], [ 300440.0, 2100300.0 ], [ 300440.0, 2100270.0 ] ] ] } },
{ "type": "Feature", "properties": { "parcel_id": "P0238", "survey_no": "SRV-1238", "owner_name": "Anita Joshi", "area_sqm": 1200.0, "land_use": "Commercial" }, "geometry": { "type": "Polygon", "coordinates": [ [ [ 300480.0, 2100270.0 ], [ 300520.0, 2100270.0 ], [ 300520.0, 2100300.0 ], [ 300480.0, 2100300.0 ], [ 300480.0, 2100270.0 ] ] ] } },
{ "type": "Feature", "properties": { "parcel_id": "P0239", "survey_no": "SRV-1239", "owner_name": "Amit Sharma", "area_sqm": 1200.0, "land_use": "Residential" }, "geometry": { "type": "Polygon", "coordinates": [ [ [ 300520.0, 2100270.0 ], [ 300560.0, 2100270.0 ], [ 300560.0, 2100300.0 ], [ 300520.0, 2100300.0 ], [ 300520.0, 2100270.0 ] ] ] } },
{ "type": "Feature", "properties": { "parcel_id": "P0240", "survey_no": "SRV-1240", "owner_name": "Suresh Patil", "area_sqm": 1200.0, "land_use": "Vacant" }, "geometry": { "type": "Polygon", "coordinates": [ [ [ 300560.0, 2100270.0 ], [ 300600.0, 2100270.0 ], [ 300600.0, 2100300.0 ], [ 300560.0, 2100300.0 ], [ 300560.0, 2100270.0 ] ] ] } },
{ "type": "Feature", "properties": { "parcel_id": "P0241", "survey_no": "SRV-1241", "owner_name": "Priya Singh", "area_sqm": 1200.0, "land_use": "Commercial" }, "geometry": { "type": "Polygon", "coordinates": [ [ [ 300600.0, 2100270.0 ], [ 300640.0, 2100270.0 ], [ 300640.0, 2100300.0 ], [ 300600.0, 2100300.0 ], [ 300600.0, 2100270.0 ] ] ] } },
{ "type": "Feature", "properties": { "parcel_id": "P0242", "survey_no": "SRV-1242", "owner_name": "Sunita Pawar", "area_sqm": 1200.0, "land_use": "Vacant" }, "geometry": { "type": "Polygon", "coordinates": [ [ [ 300640.0, 2100270.0 ], [ 300680.0, 2100270.0 ], [ 300680.0, 2100300.0 ], [ 300640.0, 2100300.0 ], [ 300640.0, 2100270.0 ] ] ] } },
{ "type": "Feature", "properties": { "parcel_id": "P0243", "survey_no": "SRV-1243", "owner_name": "Rajesh Kumar", "area_sqm": 1200.0, "land_use": "Commercial" }, "geometry": { "type": "Polygon", "coordinates": [ [ [ 300680.0, 2100270.0 ], [ 300720.0, 2100270.0 ], [ 300720.0, 2100300.0 ], [ 300680.0, 2100300.0 ], [ 300680.0, 2100270.0 ] ] ] } },
{ "type": "Feature", "properties": { "parcel_id": "P0244", "survey_no": "SRV-1244", "owner_name": "Suresh Patil", "area_sqm": 1200.0, "land_use": "Vacant" }, "geometry": { "type": "Polygon", "coordinates": [ [ [ 300720.0, 2100270.0 ], [ 300760.0, 2100270.0 ], [ 300760.0, 2100300.0 ], [ 300720.0, 2100300.0 ], [ 300720.0, 2100270.0 ] ] ] } },
{ "type": "Feature", "properties": { "parcel_id": "P0245", "survey_no": "SRV-1245", "owner_name": "Amit Sharma", "area_sqm": 1200.0, "land_use": "Vacant" }, "geometry": { "type": "Polygon", "coordinates": [ [ [ 300760.0, 2100270.0 ], [ 300800.0, 2100270.0 ], [ 300800.0, 2100300.0 ], [ 300760.0, 2100300.0 ], [ 300760.0, 2100270.0 ] ] ] } },
{ "type": "Feature", "properties": { "parcel_id": "P0246", "survey_no": "SRV-1246", "owner_name": "Sunita Pawar", "area_sqm": 1200.0, "land_use": "Mixed Use" }, "geometry": { "type": "Polygon", "coordinates": [ [ [ 300800.0, 2100270.0 ], [ 300840.0, 2100270.0 ], [ 300840.0, 2100300.0 ], [ 300800.0, 2100300.0 ], [ 300800.0, 2100270.0 ] ] ] } },
{ "type": "Feature", "properties": { "parcel_id": "P0247", "survey_no": "SRV-1247", "owner_name": "Rohit Kulkarni", "area_sqm": 1200.0, "land_use": "Vacant" }, "geometry": { "type": "Polygon", "coordinates": [ [ [ 300840.0, 2100270.0 ], [ 300880.0, 2100270.0 ], [ 300880.0, 2100300.0 ], [ 300840.0, 2100300.0 ], [ 300840.0, 2100270.0 ] ] ] } },
{ "type": "Feature", "properties": { "parcel_id": "P0248", "survey_no": "SRV-1248", "owner_name": "Sunita Pawar", "area_sqm": 1200.0, "land_use": "Vacant" }, "geometry": { "type": "Polygon", "coordinates": [ [ [ 300880.0, 2100270.0 ], [ 300920.0, 2100270.0 ], [ 300920.0, 2100300.0 ], [ 300880.0, 2100300.0 ], [ 300880.0, 2100270.0 ] ] ] } },
{ "type": "Feature", "properties": { "parcel_id": "P0249", "survey_no": "SRV-1249", "owner_name": "Amit Sharma", "area_sqm": 1200.0, "land_use": "Vacant" }, "geometry": { "type": "Polygon", "coordinates": [ [ [ 300920.0, 2100270.0 ], [ 300960.0, 2100270.0 ], [ 300960.0, 2100300.0 ], [ 300920.0, 2100300.0 ], [ 300920.0, 2100270.0 ] ] ] } },
{ "type": "Feature", "properties": { "parcel_id": "P0250", "survey_no": "SRV-1250", "owner_name": "Rohit Kulkarni", "area_sqm": 1200.0, "land_use": "Mixed Use" }, "geometry": { "type": "Polygon", "coordinates": [ [ [ 300960.0, 2100270.0 ], [ 301000.0, 2100270.0 ], [ 301000.0, 2100300.0 ], [ 300960.0, 2100300.0 ], [ 300960.0, 2100270.0 ] ] ] } },
{ "type": "Feature", "properties": { "parcel_id": "P0251", "survey_no": "SRV-1251", "owner_name": "Priya Singh", "area_sqm": 1200.0, "land_use": "Mixed Use" }, "geometry": { "type": "Polygon", "coordinates": [ [ [ 300000.0, 2100300.0 ], [ 300040.0, 2100300.0 ], [ 300040.0, 2100330.0 ], [ 300000.0, 2100330.0 ], [ 300000.0, 2100300.0 ] ] ] } },
{ "type": "Feature", "properties": { "parcel_id": "P0252", "survey_no": "SRV-1252", "owner_name": "Sunita Pawar", "area_sqm": 1200.0, "land_use": "Vacant" }, "geometry": { "type": "Polygon", "coordinates": [ [ [ 300040.0, 2100300.0 ], [ 300080.0, 2100300.0 ], [ 300080.0, 2100330.0 ], [ 300040.0, 2100330.0 ], [ 300040.0, 2100300.0 ] ] ] } },
{ "type": "Feature", "properties": { "parcel_id": "P0253", "survey_no": "SRV-1253", "owner_name": "Priya Singh", "area_sqm": 1200.0, "land_use": "Mixed Use" }, "geometry": { "type": "Polygon", "coordinates": [ [ [ 300080.0, 2100300.0 ], [ 300120.0, 2100300.0 ], [ 300120.0, 2100330.0 ], [ 300080.0, 2100330.0 ], [ 300080.0, 2100300.0 ] ] ] } },
{ "type": "Feature", "properties": { "parcel_id": "P0254", "survey_no": "SRV-1254", "owner_name": "Rohit Kulkarni", "area_sqm": 1200.0, "land_use": "Residential" }, "geometry": { "type": "Polygon", "coordinates": [ [ [ 300120.0, 2100300.0 ], [ 300160.0, 2100300.0 ], [ 300160.0, 2100330.0 ], [ 300120.0, 2100330.0 ], [ 300120.0, 2100300.0 ] ] ] } },
{ "type": "Feature", "properties": { "parcel_id": "P0255", "survey_no": "SRV-1255", "owner_name": "Neha Verma", "area_sqm": 1200.0, "land_use": "Commercial" }, "geometry": { "type": "Polygon", "coordinates": [ [ [ 300160.0, 2100300.0 ], [ 300200.0, 2100300.0 ], [ 300200.0, 2100330.0 ], [ 300160.0, 2100330.0 ], [ 300160.0, 2100300.0 ] ] ] } },
{ "type": "Feature", "properties": { "parcel_id": "P0256", "survey_no": "SRV-1256", "owner_name": "Neha Verma", "area_sqm": 1200.0, "land_use": "Mixed Use" }, "geometry": { "type": "Polygon", "coordinates": [ [ [ 300200.0, 2100300.0 ], [ 300240.0, 2100300.0 ], [ 300240.0, 2100330.0 ], [ 300200.0, 2100330.0 ], [ 300200.0, 2100300.0 ] ] ] } },
{ "type": "Feature", "properties": { "parcel_id": "P0257", "survey_no": "SRV-1257", "owner_name": "Vijay More", "area_sqm": 1200.0, "land_use": "Residential" }, "geometry": { "type": "Polygon", "coordinates": [ [ [ 300240.0, 2100300.0 ], [ 300280.0, 2100300.0 ], [ 300280.0, 2100330.0 ], [ 300240.0, 2100330.0 ], [ 300240.0, 2100300.0 ] ] ] } },
{ "type": "Feature", "properties": { "parcel_id": "P0258", "survey_no": "SRV-1258", "owner_name": "Amit Sharma", "area_sqm": 1200.0, "land_use": "Commercial" }, "geometry": { "type": "Polygon", "coordinates": [ [ [ 300280.0, 2100300.0 ], [ 300320.0, 2100300.0 ], [ 300320.0, 2100330.0 ], [ 300280.0, 2100330.0 ], [ 300280.0, 2100300.0 ] ] ] } },
{ "type": "Feature", "properties": { "parcel_id": "P0259", "survey_no": "SRV-1259", "owner_name": "Priya Singh", "area_sqm": 1200.0, "land_use": "Vacant" }, "geometry": { "type": "Polygon", "coordinates": [ [ [ 300320.0, 2100300.0 ], [ 300360.0, 2100300.0 ], [ 300360.0, 2100330.0 ], [ 300320.0, 2100330.0 ], [ 300320.0, 2100300.0 ] ] ] } },
{ "type": "Feature", "properties": { "parcel_id": "P0260", "survey_no": "SRV-1260", "owner_name": "Amit Sharma", "area_sqm": 1200.0, "land_use": "Commercial" }, "geometry": { "type": "Polygon", "coordinates": [ [ [ 300360.0, 2100300.0 ], [ 300400.0, 2100300.0 ], [ 300400.0, 2100330.0 ], [ 300360.0, 2100330.0 ], [ 300360.0, 2100300.0 ] ] ] } },
{ "type": "Feature", "properties": { "parcel_id": "P0261", "survey_no": "SRV-1261", "owner_name": "Suresh Patil", "area_sqm": 1200.0, "land_use": "Vacant" }, "geometry": { "type": "Polygon", "coordinates": [ [ [ 300400.0, 2100300.0 ], [ 300440.0, 2100300.0 ], [ 300440.0, 2100330.0 ], [ 300400.0, 2100330.0 ], [ 300400.0, 2100300.0 ] ] ] } },
{ "type": "Feature", "properties": { "parcel_id": "P0262", "survey_no": "SRV-1262", "owner_name": "Anita Joshi", "area_sqm": 1200.0, "land_use": "Mixed Use" }, "geometry": { "type": "Polygon", "coordinates": [ [ [ 300440.0, 2100300.0 ], [ 300480.0, 2100300.0 ], [ 300480.0, 2100330.0 ], [ 300440.0, 2100330.0 ], [ 300440.0, 2100300.0 ] ] ] } },
{ "type": "Feature", "properties": { "parcel_id": "P0263", "survey_no": "SRV-1263", "owner_name": "Sunita Pawar", "area_sqm": 1200.0, "land_use": "Vacant" }, "geometry": { "type": "Polygon", "coordinates": [ [ [ 300480.0, 2100300.0 ], [ 300520.0, 2100300.0 ], [ 300520.0, 2100330.0 ], [ 300480.0, 2100330.0 ], [ 300480.0, 2100300.0 ] ] ] } },
{ "type": "Feature", "properties": { "parcel_id": "P0264", "survey_no": "SRV-1264", "owner_name": "Anita Joshi", "area_sqm": 1200.0, "land_use": "Residential" }, "geometry": { "type": "Polygon", "coordinates": [ [ [ 300520.0, 2100300.0 ], [ 300560.0, 2100300.0 ], [ 300560.0, 2100330.0 ], [ 300520.0, 2100330.0 ], [ 300520.0, 2100300.0 ] ] ] } },
{ "type": "Feature", "properties": { "parcel_id": "P0265", "survey_no": "SRV-1265", "owner_name": "Priya Singh", "area_sqm": 1200.0, "land_use": "Vacant" }, "geometry": { "type": "Polygon", "coordinates": [ [ [ 300560.0, 2100300.0 ], [ 300600.0, 2100300.0 ], [ 300600.0, 2100330.0 ], [ 300560.0, 2100330.0 ], [ 300560.0, 2100300.0 ] ] ] } },
{ "type": "Feature", "properties": { "parcel_id": "P0266", "survey_no": "SRV-1266", "owner_name": "Anita Joshi", "area_sqm": 1200.0, "land_use": "Residential" }, "geometry": { "type": "Polygon", "coordinates": [ [ [ 300600.0, 2100300.0 ], [ 300640.0, 2100300.0 ], [ 300640.0, 2100330.0 ], [ 300600.0, 2100330.0 ], [ 300600.0, 2100300.0 ] ] ] } },
{ "type": "Feature", "properties": { "parcel_id": "P0267", "survey_no": "SRV-1267", "owner_name": "Mahesh Deshmukh", "area_sqm": 1200.0, "land_use": "Vacant" }, "geometry": { "type": "Polygon", "coordinates": [ [ [ 300640.0, 2100300.0 ], [ 300680.0, 2100300.0 ], [ 300680.0, 2100330.0 ], [ 300640.0, 2100330.0 ], [ 300640.0, 2100300.0 ] ] ] } },
{ "type": "Feature", "properties": { "parcel_id": "P0268", "survey_no": "SRV-1268", "owner_name": "Rohit Kulkarni", "area_sqm": 1200.0, "land_use": "Residential" }, "geometry": { "type": "Polygon", "coordinates": [ [ [ 300680.0, 2100300.0 ], [ 300720.0, 2100300.0 ], [ 300720.0, 2100330.0 ], [ 300680.0, 2100330.0 ], [ 300680.0, 2100300.0 ] ] ] } },
{ "type": "Feature", "properties": { "parcel_id": "P0269", "survey_no": "SRV-1269", "owner_name": "Vijay More", "area_sqm": 1200.0, "land_use": "Mixed Use" }, "geometry": { "type": "Polygon", "coordinates": [ [ [ 300720.0, 2100300.0 ], [ 300760.0, 2100300.0 ], [ 300760.0, 2100330.0 ], [ 300720.0, 2100330.0 ], [ 300720.0, 2100300.0 ] ] ] } },
{ "type": "Feature", "properties": { "parcel_id": "P0270", "survey_no": "SRV-1270", "owner_name": "Anita Joshi", "area_sqm": 1200.0, "land_use": "Vacant" }, "geometry": { "type": "Polygon", "coordinates": [ [ [ 300760.0, 2100300.0 ], [ 300800.0, 2100300.0 ], [ 300800.0, 2100330.0 ], [ 300760.0, 2100330.0 ], [ 300760.0, 2100300.0 ] ] ] } },
{ "type": "Feature", "properties": { "parcel_id": "P0271", "survey_no": "SRV-1271", "owner_name": "Sunita Pawar", "area_sqm": 1200.0, "land_use": "Commercial" }, "geometry": { "type": "Polygon", "coordinates": [ [ [ 300800.0, 2100300.0 ], [ 300840.0, 2100300.0 ], [ 300840.0, 2100330.0 ], [ 300800.0, 2100330.0 ], [ 300800.0, 2100300.0 ] ] ] } },
{ "type": "Feature", "properties": { "parcel_id": "P0272", "survey_no": "SRV-1272", "owner_name": "Rohit Kulkarni", "area_sqm": 1200.0, "land_use": "Commercial" }, "geometry": { "type": "Polygon", "coordinates": [ [ [ 300840.0, 2100300.0 ], [ 300880.0, 2100300.0 ], [ 300880.0, 2100330.0 ], [ 300840.0, 2100330.0 ], [ 300840.0, 2100300.0 ] ] ] } },
{ "type": "Feature", "properties": { "parcel_id": "P0273", "survey_no": "SRV-1273", "owner_name": "Neha Verma", "area_sqm": 1200.0, "land_use": "Vacant" }, "geometry": { "type": "Polygon", "coordinates": [ [ [ 300880.0, 2100300.0 ], [ 300920.0, 2100300.0 ], [ 300920.0, 2100330.0 ], [ 300880.0, 2100330.0 ], [ 300880.0, 2100300.0 ] ] ] } },
{ "type": "Feature", "properties": { "parcel_id": "P0274", "survey_no": "SRV-1274", "owner_name": "Rohit Kulkarni", "area_sqm": 1200.0, "land_use": "Residential" }, "geometry": { "type": "Polygon", "coordinates": [ [ [ 300920.0, 2100300.0 ], [ 300960.0, 2100300.0 ], [ 300960.0, 2100330.0 ], [ 300920.0, 2100330.0 ], [ 300920.0, 2100300.0 ] ] ] } },
{ "type": "Feature", "properties": { "parcel_id": "P0275", "survey_no": "SRV-1275", "owner_name": "Anita Joshi", "area_sqm": 1200.0, "land_use": "Mixed Use" }, "geometry": { "type": "Polygon", "coordinates": [ [ [ 300960.0, 2100300.0 ], [ 301000.0, 2100300.0 ], [ 301000.0, 2100330.0 ], [ 300960.0, 2100330.0 ], [ 300960.0, 2100300.0 ] ] ] } },
{ "type": "Feature", "properties": { "parcel_id": "P0276", "survey_no": "SRV-1276", "owner_name": "Anita Joshi", "area_sqm": 1200.0, "land_use": "Commercial" }, "geometry": { "type": "Polygon", "coordinates": [ [ [ 300000.0, 2100330.0 ], [ 300040.0, 2100330.0 ], [ 300040.0, 2100360.0 ], [ 300000.0, 2100360.0 ], [ 300000.0, 2100330.0 ] ] ] } },
{ "type": "Feature", "properties": { "parcel_id": "P0277", "survey_no": "SRV-1277", "owner_name": "Rohit Kulkarni", "area_sqm": 1200.0, "land_use": "Commercial" }, "geometry": { "type": "Polygon", "coordinates": [ [ [ 300040.0, 2100330.0 ], [ 300080.0, 2100330.0 ], [ 300080.0, 2100360.0 ], [ 300040.0, 2100360.0 ], [ 300040.0, 2100330.0 ] ] ] } },
{ "type": "Feature", "properties": { "parcel_id": "P0278", "survey_no": "SRV-1278", "owner_name": "Mahesh Deshmukh", "area_sqm": 1200.0, "land_use": "Residential" }, "geometry": { "type": "Polygon", "coordinates": [ [ [ 300080.0, 2100330.0 ], [ 300120.0, 2100330.0 ], [ 300120.0, 2100360.0 ], [ 300080.0, 2100360.0 ], [ 300080.0, 2100330.0 ] ] ] } },
{ "type": "Feature", "properties": { "parcel_id": "P0279", "survey_no": "SRV-1279", "owner_name": "Anita Joshi", "area_sqm": 1200.0, "land_use": "Residential" }, "geometry": { "type": "Polygon", "coordinates": [ [ [ 300120.0, 2100330.0 ], [ 300160.0, 2100330.0 ], [ 300160.0, 2100360.0 ], [ 300120.0, 2100360.0 ], [ 300120.0, 2100330.0 ] ] ] } },
{ "type": "Feature", "properties": { "parcel_id": "P0280", "survey_no": "SRV-1280", "owner_name": "Suresh Patil", "area_sqm": 1200.0, "land_use": "Vacant" }, "geometry": { "type": "Polygon", "coordinates": [ [ [ 300160.0, 2100330.0 ], [ 300200.0, 2100330.0 ], [ 300200.0, 2100360.0 ], [ 300160.0, 2100360.0 ], [ 300160.0, 2100330.0 ] ] ] } },
{ "type": "Feature", "properties": { "parcel_id": "P0281", "survey_no": "SRV-1281", "owner_name": "Amit Sharma", "area_sqm": 1200.0, "land_use": "Vacant" }, "geometry": { "type": "Polygon", "coordinates": [ [ [ 300200.0, 2100330.0 ], [ 300240.0, 2100330.0 ], [ 300240.0, 2100360.0 ], [ 300200.0, 2100360.0 ], [ 300200.0, 2100330.0 ] ] ] } },
{ "type": "Feature", "properties": { "parcel_id": "P0282", "survey_no": "SRV-1282", "owner_name": "Amit Sharma", "area_sqm": 1200.0, "land_use": "Residential" }, "geometry": { "type": "Polygon", "coordinates": [ [ [ 300240.0, 2100330.0 ], [ 300280.0, 2100330.0 ], [ 300280.0, 2100360.0 ], [ 300240.0, 2100360.0 ], [ 300240.0, 2100330.0 ] ] ] } },
{ "type": "Feature", "properties": { "parcel_id": "P0283", "survey_no": "SRV-1283", "owner_name": "Neha Verma", "area_sqm": 1200.0, "land_use": "Vacant" }, "geometry": { "type": "Polygon", "coordinates": [ [ [ 300280.0, 2100330.0 ], [ 300320.0, 2100330.0 ], [ 300320.0, 2100360.0 ], [ 300280.0, 2100360.0 ], [ 300280.0, 2100330.0 ] ] ] } },
{ "type": "Feature", "properties": { "parcel_id": "P0284", "survey_no": "SRV-1284", "owner_name": "Vijay More", "area_sqm": 1200.0, "land_use": "Commercial" }, "geometry": { "type": "Polygon", "coordinates": [ [ [ 300320.0, 2100330.0 ], [ 300360.0, 2100330.0 ], [ 300360.0, 2100360.0 ], [ 300320.0, 2100360.0 ], [ 300320.0, 2100330.0 ] ] ] } },
{ "type": "Feature", "properties": { "parcel_id": "P0285", "survey_no": "SRV-1285", "owner_name": "Rohit Kulkarni", "area_sqm": 1200.0, "land_use": "Mixed Use" }, "geometry": { "type": "Polygon", "coordinates": [ [ [ 300360.0, 2100330.0 ], [ 300400.0, 2100330.0 ], [ 300400.0, 2100360.0 ], [ 300360.0, 2100360.0 ], [ 300360.0, 2100330.0 ] ] ] } },
{ "type": "Feature", "properties": { "parcel_id": "P0286", "survey_no": "SRV-1286", "owner_name": "Vijay More", "area_sqm": 1200.0, "land_use": "Vacant" }, "geometry": { "type": "Polygon", "coordinates": [ [ [ 300400.0, 2100330.0 ], [ 300440.0, 2100330.0 ], [ 300440.0, 2100360.0 ], [ 300400.0, 2100360.0 ], [ 300400.0, 2100330.0 ] ] ] } },
{ "type": "Feature", "properties": { "parcel_id": "P0287", "survey_no": "SRV-1287", "owner_name": "Neha Verma", "area_sqm": 1200.0, "land_use": "Vacant" }, "geometry": { "type": "Polygon", "coordinates": [ [ [ 300440.0, 2100330.0 ], [ 300480.0, 2100330.0 ], [ 300480.0, 2100360.0 ], [ 300440.0, 2100360.0 ], [ 300440.0, 2100330.0 ] ] ] } },
{ "type": "Feature", "properties": { "parcel_id": "P0288", "survey_no": "SRV-1288", "owner_name": "Neha Verma", "area_sqm": 1200.0, "land_use": "Residential" }, "geometry": { "type": "Polygon", "coordinates": [ [ [ 300480.0, 2100330.0 ], [ 300520.0, 2100330.0 ], [ 300520.0, 2100360.0 ], [ 300480.0, 2100360.0 ], [ 300480.0, 2100330.0 ] ] ] } },
{ "type": "Feature", "properties": { "parcel_id": "P0289", "survey_no": "SRV-1289", "owner_name": "Rohit Kulkarni", "area_sqm": 1200.0, "land_use": "Residential" }, "geometry": { "type": "Polygon", "coordinates": [ [ [ 300520.0, 2100330.0 ], [ 300560.0, 2100330.0 ], [ 300560.0, 2100360.0 ], [ 300520.0, 2100360.0 ], [ 300520.0, 2100330.0 ] ] ] } },
{ "type": "Feature", "properties": { "parcel_id": "P0290", "survey_no": "SRV-1290", "owner_name": "Sunita Pawar", "area_sqm": 1200.0, "land_use": "Residential" }, "geometry": { "type": "Polygon", "coordinates": [ [ [ 300560.0, 2100330.0 ], [ 300600.0, 2100330.0 ], [ 300600.0, 2100360.0 ], [ 300560.0, 2100360.0 ], [ 300560.0, 2100330.0 ] ] ] } },
{ "type": "Feature", "properties": { "parcel_id": "P0291", "survey_no": "SRV-1291", "owner_name": "Vijay More", "area_sqm": 1200.0, "land_use": "Commercial" }, "geometry": { "type": "Polygon", "coordinates": [ [ [ 300600.0, 2100330.0 ], [ 300640.0, 2100330.0 ], [ 300640.0, 2100360.0 ], [ 300600.0, 2100360.0 ], [ 300600.0, 2100330.0 ] ] ] } },
{ "type": "Feature", "properties": { "parcel_id": "P0292", "survey_no": "SRV-1292", "owner_name": "Suresh Patil", "area_sqm": 1200.0, "land_use": "Residential" }, "geometry": { "type": "Polygon", "coordinates": [ [ [ 300640.0, 2100330.0 ], [ 300680.0, 2100330.0 ], [ 300680.0, 2100360.0 ], [ 300640.0, 2100360.0 ], [ 300640.0, 2100330.0 ] ] ] } },
{ "type": "Feature", "properties": { "parcel_id": "P0293", "survey_no": "SRV-1293", "owner_name": "Rajesh Kumar", "area_sqm": 1200.0, "land_use": "Commercial" }, "geometry": { "type": "Polygon", "coordinates": [ [ [ 300680.0, 2100330.0 ], [ 300720.0, 2100330.0 ], [ 300720.0, 2100360.0 ], [ 300680.0, 2100360.0 ], [ 300680.0, 2100330.0 ] ] ] } },
{ "type": "Feature", "properties": { "parcel_id": "P0294", "survey_no": "SRV-1294", "owner_name": "Priya Singh", "area_sqm": 1200.0, "land_use": "Residential" }, "geometry": { "type": "Polygon", "coordinates": [ [ [ 300720.0, 2100330.0 ], [ 300760.0, 2100330.0 ], [ 300760.0, 2100360.0 ], [ 300720.0, 2100360.0 ], [ 300720.0, 2100330.0 ] ] ] } },
{ "type": "Feature", "properties": { "parcel_id": "P0295", "survey_no": "SRV-1295", "owner_name": "Mahesh Deshmukh", "area_sqm": 1200.0, "land_use": "Commercial" }, "geometry": { "type": "Polygon", "coordinates": [ [ [ 300760.0, 2100330.0 ], [ 300800.0, 2100330.0 ], [ 300800.0, 2100360.0 ], [ 300760.0, 2100360.0 ], [ 300760.0, 2100330.0 ] ] ] } },
{ "type": "Feature", "properties": { "parcel_id": "P0296", "survey_no": "SRV-1296", "owner_name": "Priya Singh", "area_sqm": 1200.0, "land_use": "Commercial" }, "geometry": { "type": "Polygon", "coordinates": [ [ [ 300800.0, 2100330.0 ], [ 300840.0, 2100330.0 ], [ 300840.0, 2100360.0 ], [ 300800.0, 2100360.0 ], [ 300800.0, 2100330.0 ] ] ] } },
{ "type": "Feature", "properties": { "parcel_id": "P0297", "survey_no": "SRV-1297", "owner_name": "Rohit Kulkarni", "area_sqm": 1200.0, "land_use": "Residential" }, "geometry": { "type": "Polygon", "coordinates": [ [ [ 300840.0, 2100330.0 ], [ 300880.0, 2100330.0 ], [ 300880.0, 2100360.0 ], [ 300840.0, 2100360.0 ], [ 300840.0, 2100330.0 ] ] ] } },
{ "type": "Feature", "properties": { "parcel_id": "P0298", "survey_no": "SRV-1298", "owner_name": "Mahesh Deshmukh", "area_sqm": 1200.0, "land_use": "Commercial" }, "geometry": { "type": "Polygon", "coordinates": [ [ [ 300880.0, 2100330.0 ], [ 300920.0, 2100330.0 ], [ 300920.0, 2100360.0 ], [ 300880.0, 2100360.0 ], [ 300880.0, 2100330.0 ] ] ] } },
{ "type": "Feature", "properties": { "parcel_id": "P0299", "survey_no": "SRV-1299", "owner_name": "Rohit Kulkarni", "area_sqm": 1200.0, "land_use": "Mixed Use" }, "geometry": { "type": "Polygon", "coordinates": [ [ [ 300920.0, 2100330.0 ], [ 300960.0, 2100330.0 ], [ 300960.0, 2100360.0 ], [ 300920.0, 2100360.0 ], [ 300920.0, 2100330.0 ] ] ] } },
{ "type": "Feature", "properties": { "parcel_id": "P0300", "survey_no": "SRV-1300", "owner_name": "Vijay More", "area_sqm": 1200.0, "land_use": "Commercial" }, "geometry": { "type": "Polygon", "coordinates": [ [ [ 300960.0, 2100330.0 ], [ 301000.0, 2100330.0 ], [ 301000.0, 2100360.0 ], [ 300960.0, 2100360.0 ], [ 300960.0, 2100330.0 ] ] ] } },
{ "type": "Feature", "properties": { "parcel_id": "P0301", "survey_no": "SRV-1301", "owner_name": "Mahesh Deshmukh", "area_sqm": 1200.0, "land_use": "Residential" }, "geometry": { "type": "Polygon", "coordinates": [ [ [ 300000.0, 2100360.0 ], [ 300040.0, 2100360.0 ], [ 300040.0, 2100390.0 ], [ 300000.0, 2100390.0 ], [ 300000.0, 2100360.0 ] ] ] } },
{ "type": "Feature", "properties": { "parcel_id": "P0302", "survey_no": "SRV-1302", "owner_name": "Amit Sharma", "area_sqm": 1200.0, "land_use": "Mixed Use" }, "geometry": { "type": "Polygon", "coordinates": [ [ [ 300040.0, 2100360.0 ], [ 300080.0, 2100360.0 ], [ 300080.0, 2100390.0 ], [ 300040.0, 2100390.0 ], [ 300040.0, 2100360.0 ] ] ] } },
{ "type": "Feature", "properties": { "parcel_id": "P0303", "survey_no": "SRV-1303", "owner_name": "Suresh Patil", "area_sqm": 1200.0, "land_use": "Residential" }, "geometry": { "type": "Polygon", "coordinates": [ [ [ 300080.0, 2100360.0 ], [ 300120.0, 2100360.0 ], [ 300120.0, 2100390.0 ], [ 300080.0, 2100390.0 ], [ 300080.0, 2100360.0 ] ] ] } },
{ "type": "Feature", "properties": { "parcel_id": "P0304", "survey_no": "SRV-1304", "owner_name": "Neha Verma", "area_sqm": 1200.0, "land_use": "Vacant" }, "geometry": { "type": "Polygon", "coordinates": [ [ [ 300120.0, 2100360.0 ], [ 300160.0, 2100360.0 ], [ 300160.0, 2100390.0 ], [ 300120.0, 2100390.0 ], [ 300120.0, 2100360.0 ] ] ] } },
{ "type": "Feature", "properties": { "parcel_id": "P0305", "survey_no": "SRV-1305", "owner_name": "Anita Joshi", "area_sqm": 1200.0, "land_use": "Commercial" }, "geometry": { "type": "Polygon", "coordinates": [ [ [ 300160.0, 2100360.0 ], [ 300200.0, 2100360.0 ], [ 300200.0, 2100390.0 ], [ 300160.0, 2100390.0 ], [ 300160.0, 2100360.0 ] ] ] } },
{ "type": "Feature", "properties": { "parcel_id": "P0306", "survey_no": "SRV-1306", "owner_name": "Suresh Patil", "area_sqm": 1200.0, "land_use": "Commercial" }, "geometry": { "type": "Polygon", "coordinates": [ [ [ 300200.0, 2100360.0 ], [ 300240.0, 2100360.0 ], [ 300240.0, 2100390.0 ], [ 300200.0, 2100390.0 ], [ 300200.0, 2100360.0 ] ] ] } },
{ "type": "Feature", "properties": { "parcel_id": "P0307", "survey_no": "SRV-1307", "owner_name": "Suresh Patil", "area_sqm": 1200.0, "land_use": "Mixed Use" }, "geometry": { "type": "Polygon", "coordinates": [ [ [ 300240.0, 2100360.0 ], [ 300280.0, 2100360.0 ], [ 300280.0, 2100390.0 ], [ 300240.0, 2100390.0 ], [ 300240.0, 2100360.0 ] ] ] } },
{ "type": "Feature", "properties": { "parcel_id": "P0308", "survey_no": "SRV-1308", "owner_name": "Mahesh Deshmukh", "area_sqm": 1200.0, "land_use": "Residential" }, "geometry": { "type": "Polygon", "coordinates": [ [ [ 300280.0, 2100360.0 ], [ 300320.0, 2100360.0 ], [ 300320.0, 2100390.0 ], [ 300280.0, 2100390.0 ], [ 300280.0, 2100360.0 ] ] ] } },
{ "type": "Feature", "properties": { "parcel_id": "P0309", "survey_no": "SRV-1309", "owner_name": "Mahesh Deshmukh", "area_sqm": 1200.0, "land_use": "Residential" }, "geometry": { "type": "Polygon", "coordinates": [ [ [ 300320.0, 2100360.0 ], [ 300360.0, 2100360.0 ], [ 300360.0, 2100390.0 ], [ 300320.0, 2100390.0 ], [ 300320.0, 2100360.0 ] ] ] } },
{ "type": "Feature", "properties": { "parcel_id": "P0310", "survey_no": "SRV-1310", "owner_name": "Vijay More", "area_sqm": 1200.0, "land_use": "Vacant" }, "geometry": { "type": "Polygon", "coordinates": [ [ [ 300360.0, 2100360.0 ], [ 300400.0, 2100360.0 ], [ 300400.0, 2100390.0 ], [ 300360.0, 2100390.0 ], [ 300360.0, 2100360.0 ] ] ] } },
{ "type": "Feature", "properties": { "parcel_id": "P0311", "survey_no": "SRV-1311", "owner_name": "Vijay More", "area_sqm": 1200.0, "land_use": "Residential" }, "geometry": { "type": "Polygon", "coordinates": [ [ [ 300400.0, 2100360.0 ], [ 300440.0, 2100360.0 ], [ 300440.0, 2100390.0 ], [ 300400.0, 2100390.0 ], [ 300400.0, 2100360.0 ] ] ] } },
{ "type": "Feature", "properties": { "parcel_id": "P0312", "survey_no": "SRV-1312", "owner_name": "Sunita Pawar", "area_sqm": 1200.0, "land_use": "Mixed Use" }, "geometry": { "type": "Polygon", "coordinates": [ [ [ 300440.0, 2100360.0 ], [ 300480.0, 2100360.0 ], [ 300480.0, 2100390.0 ], [ 300440.0, 2100390.0 ], [ 300440.0, 2100360.0 ] ] ] } },
{ "type": "Feature", "properties": { "parcel_id": "P0313", "survey_no": "SRV-1313", "owner_name": "Rajesh Kumar", "area_sqm": 1200.0, "land_use": "Vacant" }, "geometry": { "type": "Polygon", "coordinates": [ [ [ 300480.0, 2100360.0 ], [ 300520.0, 2100360.0 ], [ 300520.0, 2100390.0 ], [ 300480.0, 2100390.0 ], [ 300480.0, 2100360.0 ] ] ] } },
{ "type": "Feature", "properties": { "parcel_id": "P0314", "survey_no": "SRV-1314", "owner_name": "Rohit Kulkarni", "area_sqm": 1200.0, "land_use": "Residential" }, "geometry": { "type": "Polygon", "coordinates": [ [ [ 300520.0, 2100360.0 ], [ 300560.0, 2100360.0 ], [ 300560.0, 2100390.0 ], [ 300520.0, 2100390.0 ], [ 300520.0, 2100360.0 ] ] ] } },
{ "type": "Feature", "properties": { "parcel_id": "P0315", "survey_no": "SRV-1315", "owner_name": "Anita Joshi", "area_sqm": 1200.0, "land_use": "Mixed Use" }, "geometry": { "type": "Polygon", "coordinates": [ [ [ 300560.0, 2100360.0 ], [ 300600.0, 2100360.0 ], [ 300600.0, 2100390.0 ], [ 300560.0, 2100390.0 ], [ 300560.0, 2100360.0 ] ] ] } },
{ "type": "Feature", "properties": { "parcel_id": "P0316", "survey_no": "SRV-1316", "owner_name": "Rohit Kulkarni", "area_sqm": 1200.0, "land_use": "Commercial" }, "geometry": { "type": "Polygon", "coordinates": [ [ [ 300600.0, 2100360.0 ], [ 300640.0, 2100360.0 ], [ 300640.0, 2100390.0 ], [ 300600.0, 2100390.0 ], [ 300600.0, 2100360.0 ] ] ] } },
{ "type": "Feature", "properties": { "parcel_id": "P0317", "survey_no": "SRV-1317", "owner_name": "Anita Joshi", "area_sqm": 1200.0, "land_use": "Commercial" }, "geometry": { "type": "Polygon", "coordinates": [ [ [ 300640.0, 2100360.0 ], [ 300680.0, 2100360.0 ], [ 300680.0, 2100390.0 ], [ 300640.0, 2100390.0 ], [ 300640.0, 2100360.0 ] ] ] } },
{ "type": "Feature", "properties": { "parcel_id": "P0318", "survey_no": "SRV-1318", "owner_name": "Sunita Pawar", "area_sqm": 1200.0, "land_use": "Mixed Use" }, "geometry": { "type": "Polygon", "coordinates": [ [ [ 300680.0, 2100360.0 ], [ 300720.0, 2100360.0 ], [ 300720.0, 2100390.0 ], [ 300680.0, 2100390.0 ], [ 300680.0, 2100360.0 ] ] ] } },
{ "type": "Feature", "properties": { "parcel_id": "P0319", "survey_no": "SRV-1319", "owner_name": "Mahesh Deshmukh", "area_sqm": 1200.0, "land_use": "Vacant" }, "geometry": { "type": "Polygon", "coordinates": [ [ [ 300720.0, 2100360.0 ], [ 300760.0, 2100360.0 ], [ 300760.0, 2100390.0 ], [ 300720.0, 2100390.0 ], [ 300720.0, 2100360.0 ] ] ] } },
{ "type": "Feature", "properties": { "parcel_id": "P0320", "survey_no": "SRV-1320", "owner_name": "Rohit Kulkarni", "area_sqm": 1200.0, "land_use": "Vacant" }, "geometry": { "type": "Polygon", "coordinates": [ [ [ 300760.0, 2100360.0 ], [ 300800.0, 2100360.0 ], [ 300800.0, 2100390.0 ], [ 300760.0, 2100390.0 ], [ 300760.0, 2100360.0 ] ] ] } },
{ "type": "Feature", "properties": { "parcel_id": "P0321", "survey_no": "SRV-1321", "owner_name": "Mahesh Deshmukh", "area_sqm": 1200.0, "land_use": "Mixed Use" }, "geometry": { "type": "Polygon", "coordinates": [ [ [ 300800.0, 2100360.0 ], [ 300840.0, 2100360.0 ], [ 300840.0, 2100390.0 ], [ 300800.0, 2100390.0 ], [ 300800.0, 2100360.0 ] ] ] } },
{ "type": "Feature", "properties": { "parcel_id": "P0322", "survey_no": "SRV-1322", "owner_name": "Vijay More", "area_sqm": 1200.0, "land_use": "Commercial" }, "geometry": { "type": "Polygon", "coordinates": [ [ [ 300840.0, 2100360.0 ], [ 300880.0, 2100360.0 ], [ 300880.0, 2100390.0 ], [ 300840.0, 2100390.0 ], [ 300840.0, 2100360.0 ] ] ] } },
{ "type": "Feature", "properties": { "parcel_id": "P0323", "survey_no": "SRV-1323", "owner_name": "Suresh Patil", "area_sqm": 1200.0, "land_use": "Mixed Use" }, "geometry": { "type": "Polygon", "coordinates": [ [ [ 300880.0, 2100360.0 ], [ 300920.0, 2100360.0 ], [ 300920.0, 2100390.0 ], [ 300880.0, 2100390.0 ], [ 300880.0, 2100360.0 ] ] ] } },
{ "type": "Feature", "properties": { "parcel_id": "P0324", "survey_no": "SRV-1324", "owner_name": "Rohit Kulkarni", "area_sqm": 1200.0, "land_use": "Commercial" }, "geometry": { "type": "Polygon", "coordinates": [ [ [ 300920.0, 2100360.0 ], [ 300960.0, 2100360.0 ], [ 300960.0, 2100390.0 ], [ 300920.0, 2100390.0 ], [ 300920.0, 2100360.0 ] ] ] } },
{ "type": "Feature", "properties": { "parcel_id": "P0325", "survey_no": "SRV-1325", "owner_name": "Rohit Kulkarni", "area_sqm": 1200.0, "land_use": "Vacant" }, "geometry": { "type": "Polygon", "coordinates": [ [ [ 300960.0, 2100360.0 ], [ 301000.0, 2100360.0 ], [ 301000.0, 2100390.0 ], [ 300960.0, 2100390.0 ], [ 300960.0, 2100360.0 ] ] ] } },
{ "type": "Feature", "properties": { "parcel_id": "P0326", "survey_no": "SRV-1326", "owner_name": "Vijay More", "area_sqm": 1200.0, "land_use": "Residential" }, "geometry": { "type": "Polygon", "coordinates": [ [ [ 300000.0, 2100390.0 ], [ 300040.0, 2100390.0 ], [ 300040.0, 2100420.0 ], [ 300000.0, 2100420.0 ], [ 300000.0, 2100390.0 ] ] ] } },
{ "type": "Feature", "properties": { "parcel_id": "P0327", "survey_no": "SRV-1327", "owner_name": "Rohit Kulkarni", "area_sqm": 1200.0, "land_use": "Mixed Use" }, "geometry": { "type": "Polygon", "coordinates": [ [ [ 300040.0, 2100390.0 ], [ 300080.0, 2100390.0 ], [ 300080.0, 2100420.0 ], [ 300040.0, 2100420.0 ], [ 300040.0, 2100390.0 ] ] ] } },
{ "type": "Feature", "properties": { "parcel_id": "P0328", "survey_no": "SRV-1328", "owner_name": "Amit Sharma", "area_sqm": 1200.0, "land_use": "Vacant" }, "geometry": { "type": "Polygon", "coordinates": [ [ [ 300080.0, 2100390.0 ], [ 300120.0, 2100390.0 ], [ 300120.0, 2100420.0 ], [ 300080.0, 2100420.0 ], [ 300080.0, 2100390.0 ] ] ] } },
{ "type": "Feature", "properties": { "parcel_id": "P0329", "survey_no": "SRV-1329", "owner_name": "Priya Singh", "area_sqm": 1200.0, "land_use": "Mixed Use" }, "geometry": { "type": "Polygon", "coordinates": [ [ [ 300120.0, 2100390.0 ], [ 300160.0, 2100390.0 ], [ 300160.0, 2100420.0 ], [ 300120.0, 2100420.0 ], [ 300120.0, 2100390.0 ] ] ] } },
{ "type": "Feature", "properties": { "parcel_id": "P0330", "survey_no": "SRV-1330", "owner_name": "Neha Verma", "area_sqm": 1200.0, "land_use": "Mixed Use" }, "geometry": { "type": "Polygon", "coordinates": [ [ [ 300160.0, 2100390.0 ], [ 300200.0, 2100390.0 ], [ 300200.0, 2100420.0 ], [ 300160.0, 2100420.0 ], [ 300160.0, 2100390.0 ] ] ] } },
{ "type": "Feature", "properties": { "parcel_id": "P0331", "survey_no": "SRV-1331", "owner_name": "Neha Verma", "area_sqm": 1200.0, "land_use": "Mixed Use" }, "geometry": { "type": "Polygon", "coordinates": [ [ [ 300200.0, 2100390.0 ], [ 300240.0, 2100390.0 ], [ 300240.0, 2100420.0 ], [ 300200.0, 2100420.0 ], [ 300200.0, 2100390.0 ] ] ] } },
{ "type": "Feature", "properties": { "parcel_id": "P0332", "survey_no": "SRV-1332", "owner_name": "Sunita Pawar", "area_sqm": 1200.0, "land_use": "Residential" }, "geometry": { "type": "Polygon", "coordinates": [ [ [ 300240.0, 2100390.0 ], [ 300280.0, 2100390.0 ], [ 300280.0, 2100420.0 ], [ 300240.0, 2100420.0 ], [ 300240.0, 2100390.0 ] ] ] } },
{ "type": "Feature", "properties": { "parcel_id": "P0333", "survey_no": "SRV-1333", "owner_name": "Sunita Pawar", "area_sqm": 1200.0, "land_use": "Commercial" }, "geometry": { "type": "Polygon", "coordinates": [ [ [ 300280.0, 2100390.0 ], [ 300320.0, 2100390.0 ], [ 300320.0, 2100420.0 ], [ 300280.0, 2100420.0 ], [ 300280.0, 2100390.0 ] ] ] } },
{ "type": "Feature", "properties": { "parcel_id": "P0334", "survey_no": "SRV-1334", "owner_name": "Suresh Patil", "area_sqm": 1200.0, "land_use": "Commercial" }, "geometry": { "type": "Polygon", "coordinates": [ [ [ 300320.0, 2100390.0 ], [ 300360.0, 2100390.0 ], [ 300360.0, 2100420.0 ], [ 300320.0, 2100420.0 ], [ 300320.0, 2100390.0 ] ] ] } },
{ "type": "Feature", "properties": { "parcel_id": "P0335", "survey_no": "SRV-1335", "owner_name": "Anita Joshi", "area_sqm": 1200.0, "land_use": "Vacant" }, "geometry": { "type": "Polygon", "coordinates": [ [ [ 300360.0, 2100390.0 ], [ 300400.0, 2100390.0 ], [ 300400.0, 2100420.0 ], [ 300360.0, 2100420.0 ], [ 300360.0, 2100390.0 ] ] ] } },
{ "type": "Feature", "properties": { "parcel_id": "P0336", "survey_no": "SRV-1336", "owner_name": "Sunita Pawar", "area_sqm": 1200.0, "land_use": "Commercial" }, "geometry": { "type": "Polygon", "coordinates": [ [ [ 300400.0, 2100390.0 ], [ 300440.0, 2100390.0 ], [ 300440.0, 2100420.0 ], [ 300400.0, 2100420.0 ], [ 300400.0, 2100390.0 ] ] ] } },
{ "type": "Feature", "properties": { "parcel_id": "P0337", "survey_no": "SRV-1337", "owner_name": "Rohit Kulkarni", "area_sqm": 1200.0, "land_use": "Vacant" }, "geometry": { "type": "Polygon", "coordinates": [ [ [ 300440.0, 2100390.0 ], [ 300480.0, 2100390.0 ], [ 300480.0, 2100420.0 ], [ 300440.0, 2100420.0 ], [ 300440.0, 2100390.0 ] ] ] } },
{ "type": "Feature", "properties": { "parcel_id": "P0338", "survey_no": "SRV-1338", "owner_name": "Rohit Kulkarni", "area_sqm": 1200.0, "land_use": "Residential" }, "geometry": { "type": "Polygon", "coordinates": [ [ [ 300480.0, 2100390.0 ], [ 300520.0, 2100390.0 ], [ 300520.0, 2100420.0 ], [ 300480.0, 2100420.0 ], [ 300480.0, 2100390.0 ] ] ] } },
{ "type": "Feature", "properties": { "parcel_id": "P0339", "survey_no": "SRV-1339", "owner_name": "Suresh Patil", "area_sqm": 1200.0, "land_use": "Mixed Use" }, "geometry": { "type": "Polygon", "coordinates": [ [ [ 300520.0, 2100390.0 ], [ 300560.0, 2100390.0 ], [ 300560.0, 2100420.0 ], [ 300520.0, 2100420.0 ], [ 300520.0, 2100390.0 ] ] ] } },
{ "type": "Feature", "properties": { "parcel_id": "P0340", "survey_no": "SRV-1340", "owner_name": "Priya Singh", "area_sqm": 1200.0, "land_use": "Vacant" }, "geometry": { "type": "Polygon", "coordinates": [ [ [ 300560.0, 2100390.0 ], [ 300600.0, 2100390.0 ], [ 300600.0, 2100420.0 ], [ 300560.0, 2100420.0 ], [ 300560.0, 2100390.0 ] ] ] } },
{ "type": "Feature", "properties": { "parcel_id": "P0341", "survey_no": "SRV-1341", "owner_name": "Priya Singh", "area_sqm": 1200.0, "land_use": "Mixed Use" }, "geometry": { "type": "Polygon", "coordinates": [ [ [ 300600.0, 2100390.0 ], [ 300640.0, 2100390.0 ], [ 300640.0, 2100420.0 ], [ 300600.0, 2100420.0 ], [ 300600.0, 2100390.0 ] ] ] } },
{ "type": "Feature", "properties": { "parcel_id": "P0342", "survey_no": "SRV-1342", "owner_name": "Mahesh Deshmukh", "area_sqm": 1200.0, "land_use": "Mixed Use" }, "geometry": { "type": "Polygon", "coordinates": [ [ [ 300640.0, 2100390.0 ], [ 300680.0, 2100390.0 ], [ 300680.0, 2100420.0 ], [ 300640.0, 2100420.0 ], [ 300640.0, 2100390.0 ] ] ] } },
{ "type": "Feature", "properties": { "parcel_id": "P0343", "survey_no": "SRV-1343", "owner_name": "Rohit Kulkarni", "area_sqm": 1200.0, "land_use": "Mixed Use" }, "geometry": { "type": "Polygon", "coordinates": [ [ [ 300680.0, 2100390.0 ], [ 300720.0, 2100390.0 ], [ 300720.0, 2100420.0 ], [ 300680.0, 2100420.0 ], [ 300680.0, 2100390.0 ] ] ] } },
{ "type": "Feature", "properties": { "parcel_id": "P0344", "survey_no": "SRV-1344", "owner_name": "Anita Joshi", "area_sqm": 1200.0, "land_use": "Mixed Use" }, "geometry": { "type": "Polygon", "coordinates": [ [ [ 300720.0, 2100390.0 ], [ 300760.0, 2100390.0 ], [ 300760.0, 2100420.0 ], [ 300720.0, 2100420.0 ], [ 300720.0, 2100390.0 ] ] ] } },
{ "type": "Feature", "properties": { "parcel_id": "P0345", "survey_no": "SRV-1345", "owner_name": "Vijay More", "area_sqm": 1200.0, "land_use": "Vacant" }, "geometry": { "type": "Polygon", "coordinates": [ [ [ 300760.0, 2100390.0 ], [ 300800.0, 2100390.0 ], [ 300800.0, 2100420.0 ], [ 300760.0, 2100420.0 ], [ 300760.0, 2100390.0 ] ] ] } },
{ "type": "Feature", "properties": { "parcel_id": "P0346", "survey_no": "SRV-1346", "owner_name": "Neha Verma", "area_sqm": 1200.0, "land_use": "Mixed Use" }, "geometry": { "type": "Polygon", "coordinates": [ [ [ 300800.0, 2100390.0 ], [ 300840.0, 2100390.0 ], [ 300840.0, 2100420.0 ], [ 300800.0, 2100420.0 ], [ 300800.0, 2100390.0 ] ] ] } },
{ "type": "Feature", "properties": { "parcel_id": "P0347", "survey_no": "SRV-1347", "owner_name": "Neha Verma", "area_sqm": 1200.0, "land_use": "Commercial" }, "geometry": { "type": "Polygon", "coordinates": [ [ [ 300840.0, 2100390.0 ], [ 300880.0, 2100390.0 ], [ 300880.0, 2100420.0 ], [ 300840.0, 2100420.0 ], [ 300840.0, 2100390.0 ] ] ] } },
{ "type": "Feature", "properties": { "parcel_id": "P0348", "survey_no": "SRV-1348", "owner_name": "Suresh Patil", "area_sqm": 1200.0, "land_use": "Commercial" }, "geometry": { "type": "Polygon", "coordinates": [ [ [ 300880.0, 2100390.0 ], [ 300920.0, 2100390.0 ], [ 300920.0, 2100420.0 ], [ 300880.0, 2100420.0 ], [ 300880.0, 2100390.0 ] ] ] } },
{ "type": "Feature", "properties": { "parcel_id": "P0349", "survey_no": "SRV-1349", "owner_name": "Vijay More", "area_sqm": 1200.0, "land_use": "Residential" }, "geometry": { "type": "Polygon", "coordinates": [ [ [ 300920.0, 2100390.0 ], [ 300960.0, 2100390.0 ], [ 300960.0, 2100420.0 ], [ 300920.0, 2100420.0 ], [ 300920.0, 2100390.0 ] ] ] } },
{ "type": "Feature", "properties": { "parcel_id": "P0350", "survey_no": "SRV-1350", "owner_name": "Sunita Pawar", "area_sqm": 1200.0, "land_use": "Commercial" }, "geometry": { "type": "Polygon", "coordinates": [ [ [ 300960.0, 2100390.0 ], [ 301000.0, 2100390.0 ], [ 301000.0, 2100420.0 ], [ 300960.0, 2100420.0 ], [ 300960.0, 2100390.0 ] ] ] } },
{ "type": "Feature", "properties": { "parcel_id": "P0351", "survey_no": "SRV-1351", "owner_name": "Priya Singh", "area_sqm": 1200.0, "land_use": "Commercial" }, "geometry": { "type": "Polygon", "coordinates": [ [ [ 300000.0, 2100420.0 ], [ 300040.0, 2100420.0 ], [ 300040.0, 2100450.0 ], [ 300000.0, 2100450.0 ], [ 300000.0, 2100420.0 ] ] ] } },
{ "type": "Feature", "properties": { "parcel_id": "P0352", "survey_no": "SRV-1352", "owner_name": "Rohit Kulkarni", "area_sqm": 1200.0, "land_use": "Mixed Use" }, "geometry": { "type": "Polygon", "coordinates": [ [ [ 300040.0, 2100420.0 ], [ 300080.0, 2100420.0 ], [ 300080.0, 2100450.0 ], [ 300040.0, 2100450.0 ], [ 300040.0, 2100420.0 ] ] ] } },
{ "type": "Feature", "properties": { "parcel_id": "P0353", "survey_no": "SRV-1353", "owner_name": "Mahesh Deshmukh", "area_sqm": 1200.0, "land_use": "Mixed Use" }, "geometry": { "type": "Polygon", "coordinates": [ [ [ 300080.0, 2100420.0 ], [ 300120.0, 2100420.0 ], [ 300120.0, 2100450.0 ], [ 300080.0, 2100450.0 ], [ 300080.0, 2100420.0 ] ] ] } },
{ "type": "Feature", "properties": { "parcel_id": "P0354", "survey_no": "SRV-1354", "owner_name": "Suresh Patil", "area_sqm": 1200.0, "land_use": "Commercial" }, "geometry": { "type": "Polygon", "coordinates": [ [ [ 300120.0, 2100420.0 ], [ 300160.0, 2100420.0 ], [ 300160.0, 2100450.0 ], [ 300120.0, 2100450.0 ], [ 300120.0, 2100420.0 ] ] ] } },
{ "type": "Feature", "properties": { "parcel_id": "P0355", "survey_no": "SRV-1355", "owner_name": "Neha Verma", "area_sqm": 1200.0, "land_use": "Commercial" }, "geometry": { "type": "Polygon", "coordinates": [ [ [ 300160.0, 2100420.0 ], [ 300200.0, 2100420.0 ], [ 300200.0, 2100450.0 ], [ 300160.0, 2100450.0 ], [ 300160.0, 2100420.0 ] ] ] } },
{ "type": "Feature", "properties": { "parcel_id": "P0356", "survey_no": "SRV-1356", "owner_name": "Vijay More", "area_sqm": 1200.0, "land_use": "Commercial" }, "geometry": { "type": "Polygon", "coordinates": [ [ [ 300200.0, 2100420.0 ], [ 300240.0, 2100420.0 ], [ 300240.0, 2100450.0 ], [ 300200.0, 2100450.0 ], [ 300200.0, 2100420.0 ] ] ] } },
{ "type": "Feature", "properties": { "parcel_id": "P0357", "survey_no": "SRV-1357", "owner_name": "Neha Verma", "area_sqm": 1200.0, "land_use": "Residential" }, "geometry": { "type": "Polygon", "coordinates": [ [ [ 300240.0, 2100420.0 ], [ 300280.0, 2100420.0 ], [ 300280.0, 2100450.0 ], [ 300240.0, 2100450.0 ], [ 300240.0, 2100420.0 ] ] ] } },
{ "type": "Feature", "properties": { "parcel_id": "P0358", "survey_no": "SRV-1358", "owner_name": "Sunita Pawar", "area_sqm": 1200.0, "land_use": "Commercial" }, "geometry": { "type": "Polygon", "coordinates": [ [ [ 300280.0, 2100420.0 ], [ 300320.0, 2100420.0 ], [ 300320.0, 2100450.0 ], [ 300280.0, 2100450.0 ], [ 300280.0, 2100420.0 ] ] ] } },
{ "type": "Feature", "properties": { "parcel_id": "P0359", "survey_no": "SRV-1359", "owner_name": "Neha Verma", "area_sqm": 1200.0, "land_use": "Residential" }, "geometry": { "type": "Polygon", "coordinates": [ [ [ 300320.0, 2100420.0 ], [ 300360.0, 2100420.0 ], [ 300360.0, 2100450.0 ], [ 300320.0, 2100450.0 ], [ 300320.0, 2100420.0 ] ] ] } },
{ "type": "Feature", "properties": { "parcel_id": "P0360", "survey_no": "SRV-1360", "owner_name": "Rajesh Kumar", "area_sqm": 1200.0, "land_use": "Mixed Use" }, "geometry": { "type": "Polygon", "coordinates": [ [ [ 300360.0, 2100420.0 ], [ 300400.0, 2100420.0 ], [ 300400.0, 2100450.0 ], [ 300360.0, 2100450.0 ], [ 300360.0, 2100420.0 ] ] ] } },
{ "type": "Feature", "properties": { "parcel_id": "P0361", "survey_no": "SRV-1361", "owner_name": "Amit Sharma", "area_sqm": 1200.0, "land_use": "Vacant" }, "geometry": { "type": "Polygon", "coordinates": [ [ [ 300400.0, 2100420.0 ], [ 300440.0, 2100420.0 ], [ 300440.0, 2100450.0 ], [ 300400.0, 2100450.0 ], [ 300400.0, 2100420.0 ] ] ] } },
{ "type": "Feature", "properties": { "parcel_id": "P0362", "survey_no": "SRV-1362", "owner_name": "Suresh Patil", "area_sqm": 1200.0, "land_use": "Residential" }, "geometry": { "type": "Polygon", "coordinates": [ [ [ 300440.0, 2100420.0 ], [ 300480.0, 2100420.0 ], [ 300480.0, 2100450.0 ], [ 300440.0, 2100450.0 ], [ 300440.0, 2100420.0 ] ] ] } },
{ "type": "Feature", "properties": { "parcel_id": "P0363", "survey_no": "SRV-1363", "owner_name": "Mahesh Deshmukh", "area_sqm": 1200.0, "land_use": "Mixed Use" }, "geometry": { "type": "Polygon", "coordinates": [ [ [ 300480.0, 2100420.0 ], [ 300520.0, 2100420.0 ], [ 300520.0, 2100450.0 ], [ 300480.0, 2100450.0 ], [ 300480.0, 2100420.0 ] ] ] } },
{ "type": "Feature", "properties": { "parcel_id": "P0364", "survey_no": "SRV-1364", "owner_name": "Rohit Kulkarni", "area_sqm": 1200.0, "land_use": "Vacant" }, "geometry": { "type": "Polygon", "coordinates": [ [ [ 300520.0, 2100420.0 ], [ 300560.0, 2100420.0 ], [ 300560.0, 2100450.0 ], [ 300520.0, 2100450.0 ], [ 300520.0, 2100420.0 ] ] ] } },
{ "type": "Feature", "properties": { "parcel_id": "P0365", "survey_no": "SRV-1365", "owner_name": "Rohit Kulkarni", "area_sqm": 1200.0, "land_use": "Mixed Use" }, "geometry": { "type": "Polygon", "coordinates": [ [ [ 300560.0, 2100420.0 ], [ 300600.0, 2100420.0 ], [ 300600.0, 2100450.0 ], [ 300560.0, 2100450.0 ], [ 300560.0, 2100420.0 ] ] ] } },
{ "type": "Feature", "properties": { "parcel_id": "P0366", "survey_no": "SRV-1366", "owner_name": "Amit Sharma", "area_sqm": 1200.0, "land_use": "Residential" }, "geometry": { "type": "Polygon", "coordinates": [ [ [ 300600.0, 2100420.0 ], [ 300640.0, 2100420.0 ], [ 300640.0, 2100450.0 ], [ 300600.0, 2100450.0 ], [ 300600.0, 2100420.0 ] ] ] } },
{ "type": "Feature", "properties": { "parcel_id": "P0367", "survey_no": "SRV-1367", "owner_name": "Neha Verma", "area_sqm": 1200.0, "land_use": "Vacant" }, "geometry": { "type": "Polygon", "coordinates": [ [ [ 300640.0, 2100420.0 ], [ 300680.0, 2100420.0 ], [ 300680.0, 2100450.0 ], [ 300640.0, 2100450.0 ], [ 300640.0, 2100420.0 ] ] ] } },
{ "type": "Feature", "properties": { "parcel_id": "P0368", "survey_no": "SRV-1368", "owner_name": "Suresh Patil", "area_sqm": 1200.0, "land_use": "Residential" }, "geometry": { "type": "Polygon", "coordinates": [ [ [ 300680.0, 2100420.0 ], [ 300720.0, 2100420.0 ], [ 300720.0, 2100450.0 ], [ 300680.0, 2100450.0 ], [ 300680.0, 2100420.0 ] ] ] } },
{ "type": "Feature", "properties": { "parcel_id": "P0369", "survey_no": "SRV-1369", "owner_name": "Anita Joshi", "area_sqm": 1200.0, "land_use": "Vacant" }, "geometry": { "type": "Polygon", "coordinates": [ [ [ 300720.0, 2100420.0 ], [ 300760.0, 2100420.0 ], [ 300760.0, 2100450.0 ], [ 300720.0, 2100450.0 ], [ 300720.0, 2100420.0 ] ] ] } },
{ "type": "Feature", "properties": { "parcel_id": "P0370", "survey_no": "SRV-1370", "owner_name": "Suresh Patil", "area_sqm": 1200.0, "land_use": "Residential" }, "geometry": { "type": "Polygon", "coordinates": [ [ [ 300760.0, 2100420.0 ], [ 300800.0, 2100420.0 ], [ 300800.0, 2100450.0 ], [ 300760.0, 2100450.0 ], [ 300760.0, 2100420.0 ] ] ] } },
{ "type": "Feature", "properties": { "parcel_id": "P0371", "survey_no": "SRV-1371", "owner_name": "Amit Sharma", "area_sqm": 1200.0, "land_use": "Commercial" }, "geometry": { "type": "Polygon", "coordinates": [ [ [ 300800.0, 2100420.0 ], [ 300840.0, 2100420.0 ], [ 300840.0, 2100450.0 ], [ 300800.0, 2100450.0 ], [ 300800.0, 2100420.0 ] ] ] } },
{ "type": "Feature", "properties": { "parcel_id": "P0372", "survey_no": "SRV-1372", "owner_name": "Mahesh Deshmukh", "area_sqm": 1200.0, "land_use": "Mixed Use" }, "geometry": { "type": "Polygon", "coordinates": [ [ [ 300840.0, 2100420.0 ], [ 300880.0, 2100420.0 ], [ 300880.0, 2100450.0 ], [ 300840.0, 2100450.0 ], [ 300840.0, 2100420.0 ] ] ] } },
{ "type": "Feature", "properties": { "parcel_id": "P0373", "survey_no": "SRV-1373", "owner_name": "Suresh Patil", "area_sqm": 1200.0, "land_use": "Commercial" }, "geometry": { "type": "Polygon", "coordinates": [ [ [ 300880.0, 2100420.0 ], [ 300920.0, 2100420.0 ], [ 300920.0, 2100450.0 ], [ 300880.0, 2100450.0 ], [ 300880.0, 2100420.0 ] ] ] } },
{ "type": "Feature", "properties": { "parcel_id": "P0374", "survey_no": "SRV-1374", "owner_name": "Suresh Patil", "area_sqm": 1200.0, "land_use": "Vacant" }, "geometry": { "type": "Polygon", "coordinates": [ [ [ 300920.0, 2100420.0 ], [ 300960.0, 2100420.0 ], [ 300960.0, 2100450.0 ], [ 300920.0, 2100450.0 ], [ 300920.0, 2100420.0 ] ] ] } },
{ "type": "Feature", "properties": { "parcel_id": "P0375", "survey_no": "SRV-1375", "owner_name": "Mahesh Deshmukh", "area_sqm": 1200.0, "land_use": "Commercial" }, "geometry": { "type": "Polygon", "coordinates": [ [ [ 300960.0, 2100420.0 ], [ 301000.0, 2100420.0 ], [ 301000.0, 2100450.0 ], [ 300960.0, 2100450.0 ], [ 300960.0, 2100420.0 ] ] ] } },
{ "type": "Feature", "properties": { "parcel_id": "P0376", "survey_no": "SRV-1376", "owner_name": "Sunita Pawar", "area_sqm": 1200.0, "land_use": "Vacant" }, "geometry": { "type": "Polygon", "coordinates": [ [ [ 300000.0, 2100450.0 ], [ 300040.0, 2100450.0 ], [ 300040.0, 2100480.0 ], [ 300000.0, 2100480.0 ], [ 300000.0, 2100450.0 ] ] ] } },
{ "type": "Feature", "properties": { "parcel_id": "P0377", "survey_no": "SRV-1377", "owner_name": "Rohit Kulkarni", "area_sqm": 1200.0, "land_use": "Vacant" }, "geometry": { "type": "Polygon", "coordinates": [ [ [ 300040.0, 2100450.0 ], [ 300080.0, 2100450.0 ], [ 300080.0, 2100480.0 ], [ 300040.0, 2100480.0 ], [ 300040.0, 2100450.0 ] ] ] } },
{ "type": "Feature", "properties": { "parcel_id": "P0378", "survey_no": "SRV-1378", "owner_name": "Neha Verma", "area_sqm": 1200.0, "land_use": "Vacant" }, "geometry": { "type": "Polygon", "coordinates": [ [ [ 300080.0, 2100450.0 ], [ 300120.0, 2100450.0 ], [ 300120.0, 2100480.0 ], [ 300080.0, 2100480.0 ], [ 300080.0, 2100450.0 ] ] ] } },
{ "type": "Feature", "properties": { "parcel_id": "P0379", "survey_no": "SRV-1379", "owner_name": "Neha Verma", "area_sqm": 1200.0, "land_use": "Residential" }, "geometry": { "type": "Polygon", "coordinates": [ [ [ 300120.0, 2100450.0 ], [ 300160.0, 2100450.0 ], [ 300160.0, 2100480.0 ], [ 300120.0, 2100480.0 ], [ 300120.0, 2100450.0 ] ] ] } },
{ "type": "Feature", "properties": { "parcel_id": "P0380", "survey_no": "SRV-1380", "owner_name": "Mahesh Deshmukh", "area_sqm": 1200.0, "land_use": "Residential" }, "geometry": { "type": "Polygon", "coordinates": [ [ [ 300160.0, 2100450.0 ], [ 300200.0, 2100450.0 ], [ 300200.0, 2100480.0 ], [ 300160.0, 2100480.0 ], [ 300160.0, 2100450.0 ] ] ] } },
{ "type": "Feature", "properties": { "parcel_id": "P0381", "survey_no": "SRV-1381", "owner_name": "Priya Singh", "area_sqm": 1200.0, "land_use": "Commercial" }, "geometry": { "type": "Polygon", "coordinates": [ [ [ 300200.0, 2100450.0 ], [ 300240.0, 2100450.0 ], [ 300240.0, 2100480.0 ], [ 300200.0, 2100480.0 ], [ 300200.0, 2100450.0 ] ] ] } },
{ "type": "Feature", "properties": { "parcel_id": "P0382", "survey_no": "SRV-1382", "owner_name": "Neha Verma", "area_sqm": 1200.0, "land_use": "Residential" }, "geometry": { "type": "Polygon", "coordinates": [ [ [ 300240.0, 2100450.0 ], [ 300280.0, 2100450.0 ], [ 300280.0, 2100480.0 ], [ 300240.0, 2100480.0 ], [ 300240.0, 2100450.0 ] ] ] } },
{ "type": "Feature", "properties": { "parcel_id": "P0383", "survey_no": "SRV-1383", "owner_name": "Amit Sharma", "area_sqm": 1200.0, "land_use": "Commercial" }, "geometry": { "type": "Polygon", "coordinates": [ [ [ 300280.0, 2100450.0 ], [ 300320.0, 2100450.0 ], [ 300320.0, 2100480.0 ], [ 300280.0, 2100480.0 ], [ 300280.0, 2100450.0 ] ] ] } },
{ "type": "Feature", "properties": { "parcel_id": "P0384", "survey_no": "SRV-1384", "owner_name": "Amit Sharma", "area_sqm": 1200.0, "land_use": "Residential" }, "geometry": { "type": "Polygon", "coordinates": [ [ [ 300320.0, 2100450.0 ], [ 300360.0, 2100450.0 ], [ 300360.0, 2100480.0 ], [ 300320.0, 2100480.0 ], [ 300320.0, 2100450.0 ] ] ] } },
{ "type": "Feature", "properties": { "parcel_id": "P0385", "survey_no": "SRV-1385", "owner_name": "Amit Sharma", "area_sqm": 1200.0, "land_use": "Residential" }, "geometry": { "type": "Polygon", "coordinates": [ [ [ 300360.0, 2100450.0 ], [ 300400.0, 2100450.0 ], [ 300400.0, 2100480.0 ], [ 300360.0, 2100480.0 ], [ 300360.0, 2100450.0 ] ] ] } },
{ "type": "Feature", "properties": { "parcel_id": "P0386", "survey_no": "SRV-1386", "owner_name": "Anita Joshi", "area_sqm": 1200.0, "land_use": "Vacant" }, "geometry": { "type": "Polygon", "coordinates": [ [ [ 300400.0, 2100450.0 ], [ 300440.0, 2100450.0 ], [ 300440.0, 2100480.0 ], [ 300400.0, 2100480.0 ], [ 300400.0, 2100450.0 ] ] ] } },
{ "type": "Feature", "properties": { "parcel_id": "P0387", "survey_no": "SRV-1387", "owner_name": "Mahesh Deshmukh", "area_sqm": 1200.0, "land_use": "Vacant" }, "geometry": { "type": "Polygon", "coordinates": [ [ [ 300440.0, 2100450.0 ], [ 300480.0, 2100450.0 ], [ 300480.0, 2100480.0 ], [ 300440.0, 2100480.0 ], [ 300440.0, 2100450.0 ] ] ] } },
{ "type": "Feature", "properties": { "parcel_id": "P0388", "survey_no": "SRV-1388", "owner_name": "Neha Verma", "area_sqm": 1200.0, "land_use": "Residential" }, "geometry": { "type": "Polygon", "coordinates": [ [ [ 300480.0, 2100450.0 ], [ 300520.0, 2100450.0 ], [ 300520.0, 2100480.0 ], [ 300480.0, 2100480.0 ], [ 300480.0, 2100450.0 ] ] ] } },
{ "type": "Feature", "properties": { "parcel_id": "P0389", "survey_no": "SRV-1389", "owner_name": "Priya Singh", "area_sqm": 1200.0, "land_use": "Mixed Use" }, "geometry": { "type": "Polygon", "coordinates": [ [ [ 300520.0, 2100450.0 ], [ 300560.0, 2100450.0 ], [ 300560.0, 2100480.0 ], [ 300520.0, 2100480.0 ], [ 300520.0, 2100450.0 ] ] ] } },
{ "type": "Feature", "properties": { "parcel_id": "P0390", "survey_no": "SRV-1390", "owner_name": "Neha Verma", "area_sqm": 1200.0, "land_use": "Vacant" }, "geometry": { "type": "Polygon", "coordinates": [ [ [ 300560.0, 2100450.0 ], [ 300600.0, 2100450.0 ], [ 300600.0, 2100480.0 ], [ 300560.0, 2100480.0 ], [ 300560.0, 2100450.0 ] ] ] } },
{ "type": "Feature", "properties": { "parcel_id": "P0391", "survey_no": "SRV-1391", "owner_name": "Suresh Patil", "area_sqm": 1200.0, "land_use": "Commercial" }, "geometry": { "type": "Polygon", "coordinates": [ [ [ 300600.0, 2100450.0 ], [ 300640.0, 2100450.0 ], [ 300640.0, 2100480.0 ], [ 300600.0, 2100480.0 ], [ 300600.0, 2100450.0 ] ] ] } },
{ "type": "Feature", "properties": { "parcel_id": "P0392", "survey_no": "SRV-1392", "owner_name": "Neha Verma", "area_sqm": 1200.0, "land_use": "Commercial" }, "geometry": { "type": "Polygon", "coordinates": [ [ [ 300640.0, 2100450.0 ], [ 300680.0, 2100450.0 ], [ 300680.0, 2100480.0 ], [ 300640.0, 2100480.0 ], [ 300640.0, 2100450.0 ] ] ] } },
{ "type": "Feature", "properties": { "parcel_id": "P0393", "survey_no": "SRV-1393", "owner_name": "Anita Joshi", "area_sqm": 1200.0, "land_use": "Residential" }, "geometry": { "type": "Polygon", "coordinates": [ [ [ 300680.0, 2100450.0 ], [ 300720.0, 2100450.0 ], [ 300720.0, 2100480.0 ], [ 300680.0, 2100480.0 ], [ 300680.0, 2100450.0 ] ] ] } },
{ "type": "Feature", "properties": { "parcel_id": "P0394", "survey_no": "SRV-1394", "owner_name": "Sunita Pawar", "area_sqm": 1200.0, "land_use": "Commercial" }, "geometry": { "type": "Polygon", "coordinates": [ [ [ 300720.0, 2100450.0 ], [ 300760.0, 2100450.0 ], [ 300760.0, 2100480.0 ], [ 300720.0, 2100480.0 ], [ 300720.0, 2100450.0 ] ] ] } },
{ "type": "Feature", "properties": { "parcel_id": "P0395", "survey_no": "SRV-1395", "owner_name": "Amit Sharma", "area_sqm": 1200.0, "land_use": "Mixed Use" }, "geometry": { "type": "Polygon", "coordinates": [ [ [ 300760.0, 2100450.0 ], [ 300800.0, 2100450.0 ], [ 300800.0, 2100480.0 ], [ 300760.0, 2100480.0 ], [ 300760.0, 2100450.0 ] ] ] } },
{ "type": "Feature", "properties": { "parcel_id": "P0396", "survey_no": "SRV-1396", "owner_name": "Amit Sharma", "area_sqm": 1200.0, "land_use": "Residential" }, "geometry": { "type": "Polygon", "coordinates": [ [ [ 300800.0, 2100450.0 ], [ 300840.0, 2100450.0 ], [ 300840.0, 2100480.0 ], [ 300800.0, 2100480.0 ], [ 300800.0, 2100450.0 ] ] ] } },
{ "type": "Feature", "properties": { "parcel_id": "P0397", "survey_no": "SRV-1397", "owner_name": "Rajesh Kumar", "area_sqm": 1200.0, "land_use": "Commercial" }, "geometry": { "type": "Polygon", "coordinates": [ [ [ 300840.0, 2100450.0 ], [ 300880.0, 2100450.0 ], [ 300880.0, 2100480.0 ], [ 300840.0, 2100480.0 ], [ 300840.0, 2100450.0 ] ] ] } },
{ "type": "Feature", "properties": { "parcel_id": "P0398", "survey_no": "SRV-1398", "owner_name": "Neha Verma", "area_sqm": 1200.0, "land_use": "Mixed Use" }, "geometry": { "type": "Polygon", "coordinates": [ [ [ 300880.0, 2100450.0 ], [ 300920.0, 2100450.0 ], [ 300920.0, 2100480.0 ], [ 300880.0, 2100480.0 ], [ 300880.0, 2100450.0 ] ] ] } },
{ "type": "Feature", "properties": { "parcel_id": "P0399", "survey_no": "SRV-1399", "owner_name": "Rohit Kulkarni", "area_sqm": 1200.0, "land_use": "Residential" }, "geometry": { "type": "Polygon", "coordinates": [ [ [ 300920.0, 2100450.0 ], [ 300960.0, 2100450.0 ], [ 300960.0, 2100480.0 ], [ 300920.0, 2100480.0 ], [ 300920.0, 2100450.0 ] ] ] } },
{ "type": "Feature", "properties": { "parcel_id": "P0400", "survey_no": "SRV-1400", "owner_name": "Rohit Kulkarni", "area_sqm": 1200.0, "land_use": "Mixed Use" }, "geometry": { "type": "Polygon", "coordinates": [ [ [ 300960.0, 2100450.0 ], [ 301000.0, 2100450.0 ], [ 301000.0, 2100480.0 ], [ 300960.0, 2100480.0 ], [ 300960.0, 2100450.0 ] ] ] } },
{ "type": "Feature", "properties": { "parcel_id": "P0401", "survey_no": "SRV-1401", "owner_name": "Anita Joshi", "area_sqm": 1200.0, "land_use": "Mixed Use" }, "geometry": { "type": "Polygon", "coordinates": [ [ [ 300000.0, 2100480.0 ], [ 300040.0, 2100480.0 ], [ 300040.0, 2100510.0 ], [ 300000.0, 2100510.0 ], [ 300000.0, 2100480.0 ] ] ] } },
{ "type": "Feature", "properties": { "parcel_id": "P0402", "survey_no": "SRV-1402", "owner_name": "Sunita Pawar", "area_sqm": 1200.0, "land_use": "Vacant" }, "geometry": { "type": "Polygon", "coordinates": [ [ [ 300040.0, 2100480.0 ], [ 300080.0, 2100480.0 ], [ 300080.0, 2100510.0 ], [ 300040.0, 2100510.0 ], [ 300040.0, 2100480.0 ] ] ] } },
{ "type": "Feature", "properties": { "parcel_id": "P0403", "survey_no": "SRV-1403", "owner_name": "Rohit Kulkarni", "area_sqm": 1200.0, "land_use": "Residential" }, "geometry": { "type": "Polygon", "coordinates": [ [ [ 300080.0, 2100480.0 ], [ 300120.0, 2100480.0 ], [ 300120.0, 2100510.0 ], [ 300080.0, 2100510.0 ], [ 300080.0, 2100480.0 ] ] ] } },
{ "type": "Feature", "properties": { "parcel_id": "P0404", "survey_no": "SRV-1404", "owner_name": "Mahesh Deshmukh", "area_sqm": 1200.0, "land_use": "Residential" }, "geometry": { "type": "Polygon", "coordinates": [ [ [ 300120.0, 2100480.0 ], [ 300160.0, 2100480.0 ], [ 300160.0, 2100510.0 ], [ 300120.0, 2100510.0 ], [ 300120.0, 2100480.0 ] ] ] } },
{ "type": "Feature", "properties": { "parcel_id": "P0405", "survey_no": "SRV-1405", "owner_name": "Anita Joshi", "area_sqm": 1200.0, "land_use": "Mixed Use" }, "geometry": { "type": "Polygon", "coordinates": [ [ [ 300160.0, 2100480.0 ], [ 300200.0, 2100480.0 ], [ 300200.0, 2100510.0 ], [ 300160.0, 2100510.0 ], [ 300160.0, 2100480.0 ] ] ] } },
{ "type": "Feature", "properties": { "parcel_id": "P0406", "survey_no": "SRV-1406", "owner_name": "Mahesh Deshmukh", "area_sqm": 1200.0, "land_use": "Mixed Use" }, "geometry": { "type": "Polygon", "coordinates": [ [ [ 300200.0, 2100480.0 ], [ 300240.0, 2100480.0 ], [ 300240.0, 2100510.0 ], [ 300200.0, 2100510.0 ], [ 300200.0, 2100480.0 ] ] ] } },
{ "type": "Feature", "properties": { "parcel_id": "P0407", "survey_no": "SRV-1407", "owner_name": "Rajesh Kumar", "area_sqm": 1200.0, "land_use": "Residential" }, "geometry": { "type": "Polygon", "coordinates": [ [ [ 300240.0, 2100480.0 ], [ 300280.0, 2100480.0 ], [ 300280.0, 2100510.0 ], [ 300240.0, 2100510.0 ], [ 300240.0, 2100480.0 ] ] ] } },
{ "type": "Feature", "properties": { "parcel_id": "P0408", "survey_no": "SRV-1408", "owner_name": "Priya Singh", "area_sqm": 1200.0, "land_use": "Residential" }, "geometry": { "type": "Polygon", "coordinates": [ [ [ 300280.0, 2100480.0 ], [ 300320.0, 2100480.0 ], [ 300320.0, 2100510.0 ], [ 300280.0, 2100510.0 ], [ 300280.0, 2100480.0 ] ] ] } },
{ "type": "Feature", "properties": { "parcel_id": "P0409", "survey_no": "SRV-1409", "owner_name": "Neha Verma", "area_sqm": 1200.0, "land_use": "Residential" }, "geometry": { "type": "Polygon", "coordinates": [ [ [ 300320.0, 2100480.0 ], [ 300360.0, 2100480.0 ], [ 300360.0, 2100510.0 ], [ 300320.0, 2100510.0 ], [ 300320.0, 2100480.0 ] ] ] } },
{ "type": "Feature", "properties": { "parcel_id": "P0410", "survey_no": "SRV-1410", "owner_name": "Amit Sharma", "area_sqm": 1200.0, "land_use": "Vacant" }, "geometry": { "type": "Polygon", "coordinates": [ [ [ 300360.0, 2100480.0 ], [ 300400.0, 2100480.0 ], [ 300400.0, 2100510.0 ], [ 300360.0, 2100510.0 ], [ 300360.0, 2100480.0 ] ] ] } },
{ "type": "Feature", "properties": { "parcel_id": "P0411", "survey_no": "SRV-1411", "owner_name": "Sunita Pawar", "area_sqm": 1200.0, "land_use": "Vacant" }, "geometry": { "type": "Polygon", "coordinates": [ [ [ 300400.0, 2100480.0 ], [ 300440.0, 2100480.0 ], [ 300440.0, 2100510.0 ], [ 300400.0, 2100510.0 ], [ 300400.0, 2100480.0 ] ] ] } },
{ "type": "Feature", "properties": { "parcel_id": "P0412", "survey_no": "SRV-1412", "owner_name": "Neha Verma", "area_sqm": 1200.0, "land_use": "Commercial" }, "geometry": { "type": "Polygon", "coordinates": [ [ [ 300440.0, 2100480.0 ], [ 300480.0, 2100480.0 ], [ 300480.0, 2100510.0 ], [ 300440.0, 2100510.0 ], [ 300440.0, 2100480.0 ] ] ] } },
{ "type": "Feature", "properties": { "parcel_id": "P0413", "survey_no": "SRV-1413", "owner_name": "Mahesh Deshmukh", "area_sqm": 1200.0, "land_use": "Vacant" }, "geometry": { "type": "Polygon", "coordinates": [ [ [ 300480.0, 2100480.0 ], [ 300520.0, 2100480.0 ], [ 300520.0, 2100510.0 ], [ 300480.0, 2100510.0 ], [ 300480.0, 2100480.0 ] ] ] } },
{ "type": "Feature", "properties": { "parcel_id": "P0414", "survey_no": "SRV-1414", "owner_name": "Rohit Kulkarni", "area_sqm": 1200.0, "land_use": "Residential" }, "geometry": { "type": "Polygon", "coordinates": [ [ [ 300520.0, 2100480.0 ], [ 300560.0, 2100480.0 ], [ 300560.0, 2100510.0 ], [ 300520.0, 2100510.0 ], [ 300520.0, 2100480.0 ] ] ] } },
{ "type": "Feature", "properties": { "parcel_id": "P0415", "survey_no": "SRV-1415", "owner_name": "Rohit Kulkarni", "area_sqm": 1200.0, "land_use": "Mixed Use" }, "geometry": { "type": "Polygon", "coordinates": [ [ [ 300560.0, 2100480.0 ], [ 300600.0, 2100480.0 ], [ 300600.0, 2100510.0 ], [ 300560.0, 2100510.0 ], [ 300560.0, 2100480.0 ] ] ] } },
{ "type": "Feature", "properties": { "parcel_id": "P0416", "survey_no": "SRV-1416", "owner_name": "Anita Joshi", "area_sqm": 1200.0, "land_use": "Mixed Use" }, "geometry": { "type": "Polygon", "coordinates": [ [ [ 300600.0, 2100480.0 ], [ 300640.0, 2100480.0 ], [ 300640.0, 2100510.0 ], [ 300600.0, 2100510.0 ], [ 300600.0, 2100480.0 ] ] ] } },
{ "type": "Feature", "properties": { "parcel_id": "P0417", "survey_no": "SRV-1417", "owner_name": "Vijay More", "area_sqm": 1200.0, "land_use": "Residential" }, "geometry": { "type": "Polygon", "coordinates": [ [ [ 300640.0, 2100480.0 ], [ 300680.0, 2100480.0 ], [ 300680.0, 2100510.0 ], [ 300640.0, 2100510.0 ], [ 300640.0, 2100480.0 ] ] ] } },
{ "type": "Feature", "properties": { "parcel_id": "P0418", "survey_no": "SRV-1418", "owner_name": "Amit Sharma", "area_sqm": 1200.0, "land_use": "Mixed Use" }, "geometry": { "type": "Polygon", "coordinates": [ [ [ 300680.0, 2100480.0 ], [ 300720.0, 2100480.0 ], [ 300720.0, 2100510.0 ], [ 300680.0, 2100510.0 ], [ 300680.0, 2100480.0 ] ] ] } },
{ "type": "Feature", "properties": { "parcel_id": "P0419", "survey_no": "SRV-1419", "owner_name": "Anita Joshi", "area_sqm": 1200.0, "land_use": "Vacant" }, "geometry": { "type": "Polygon", "coordinates": [ [ [ 300720.0, 2100480.0 ], [ 300760.0, 2100480.0 ], [ 300760.0, 2100510.0 ], [ 300720.0, 2100510.0 ], [ 300720.0, 2100480.0 ] ] ] } },
{ "type": "Feature", "properties": { "parcel_id": "P0420", "survey_no": "SRV-1420", "owner_name": "Neha Verma", "area_sqm": 1200.0, "land_use": "Vacant" }, "geometry": { "type": "Polygon", "coordinates": [ [ [ 300760.0, 2100480.0 ], [ 300800.0, 2100480.0 ], [ 300800.0, 2100510.0 ], [ 300760.0, 2100510.0 ], [ 300760.0, 2100480.0 ] ] ] } },
{ "type": "Feature", "properties": { "parcel_id": "P0421", "survey_no": "SRV-1421", "owner_name": "Sunita Pawar", "area_sqm": 1200.0, "land_use": "Residential" }, "geometry": { "type": "Polygon", "coordinates": [ [ [ 300800.0, 2100480.0 ], [ 300840.0, 2100480.0 ], [ 300840.0, 2100510.0 ], [ 300800.0, 2100510.0 ], [ 300800.0, 2100480.0 ] ] ] } },
{ "type": "Feature", "properties": { "parcel_id": "P0422", "survey_no": "SRV-1422", "owner_name": "Rohit Kulkarni", "area_sqm": 1200.0, "land_use": "Residential" }, "geometry": { "type": "Polygon", "coordinates": [ [ [ 300840.0, 2100480.0 ], [ 300880.0, 2100480.0 ], [ 300880.0, 2100510.0 ], [ 300840.0, 2100510.0 ], [ 300840.0, 2100480.0 ] ] ] } },
{ "type": "Feature", "properties": { "parcel_id": "P0423", "survey_no": "SRV-1423", "owner_name": "Vijay More", "area_sqm": 1200.0, "land_use": "Mixed Use" }, "geometry": { "type": "Polygon", "coordinates": [ [ [ 300880.0, 2100480.0 ], [ 300920.0, 2100480.0 ], [ 300920.0, 2100510.0 ], [ 300880.0, 2100510.0 ], [ 300880.0, 2100480.0 ] ] ] } },
{ "type": "Feature", "properties": { "parcel_id": "P0424", "survey_no": "SRV-1424", "owner_name": "Vijay More", "area_sqm": 1200.0, "land_use": "Residential" }, "geometry": { "type": "Polygon", "coordinates": [ [ [ 300920.0, 2100480.0 ], [ 300960.0, 2100480.0 ], [ 300960.0, 2100510.0 ], [ 300920.0, 2100510.0 ], [ 300920.0, 2100480.0 ] ] ] } },
{ "type": "Feature", "properties": { "parcel_id": "P0425", "survey_no": "SRV-1425", "owner_name": "Anita Joshi", "area_sqm": 1200.0, "land_use": "Residential" }, "geometry": { "type": "Polygon", "coordinates": [ [ [ 300960.0, 2100480.0 ], [ 301000.0, 2100480.0 ], [ 301000.0, 2100510.0 ], [ 300960.0, 2100510.0 ], [ 300960.0, 2100480.0 ] ] ] } },
{ "type": "Feature", "properties": { "parcel_id": "P0426", "survey_no": "SRV-1426", "owner_name": "Sunita Pawar", "area_sqm": 1200.0, "land_use": "Vacant" }, "geometry": { "type": "Polygon", "coordinates": [ [ [ 300000.0, 2100510.0 ], [ 300040.0, 2100510.0 ], [ 300040.0, 2100540.0 ], [ 300000.0, 2100540.0 ], [ 300000.0, 2100510.0 ] ] ] } },
{ "type": "Feature", "properties": { "parcel_id": "P0427", "survey_no": "SRV-1427", "owner_name": "Anita Joshi", "area_sqm": 1200.0, "land_use": "Residential" }, "geometry": { "type": "Polygon", "coordinates": [ [ [ 300040.0, 2100510.0 ], [ 300080.0, 2100510.0 ], [ 300080.0, 2100540.0 ], [ 300040.0, 2100540.0 ], [ 300040.0, 2100510.0 ] ] ] } },
{ "type": "Feature", "properties": { "parcel_id": "P0428", "survey_no": "SRV-1428", "owner_name": "Priya Singh", "area_sqm": 1200.0, "land_use": "Mixed Use" }, "geometry": { "type": "Polygon", "coordinates": [ [ [ 300080.0, 2100510.0 ], [ 300120.0, 2100510.0 ], [ 300120.0, 2100540.0 ], [ 300080.0, 2100540.0 ], [ 300080.0, 2100510.0 ] ] ] } },
{ "type": "Feature", "properties": { "parcel_id": "P0429", "survey_no": "SRV-1429", "owner_name": "Mahesh Deshmukh", "area_sqm": 1200.0, "land_use": "Vacant" }, "geometry": { "type": "Polygon", "coordinates": [ [ [ 300120.0, 2100510.0 ], [ 300160.0, 2100510.0 ], [ 300160.0, 2100540.0 ], [ 300120.0, 2100540.0 ], [ 300120.0, 2100510.0 ] ] ] } },
{ "type": "Feature", "properties": { "parcel_id": "P0430", "survey_no": "SRV-1430", "owner_name": "Rohit Kulkarni", "area_sqm": 1200.0, "land_use": "Residential" }, "geometry": { "type": "Polygon", "coordinates": [ [ [ 300160.0, 2100510.0 ], [ 300200.0, 2100510.0 ], [ 300200.0, 2100540.0 ], [ 300160.0, 2100540.0 ], [ 300160.0, 2100510.0 ] ] ] } },
{ "type": "Feature", "properties": { "parcel_id": "P0431", "survey_no": "SRV-1431", "owner_name": "Priya Singh", "area_sqm": 1200.0, "land_use": "Mixed Use" }, "geometry": { "type": "Polygon", "coordinates": [ [ [ 300200.0, 2100510.0 ], [ 300240.0, 2100510.0 ], [ 300240.0, 2100540.0 ], [ 300200.0, 2100540.0 ], [ 300200.0, 2100510.0 ] ] ] } },
{ "type": "Feature", "properties": { "parcel_id": "P0432", "survey_no": "SRV-1432", "owner_name": "Sunita Pawar", "area_sqm": 1200.0, "land_use": "Commercial" }, "geometry": { "type": "Polygon", "coordinates": [ [ [ 300240.0, 2100510.0 ], [ 300280.0, 2100510.0 ], [ 300280.0, 2100540.0 ], [ 300240.0, 2100540.0 ], [ 300240.0, 2100510.0 ] ] ] } },
{ "type": "Feature", "properties": { "parcel_id": "P0433", "survey_no": "SRV-1433", "owner_name": "Neha Verma", "area_sqm": 1200.0, "land_use": "Vacant" }, "geometry": { "type": "Polygon", "coordinates": [ [ [ 300280.0, 2100510.0 ], [ 300320.0, 2100510.0 ], [ 300320.0, 2100540.0 ], [ 300280.0, 2100540.0 ], [ 300280.0, 2100510.0 ] ] ] } },
{ "type": "Feature", "properties": { "parcel_id": "P0434", "survey_no": "SRV-1434", "owner_name": "Rohit Kulkarni", "area_sqm": 1200.0, "land_use": "Residential" }, "geometry": { "type": "Polygon", "coordinates": [ [ [ 300320.0, 2100510.0 ], [ 300360.0, 2100510.0 ], [ 300360.0, 2100540.0 ], [ 300320.0, 2100540.0 ], [ 300320.0, 2100510.0 ] ] ] } },
{ "type": "Feature", "properties": { "parcel_id": "P0435", "survey_no": "SRV-1435", "owner_name": "Rajesh Kumar", "area_sqm": 1200.0, "land_use": "Commercial" }, "geometry": { "type": "Polygon", "coordinates": [ [ [ 300360.0, 2100510.0 ], [ 300400.0, 2100510.0 ], [ 300400.0, 2100540.0 ], [ 300360.0, 2100540.0 ], [ 300360.0, 2100510.0 ] ] ] } },
{ "type": "Feature", "properties": { "parcel_id": "P0436", "survey_no": "SRV-1436", "owner_name": "Amit Sharma", "area_sqm": 1200.0, "land_use": "Mixed Use" }, "geometry": { "type": "Polygon", "coordinates": [ [ [ 300400.0, 2100510.0 ], [ 300440.0, 2100510.0 ], [ 300440.0, 2100540.0 ], [ 300400.0, 2100540.0 ], [ 300400.0, 2100510.0 ] ] ] } },
{ "type": "Feature", "properties": { "parcel_id": "P0437", "survey_no": "SRV-1437", "owner_name": "Sunita Pawar", "area_sqm": 1200.0, "land_use": "Residential" }, "geometry": { "type": "Polygon", "coordinates": [ [ [ 300440.0, 2100510.0 ], [ 300480.0, 2100510.0 ], [ 300480.0, 2100540.0 ], [ 300440.0, 2100540.0 ], [ 300440.0, 2100510.0 ] ] ] } },
{ "type": "Feature", "properties": { "parcel_id": "P0438", "survey_no": "SRV-1438", "owner_name": "Sunita Pawar", "area_sqm": 1200.0, "land_use": "Vacant" }, "geometry": { "type": "Polygon", "coordinates": [ [ [ 300480.0, 2100510.0 ], [ 300520.0, 2100510.0 ], [ 300520.0, 2100540.0 ], [ 300480.0, 2100540.0 ], [ 300480.0, 2100510.0 ] ] ] } },
{ "type": "Feature", "properties": { "parcel_id": "P0439", "survey_no": "SRV-1439", "owner_name": "Suresh Patil", "area_sqm": 1200.0, "land_use": "Commercial" }, "geometry": { "type": "Polygon", "coordinates": [ [ [ 300520.0, 2100510.0 ], [ 300560.0, 2100510.0 ], [ 300560.0, 2100540.0 ], [ 300520.0, 2100540.0 ], [ 300520.0, 2100510.0 ] ] ] } },
{ "type": "Feature", "properties": { "parcel_id": "P0440", "survey_no": "SRV-1440", "owner_name": "Suresh Patil", "area_sqm": 1200.0, "land_use": "Vacant" }, "geometry": { "type": "Polygon", "coordinates": [ [ [ 300560.0, 2100510.0 ], [ 300600.0, 2100510.0 ], [ 300600.0, 2100540.0 ], [ 300560.0, 2100540.0 ], [ 300560.0, 2100510.0 ] ] ] } },
{ "type": "Feature", "properties": { "parcel_id": "P0441", "survey_no": "SRV-1441", "owner_name": "Suresh Patil", "area_sqm": 1200.0, "land_use": "Commercial" }, "geometry": { "type": "Polygon", "coordinates": [ [ [ 300600.0, 2100510.0 ], [ 300640.0, 2100510.0 ], [ 300640.0, 2100540.0 ], [ 300600.0, 2100540.0 ], [ 300600.0, 2100510.0 ] ] ] } },
{ "type": "Feature", "properties": { "parcel_id": "P0442", "survey_no": "SRV-1442", "owner_name": "Rohit Kulkarni", "area_sqm": 1200.0, "land_use": "Mixed Use" }, "geometry": { "type": "Polygon", "coordinates": [ [ [ 300640.0, 2100510.0 ], [ 300680.0, 2100510.0 ], [ 300680.0, 2100540.0 ], [ 300640.0, 2100540.0 ], [ 300640.0, 2100510.0 ] ] ] } },
{ "type": "Feature", "properties": { "parcel_id": "P0443", "survey_no": "SRV-1443", "owner_name": "Sunita Pawar", "area_sqm": 1200.0, "land_use": "Mixed Use" }, "geometry": { "type": "Polygon", "coordinates": [ [ [ 300680.0, 2100510.0 ], [ 300720.0, 2100510.0 ], [ 300720.0, 2100540.0 ], [ 300680.0, 2100540.0 ], [ 300680.0, 2100510.0 ] ] ] } },
{ "type": "Feature", "properties": { "parcel_id": "P0444", "survey_no": "SRV-1444", "owner_name": "Anita Joshi", "area_sqm": 1200.0, "land_use": "Vacant" }, "geometry": { "type": "Polygon", "coordinates": [ [ [ 300720.0, 2100510.0 ], [ 300760.0, 2100510.0 ], [ 300760.0, 2100540.0 ], [ 300720.0, 2100540.0 ], [ 300720.0, 2100510.0 ] ] ] } },
{ "type": "Feature", "properties": { "parcel_id": "P0445", "survey_no": "SRV-1445", "owner_name": "Rohit Kulkarni", "area_sqm": 1200.0, "land_use": "Commercial" }, "geometry": { "type": "Polygon", "coordinates": [ [ [ 300760.0, 2100510.0 ], [ 300800.0, 2100510.0 ], [ 300800.0, 2100540.0 ], [ 300760.0, 2100540.0 ], [ 300760.0, 2100510.0 ] ] ] } },
{ "type": "Feature", "properties": { "parcel_id": "P0446", "survey_no": "SRV-1446", "owner_name": "Rohit Kulkarni", "area_sqm": 1200.0, "land_use": "Commercial" }, "geometry": { "type": "Polygon", "coordinates": [ [ [ 300800.0, 2100510.0 ], [ 300840.0, 2100510.0 ], [ 300840.0, 2100540.0 ], [ 300800.0, 2100540.0 ], [ 300800.0, 2100510.0 ] ] ] } },
{ "type": "Feature", "properties": { "parcel_id": "P0447", "survey_no": "SRV-1447", "owner_name": "Anita Joshi", "area_sqm": 1200.0, "land_use": "Commercial" }, "geometry": { "type": "Polygon", "coordinates": [ [ [ 300840.0, 2100510.0 ], [ 300880.0, 2100510.0 ], [ 300880.0, 2100540.0 ], [ 300840.0, 2100540.0 ], [ 300840.0, 2100510.0 ] ] ] } },
{ "type": "Feature", "properties": { "parcel_id": "P0448", "survey_no": "SRV-1448", "owner_name": "Mahesh Deshmukh", "area_sqm": 1200.0, "land_use": "Commercial" }, "geometry": { "type": "Polygon", "coordinates": [ [ [ 300880.0, 2100510.0 ], [ 300920.0, 2100510.0 ], [ 300920.0, 2100540.0 ], [ 300880.0, 2100540.0 ], [ 300880.0, 2100510.0 ] ] ] } },
{ "type": "Feature", "properties": { "parcel_id": "P0449", "survey_no": "SRV-1449", "owner_name": "Suresh Patil", "area_sqm": 1200.0, "land_use": "Mixed Use" }, "geometry": { "type": "Polygon", "coordinates": [ [ [ 300920.0, 2100510.0 ], [ 300960.0, 2100510.0 ], [ 300960.0, 2100540.0 ], [ 300920.0, 2100540.0 ], [ 300920.0, 2100510.0 ] ] ] } },
{ "type": "Feature", "properties": { "parcel_id": "P0450", "survey_no": "SRV-1450", "owner_name": "Anita Joshi", "area_sqm": 1200.0, "land_use": "Mixed Use" }, "geometry": { "type": "Polygon", "coordinates": [ [ [ 300960.0, 2100510.0 ], [ 301000.0, 2100510.0 ], [ 301000.0, 2100540.0 ], [ 300960.0, 2100540.0 ], [ 300960.0, 2100510.0 ] ] ] } },
{ "type": "Feature", "properties": { "parcel_id": "P0451", "survey_no": "SRV-1451", "owner_name": "Sunita Pawar", "area_sqm": 1200.0, "land_use": "Mixed Use" }, "geometry": { "type": "Polygon", "coordinates": [ [ [ 300000.0, 2100540.0 ], [ 300040.0, 2100540.0 ], [ 300040.0, 2100570.0 ], [ 300000.0, 2100570.0 ], [ 300000.0, 2100540.0 ] ] ] } },
{ "type": "Feature", "properties": { "parcel_id": "P0452", "survey_no": "SRV-1452", "owner_name": "Rajesh Kumar", "area_sqm": 1200.0, "land_use": "Mixed Use" }, "geometry": { "type": "Polygon", "coordinates": [ [ [ 300040.0, 2100540.0 ], [ 300080.0, 2100540.0 ], [ 300080.0, 2100570.0 ], [ 300040.0, 2100570.0 ], [ 300040.0, 2100540.0 ] ] ] } },
{ "type": "Feature", "properties": { "parcel_id": "P0453", "survey_no": "SRV-1453", "owner_name": "Neha Verma", "area_sqm": 1200.0, "land_use": "Vacant" }, "geometry": { "type": "Polygon", "coordinates": [ [ [ 300080.0, 2100540.0 ], [ 300120.0, 2100540.0 ], [ 300120.0, 2100570.0 ], [ 300080.0, 2100570.0 ], [ 300080.0, 2100540.0 ] ] ] } },
{ "type": "Feature", "properties": { "parcel_id": "P0454", "survey_no": "SRV-1454", "owner_name": "Amit Sharma", "area_sqm": 1200.0, "land_use": "Vacant" }, "geometry": { "type": "Polygon", "coordinates": [ [ [ 300120.0, 2100540.0 ], [ 300160.0, 2100540.0 ], [ 300160.0, 2100570.0 ], [ 300120.0, 2100570.0 ], [ 300120.0, 2100540.0 ] ] ] } },
{ "type": "Feature", "properties": { "parcel_id": "P0455", "survey_no": "SRV-1455", "owner_name": "Sunita Pawar", "area_sqm": 1200.0, "land_use": "Vacant" }, "geometry": { "type": "Polygon", "coordinates": [ [ [ 300160.0, 2100540.0 ], [ 300200.0, 2100540.0 ], [ 300200.0, 2100570.0 ], [ 300160.0, 2100570.0 ], [ 300160.0, 2100540.0 ] ] ] } },
{ "type": "Feature", "properties": { "parcel_id": "P0456", "survey_no": "SRV-1456", "owner_name": "Vijay More", "area_sqm": 1200.0, "land_use": "Mixed Use" }, "geometry": { "type": "Polygon", "coordinates": [ [ [ 300200.0, 2100540.0 ], [ 300240.0, 2100540.0 ], [ 300240.0, 2100570.0 ], [ 300200.0, 2100570.0 ], [ 300200.0, 2100540.0 ] ] ] } },
{ "type": "Feature", "properties": { "parcel_id": "P0457", "survey_no": "SRV-1457", "owner_name": "Sunita Pawar", "area_sqm": 1200.0, "land_use": "Vacant" }, "geometry": { "type": "Polygon", "coordinates": [ [ [ 300240.0, 2100540.0 ], [ 300280.0, 2100540.0 ], [ 300280.0, 2100570.0 ], [ 300240.0, 2100570.0 ], [ 300240.0, 2100540.0 ] ] ] } },
{ "type": "Feature", "properties": { "parcel_id": "P0458", "survey_no": "SRV-1458", "owner_name": "Rohit Kulkarni", "area_sqm": 1200.0, "land_use": "Mixed Use" }, "geometry": { "type": "Polygon", "coordinates": [ [ [ 300280.0, 2100540.0 ], [ 300320.0, 2100540.0 ], [ 300320.0, 2100570.0 ], [ 300280.0, 2100570.0 ], [ 300280.0, 2100540.0 ] ] ] } },
{ "type": "Feature", "properties": { "parcel_id": "P0459", "survey_no": "SRV-1459", "owner_name": "Priya Singh", "area_sqm": 1200.0, "land_use": "Commercial" }, "geometry": { "type": "Polygon", "coordinates": [ [ [ 300320.0, 2100540.0 ], [ 300360.0, 2100540.0 ], [ 300360.0, 2100570.0 ], [ 300320.0, 2100570.0 ], [ 300320.0, 2100540.0 ] ] ] } },
{ "type": "Feature", "properties": { "parcel_id": "P0460", "survey_no": "SRV-1460", "owner_name": "Mahesh Deshmukh", "area_sqm": 1200.0, "land_use": "Vacant" }, "geometry": { "type": "Polygon", "coordinates": [ [ [ 300360.0, 2100540.0 ], [ 300400.0, 2100540.0 ], [ 300400.0, 2100570.0 ], [ 300360.0, 2100570.0 ], [ 300360.0, 2100540.0 ] ] ] } },
{ "type": "Feature", "properties": { "parcel_id": "P0461", "survey_no": "SRV-1461", "owner_name": "Priya Singh", "area_sqm": 1200.0, "land_use": "Vacant" }, "geometry": { "type": "Polygon", "coordinates": [ [ [ 300400.0, 2100540.0 ], [ 300440.0, 2100540.0 ], [ 300440.0, 2100570.0 ], [ 300400.0, 2100570.0 ], [ 300400.0, 2100540.0 ] ] ] } },
{ "type": "Feature", "properties": { "parcel_id": "P0462", "survey_no": "SRV-1462", "owner_name": "Rajesh Kumar", "area_sqm": 1200.0, "land_use": "Mixed Use" }, "geometry": { "type": "Polygon", "coordinates": [ [ [ 300440.0, 2100540.0 ], [ 300480.0, 2100540.0 ], [ 300480.0, 2100570.0 ], [ 300440.0, 2100570.0 ], [ 300440.0, 2100540.0 ] ] ] } },
{ "type": "Feature", "properties": { "parcel_id": "P0463", "survey_no": "SRV-1463", "owner_name": "Rohit Kulkarni", "area_sqm": 1200.0, "land_use": "Vacant" }, "geometry": { "type": "Polygon", "coordinates": [ [ [ 300480.0, 2100540.0 ], [ 300520.0, 2100540.0 ], [ 300520.0, 2100570.0 ], [ 300480.0, 2100570.0 ], [ 300480.0, 2100540.0 ] ] ] } },
{ "type": "Feature", "properties": { "parcel_id": "P0464", "survey_no": "SRV-1464", "owner_name": "Anita Joshi", "area_sqm": 1200.0, "land_use": "Commercial" }, "geometry": { "type": "Polygon", "coordinates": [ [ [ 300520.0, 2100540.0 ], [ 300560.0, 2100540.0 ], [ 300560.0, 2100570.0 ], [ 300520.0, 2100570.0 ], [ 300520.0, 2100540.0 ] ] ] } },
{ "type": "Feature", "properties": { "parcel_id": "P0465", "survey_no": "SRV-1465", "owner_name": "Rohit Kulkarni", "area_sqm": 1200.0, "land_use": "Residential" }, "geometry": { "type": "Polygon", "coordinates": [ [ [ 300560.0, 2100540.0 ], [ 300600.0, 2100540.0 ], [ 300600.0, 2100570.0 ], [ 300560.0, 2100570.0 ], [ 300560.0, 2100540.0 ] ] ] } },
{ "type": "Feature", "properties": { "parcel_id": "P0466", "survey_no": "SRV-1466", "owner_name": "Amit Sharma", "area_sqm": 1200.0, "land_use": "Mixed Use" }, "geometry": { "type": "Polygon", "coordinates": [ [ [ 300600.0, 2100540.0 ], [ 300640.0, 2100540.0 ], [ 300640.0, 2100570.0 ], [ 300600.0, 2100570.0 ], [ 300600.0, 2100540.0 ] ] ] } },
{ "type": "Feature", "properties": { "parcel_id": "P0467", "survey_no": "SRV-1467", "owner_name": "Suresh Patil", "area_sqm": 1200.0, "land_use": "Vacant" }, "geometry": { "type": "Polygon", "coordinates": [ [ [ 300640.0, 2100540.0 ], [ 300680.0, 2100540.0 ], [ 300680.0, 2100570.0 ], [ 300640.0, 2100570.0 ], [ 300640.0, 2100540.0 ] ] ] } },
{ "type": "Feature", "properties": { "parcel_id": "P0468", "survey_no": "SRV-1468", "owner_name": "Suresh Patil", "area_sqm": 1200.0, "land_use": "Vacant" }, "geometry": { "type": "Polygon", "coordinates": [ [ [ 300680.0, 2100540.0 ], [ 300720.0, 2100540.0 ], [ 300720.0, 2100570.0 ], [ 300680.0, 2100570.0 ], [ 300680.0, 2100540.0 ] ] ] } },
{ "type": "Feature", "properties": { "parcel_id": "P0469", "survey_no": "SRV-1469", "owner_name": "Rajesh Kumar", "area_sqm": 1200.0, "land_use": "Commercial" }, "geometry": { "type": "Polygon", "coordinates": [ [ [ 300720.0, 2100540.0 ], [ 300760.0, 2100540.0 ], [ 300760.0, 2100570.0 ], [ 300720.0, 2100570.0 ], [ 300720.0, 2100540.0 ] ] ] } },
{ "type": "Feature", "properties": { "parcel_id": "P0470", "survey_no": "SRV-1470", "owner_name": "Anita Joshi", "area_sqm": 1200.0, "land_use": "Commercial" }, "geometry": { "type": "Polygon", "coordinates": [ [ [ 300760.0, 2100540.0 ], [ 300800.0, 2100540.0 ], [ 300800.0, 2100570.0 ], [ 300760.0, 2100570.0 ], [ 300760.0, 2100540.0 ] ] ] } },
{ "type": "Feature", "properties": { "parcel_id": "P0471", "survey_no": "SRV-1471", "owner_name": "Suresh Patil", "area_sqm": 1200.0, "land_use": "Vacant" }, "geometry": { "type": "Polygon", "coordinates": [ [ [ 300800.0, 2100540.0 ], [ 300840.0, 2100540.0 ], [ 300840.0, 2100570.0 ], [ 300800.0, 2100570.0 ], [ 300800.0, 2100540.0 ] ] ] } },
{ "type": "Feature", "properties": { "parcel_id": "P0472", "survey_no": "SRV-1472", "owner_name": "Neha Verma", "area_sqm": 1200.0, "land_use": "Mixed Use" }, "geometry": { "type": "Polygon", "coordinates": [ [ [ 300840.0, 2100540.0 ], [ 300880.0, 2100540.0 ], [ 300880.0, 2100570.0 ], [ 300840.0, 2100570.0 ], [ 300840.0, 2100540.0 ] ] ] } },
{ "type": "Feature", "properties": { "parcel_id": "P0473", "survey_no": "SRV-1473", "owner_name": "Mahesh Deshmukh", "area_sqm": 1200.0, "land_use": "Vacant" }, "geometry": { "type": "Polygon", "coordinates": [ [ [ 300880.0, 2100540.0 ], [ 300920.0, 2100540.0 ], [ 300920.0, 2100570.0 ], [ 300880.0, 2100570.0 ], [ 300880.0, 2100540.0 ] ] ] } },
{ "type": "Feature", "properties": { "parcel_id": "P0474", "survey_no": "SRV-1474", "owner_name": "Suresh Patil", "area_sqm": 1200.0, "land_use": "Mixed Use" }, "geometry": { "type": "Polygon", "coordinates": [ [ [ 300920.0, 2100540.0 ], [ 300960.0, 2100540.0 ], [ 300960.0, 2100570.0 ], [ 300920.0, 2100570.0 ], [ 300920.0, 2100540.0 ] ] ] } },
{ "type": "Feature", "properties": { "parcel_id": "P0475", "survey_no": "SRV-1475", "owner_name": "Sunita Pawar", "area_sqm": 1200.0, "land_use": "Vacant" }, "geometry": { "type": "Polygon", "coordinates": [ [ [ 300960.0, 2100540.0 ], [ 301000.0, 2100540.0 ], [ 301000.0, 2100570.0 ], [ 300960.0, 2100570.0 ], [ 300960.0, 2100540.0 ] ] ] } },
{ "type": "Feature", "properties": { "parcel_id": "P0476", "survey_no": "SRV-1476", "owner_name": "Vijay More", "area_sqm": 1200.0, "land_use": "Vacant" }, "geometry": { "type": "Polygon", "coordinates": [ [ [ 300000.0, 2100570.0 ], [ 300040.0, 2100570.0 ], [ 300040.0, 2100600.0 ], [ 300000.0, 2100600.0 ], [ 300000.0, 2100570.0 ] ] ] } },
{ "type": "Feature", "properties": { "parcel_id": "P0477", "survey_no": "SRV-1477", "owner_name": "Sunita Pawar", "area_sqm": 1200.0, "land_use": "Residential" }, "geometry": { "type": "Polygon", "coordinates": [ [ [ 300040.0, 2100570.0 ], [ 300080.0, 2100570.0 ], [ 300080.0, 2100600.0 ], [ 300040.0, 2100600.0 ], [ 300040.0, 2100570.0 ] ] ] } },
{ "type": "Feature", "properties": { "parcel_id": "P0478", "survey_no": "SRV-1478", "owner_name": "Mahesh Deshmukh", "area_sqm": 1200.0, "land_use": "Residential" }, "geometry": { "type": "Polygon", "coordinates": [ [ [ 300080.0, 2100570.0 ], [ 300120.0, 2100570.0 ], [ 300120.0, 2100600.0 ], [ 300080.0, 2100600.0 ], [ 300080.0, 2100570.0 ] ] ] } },
{ "type": "Feature", "properties": { "parcel_id": "P0479", "survey_no": "SRV-1479", "owner_name": "Priya Singh", "area_sqm": 1200.0, "land_use": "Mixed Use" }, "geometry": { "type": "Polygon", "coordinates": [ [ [ 300120.0, 2100570.0 ], [ 300160.0, 2100570.0 ], [ 300160.0, 2100600.0 ], [ 300120.0, 2100600.0 ], [ 300120.0, 2100570.0 ] ] ] } },
{ "type": "Feature", "properties": { "parcel_id": "P0480", "survey_no": "SRV-1480", "owner_name": "Priya Singh", "area_sqm": 1200.0, "land_use": "Residential" }, "geometry": { "type": "Polygon", "coordinates": [ [ [ 300160.0, 2100570.0 ], [ 300200.0, 2100570.0 ], [ 300200.0, 2100600.0 ], [ 300160.0, 2100600.0 ], [ 300160.0, 2100570.0 ] ] ] } },
{ "type": "Feature", "properties": { "parcel_id": "P0481", "survey_no": "SRV-1481", "owner_name": "Anita Joshi", "area_sqm": 1200.0, "land_use": "Residential" }, "geometry": { "type": "Polygon", "coordinates": [ [ [ 300200.0, 2100570.0 ], [ 300240.0, 2100570.0 ], [ 300240.0, 2100600.0 ], [ 300200.0, 2100600.0 ], [ 300200.0, 2100570.0 ] ] ] } },
{ "type": "Feature", "properties": { "parcel_id": "P0482", "survey_no": "SRV-1482", "owner_name": "Suresh Patil", "area_sqm": 1200.0, "land_use": "Vacant" }, "geometry": { "type": "Polygon", "coordinates": [ [ [ 300240.0, 2100570.0 ], [ 300280.0, 2100570.0 ], [ 300280.0, 2100600.0 ], [ 300240.0, 2100600.0 ], [ 300240.0, 2100570.0 ] ] ] } },
{ "type": "Feature", "properties": { "parcel_id": "P0483", "survey_no": "SRV-1483", "owner_name": "Amit Sharma", "area_sqm": 1200.0, "land_use": "Mixed Use" }, "geometry": { "type": "Polygon", "coordinates": [ [ [ 300280.0, 2100570.0 ], [ 300320.0, 2100570.0 ], [ 300320.0, 2100600.0 ], [ 300280.0, 2100600.0 ], [ 300280.0, 2100570.0 ] ] ] } },
{ "type": "Feature", "properties": { "parcel_id": "P0484", "survey_no": "SRV-1484", "owner_name": "Rajesh Kumar", "area_sqm": 1200.0, "land_use": "Residential" }, "geometry": { "type": "Polygon", "coordinates": [ [ [ 300320.0, 2100570.0 ], [ 300360.0, 2100570.0 ], [ 300360.0, 2100600.0 ], [ 300320.0, 2100600.0 ], [ 300320.0, 2100570.0 ] ] ] } },
{ "type": "Feature", "properties": { "parcel_id": "P0485", "survey_no": "SRV-1485", "owner_name": "Vijay More", "area_sqm": 1200.0, "land_use": "Residential" }, "geometry": { "type": "Polygon", "coordinates": [ [ [ 300360.0, 2100570.0 ], [ 300400.0, 2100570.0 ], [ 300400.0, 2100600.0 ], [ 300360.0, 2100600.0 ], [ 300360.0, 2100570.0 ] ] ] } },
{ "type": "Feature", "properties": { "parcel_id": "P0486", "survey_no": "SRV-1486", "owner_name": "Neha Verma", "area_sqm": 1200.0, "land_use": "Mixed Use" }, "geometry": { "type": "Polygon", "coordinates": [ [ [ 300400.0, 2100570.0 ], [ 300440.0, 2100570.0 ], [ 300440.0, 2100600.0 ], [ 300400.0, 2100600.0 ], [ 300400.0, 2100570.0 ] ] ] } },
{ "type": "Feature", "properties": { "parcel_id": "P0487", "survey_no": "SRV-1487", "owner_name": "Vijay More", "area_sqm": 1200.0, "land_use": "Vacant" }, "geometry": { "type": "Polygon", "coordinates": [ [ [ 300440.0, 2100570.0 ], [ 300480.0, 2100570.0 ], [ 300480.0, 2100600.0 ], [ 300440.0, 2100600.0 ], [ 300440.0, 2100570.0 ] ] ] } },
{ "type": "Feature", "properties": { "parcel_id": "P0488", "survey_no": "SRV-1488", "owner_name": "Amit Sharma", "area_sqm": 1200.0, "land_use": "Commercial" }, "geometry": { "type": "Polygon", "coordinates": [ [ [ 300480.0, 2100570.0 ], [ 300520.0, 2100570.0 ], [ 300520.0, 2100600.0 ], [ 300480.0, 2100600.0 ], [ 300480.0, 2100570.0 ] ] ] } },
{ "type": "Feature", "properties": { "parcel_id": "P0489", "survey_no": "SRV-1489", "owner_name": "Sunita Pawar", "area_sqm": 1200.0, "land_use": "Vacant" }, "geometry": { "type": "Polygon", "coordinates": [ [ [ 300520.0, 2100570.0 ], [ 300560.0, 2100570.0 ], [ 300560.0, 2100600.0 ], [ 300520.0, 2100600.0 ], [ 300520.0, 2100570.0 ] ] ] } },
{ "type": "Feature", "properties": { "parcel_id": "P0490", "survey_no": "SRV-1490", "owner_name": "Mahesh Deshmukh", "area_sqm": 1200.0, "land_use": "Commercial" }, "geometry": { "type": "Polygon", "coordinates": [ [ [ 300560.0, 2100570.0 ], [ 300600.0, 2100570.0 ], [ 300600.0, 2100600.0 ], [ 300560.0, 2100600.0 ], [ 300560.0, 2100570.0 ] ] ] } },
{ "type": "Feature", "properties": { "parcel_id": "P0491", "survey_no": "SRV-1491", "owner_name": "Amit Sharma", "area_sqm": 1200.0, "land_use": "Commercial" }, "geometry": { "type": "Polygon", "coordinates": [ [ [ 300600.0, 2100570.0 ], [ 300640.0, 2100570.0 ], [ 300640.0, 2100600.0 ], [ 300600.0, 2100600.0 ], [ 300600.0, 2100570.0 ] ] ] } },
{ "type": "Feature", "properties": { "parcel_id": "P0492", "survey_no": "SRV-1492", "owner_name": "Suresh Patil", "area_sqm": 1200.0, "land_use": "Vacant" }, "geometry": { "type": "Polygon", "coordinates": [ [ [ 300640.0, 2100570.0 ], [ 300680.0, 2100570.0 ], [ 300680.0, 2100600.0 ], [ 300640.0, 2100600.0 ], [ 300640.0, 2100570.0 ] ] ] } },
{ "type": "Feature", "properties": { "parcel_id": "P0493", "survey_no": "SRV-1493", "owner_name": "Mahesh Deshmukh", "area_sqm": 1200.0, "land_use": "Commercial" }, "geometry": { "type": "Polygon", "coordinates": [ [ [ 300680.0, 2100570.0 ], [ 300720.0, 2100570.0 ], [ 300720.0, 2100600.0 ], [ 300680.0, 2100600.0 ], [ 300680.0, 2100570.0 ] ] ] } },
{ "type": "Feature", "properties": { "parcel_id": "P0494", "survey_no": "SRV-1494", "owner_name": "Rohit Kulkarni", "area_sqm": 1200.0, "land_use": "Commercial" }, "geometry": { "type": "Polygon", "coordinates": [ [ [ 300720.0, 2100570.0 ], [ 300760.0, 2100570.0 ], [ 300760.0, 2100600.0 ], [ 300720.0, 2100600.0 ], [ 300720.0, 2100570.0 ] ] ] } },
{ "type": "Feature", "properties": { "parcel_id": "P0495", "survey_no": "SRV-1495", "owner_name": "Priya Singh", "area_sqm": 1200.0, "land_use": "Vacant" }, "geometry": { "type": "Polygon", "coordinates": [ [ [ 300760.0, 2100570.0 ], [ 300800.0, 2100570.0 ], [ 300800.0, 2100600.0 ], [ 300760.0, 2100600.0 ], [ 300760.0, 2100570.0 ] ] ] } },
{ "type": "Feature", "properties": { "parcel_id": "P0496", "survey_no": "SRV-1496", "owner_name": "Neha Verma", "area_sqm": 1200.0, "land_use": "Vacant" }, "geometry": { "type": "Polygon", "coordinates": [ [ [ 300800.0, 2100570.0 ], [ 300840.0, 2100570.0 ], [ 300840.0, 2100600.0 ], [ 300800.0, 2100600.0 ], [ 300800.0, 2100570.0 ] ] ] } },
{ "type": "Feature", "properties": { "parcel_id": "P0497", "survey_no": "SRV-1497", "owner_name": "Neha Verma", "area_sqm": 1200.0, "land_use": "Residential" }, "geometry": { "type": "Polygon", "coordinates": [ [ [ 300840.0, 2100570.0 ], [ 300880.0, 2100570.0 ], [ 300880.0, 2100600.0 ], [ 300840.0, 2100600.0 ], [ 300840.0, 2100570.0 ] ] ] } },
{ "type": "Feature", "properties": { "parcel_id": "P0498", "survey_no": "SRV-1498", "owner_name": "Rohit Kulkarni", "area_sqm": 1200.0, "land_use": "Mixed Use" }, "geometry": { "type": "Polygon", "coordinates": [ [ [ 300880.0, 2100570.0 ], [ 300920.0, 2100570.0 ], [ 300920.0, 2100600.0 ], [ 300880.0, 2100600.0 ], [ 300880.0, 2100570.0 ] ] ] } },
{ "type": "Feature", "properties": { "parcel_id": "P0499", "survey_no": "SRV-1499", "owner_name": "Sunita Pawar", "area_sqm": 1200.0, "land_use": "Commercial" }, "geometry": { "type": "Polygon", "coordinates": [ [ [ 300920.0, 2100570.0 ], [ 300960.0, 2100570.0 ], [ 300960.0, 2100600.0 ], [ 300920.0, 2100600.0 ], [ 300920.0, 2100570.0 ] ] ] } },
{ "type": "Feature", "properties": { "parcel_id": "P0500", "survey_no": "SRV-1500", "owner_name": "Suresh Patil", "area_sqm": 1200.0, "land_use": "Vacant" }, "geometry": { "type": "Polygon", "coordinates": [ [ [ 300960.0, 2100570.0 ], [ 301000.0, 2100570.0 ], [ 301000.0, 2100600.0 ], [ 300960.0, 2100600.0 ], [ 300960.0, 2100570.0 ] ] ] } }
]
}
