{
"type": "FeatureCollection",
"name": "drone_buildings",
"crs": { "type": "name", "properties": { "name": "urn:ogc:def:crs:OGC:1.3:CRS84" } },
"features": [
{ "type": "Feature", "properties": { "parcel_reference": "P0003", "building_id": "B-0003", "building_area_sqm": 363.0 }, "geometry": { "type": "Polygon", "coordinates": [ [ [ 73.101076701063718, 18.982841255214289 ], [ 73.101285590610473, 18.982843398240384 ], [ 73.101283901170746, 18.982992438016854 ], [ 73.101075011438397, 18.982990294972687 ], [ 73.101076701063718, 18.982841255214289 ] ] ] } },
{ "type": "Feature", "properties": { "parcel_reference": "P0006", "building_id": "B-0006", "building_area_sqm": 363.0 }, "geometry": { "type": "Polygon", "coordinates": [ [ [ 73.102216098932246, 18.982852941587247 ], [ 73.102424988631981, 18.982855083329135 ], [ 73.102423300204606, 18.983004123204175 ], [ 73.102214410319263, 18.983001981444225 ], [ 73.102216098932246, 18.982852941587247 ] ] ] } },
{ "type": "Feature", "properties": { "parcel_reference": "P0007", "building_id": "B-0007", "building_area_sqm": 363.0 }, "geometry": { "type": "Polygon", "coordinates": [ [ [ 73.102595898407174, 18.982856835488281 ], [ 73.102804788157883, 18.982858976802099 ], [ 73.102803100067945, 18.983008016709988 ], [ 73.102594210131642, 18.983005875378108 ], [ 73.102595898407174, 18.982856835488281 ] ] ] } },
{ "type": "Feature", "properties": { "parcel_reference": "P0010", "building_id": "B-0010", "building_area_sqm": 363.0 }, "geometry": { "type": "Polygon", "coordinates": [ [ [ 73.103735297387942, 18.982868512521538 ], [ 73.103944187291518, 18.982870652551142 ], [ 73.103942500213918, 18.983019692557519 ], [ 73.103733610124749, 18.98301755250986 ], [ 73.103735297387942, 18.982868512521538 ] ] ] } },
{ "type": "Feature", "properties": { "parcel_reference": "P0011", "building_id": "B-0011", "building_area_sqm": 363.0 }, "geometry": { "type": "Polygon", "coordinates": [ [ [ 73.104115097233475, 18.982872403309337 ], [ 73.104323987187996, 18.982874542910874 ], [ 73.104322300447834, 18.983023582950064 ], [ 73.104113410307718, 18.983021443330482 ], [ 73.104115097233475, 18.982872403309337 ] ] ] } },
{ "type": "Feature", "properties": { "parcel_reference": "P0012", "building_id": "B-0012", "building_area_sqm": 363.0 }, "geometry": { "type": "Polygon", "coordinates": [ [ [ 73.104494897171605, 18.982876293318824 ], [ 73.104703787177044, 18.982878432492289 ], [ 73.104702100774333, 18.983027472564284 ], [ 73.1044932105833, 18.983025333372776 ], [ 73.104494897171605, 18.982876293318824 ] ] ] } },
{ "type": "Feature", "properties": { "parcel_reference": "P0013", "building_id": "B-0013", "building_area_sqm": 363.0 }, "geometry": { "type": "Polygon", "coordinates": [ [ [ 73.10487469720232, 18.982880182549998 ], [ 73.105083587258676, 18.982882321295389 ], [ 73.105081901193415, 18.98303136140019 ], [ 73.104873010951465, 18.983029222636763 ], [ 73.10487469720232, 18.982880182549998 ] ] ] } },
{ "type": "Feature", "properties": { "parcel_reference": "P0015", "building_id": "B-0015", "building_area_sqm": 363.0 }, "geometry": { "type": "Polygon", "coordinates": [ [ [ 73.105634297541442, 18.982887958677402 ], [ 73.105843187699591, 18.982890096566649 ], [ 73.105841502309218, 18.983039136737037 ], [ 73.105632611965476, 18.98303699882976 ], [ 73.105634297541442, 18.982887958677402 ] ] ] } },
{ "type": "Feature", "properties": { "parcel_reference": "P0017", "building_id": "B-0017", "building_area_sqm": 363.0 }, "geometry": { "type": "Polygon", "coordinates": [ [ [ 73.106393898250687, 18.982895731691553 ], [ 73.106602788510585, 18.982897868724645 ], [ 73.106601103795114, 18.983046908960592 ], [ 73.106392213349608, 18.983044771909469 ], [ 73.106393898250687, 18.982895731691553 ] ] ] } },
{ "type": "Feature", "properties": { "parcel_reference": "P0018", "building_id": "B-0018", "building_area_sqm": 363.0 }, "geometry": { "type": "Polygon", "coordinates": [ [ [ 73.106773698744036, 18.982899617031144 ], [ 73.106982589054809, 18.982901753636167 ], [ 73.106980904676789, 18.983050793904884 ], [ 73.106772014180436, 18.983048657281842 ], [ 73.106773698744036, 18.982899617031144 ] ] ] } },
{ "type": "Feature", "properties": { "parcel_reference": "P0027", "building_id": "B-0027", "building_area_sqm": 363.0 }, "geometry": { "type": "Polygon", "coordinates": [ [ [ 73.100693829288389, 18.983108339517276 ], [ 73.100902719121564, 18.98311048300431 ], [ 73.100901029315722, 18.9832595227433 ], [ 73.100692139296939, 18.983257379238182 ], [ 73.100693829288389, 18.983108339517276 ] ] ] } },
{ "type": "Feature", "properties": { "parcel_reference": "P0029", "building_id": "B-0029", "building_area_sqm": 363.0 }, "geometry": { "type": "Polygon", "coordinates": [ [ [ 73.101453428816271, 18.983116132887023 ], [ 73.10166231875148, 18.98311827551791 ], [ 73.101660629620511, 18.983267315322625 ], [ 73.101451739499723, 18.983265172673669 ], [ 73.101453428816271, 18.983116132887023 ] ] ] } },
{ "type": "Feature", "properties": { "parcel_reference": "P0030", "building_id": "B-0030", "building_area_sqm": 363.0 }, "geometry": { "type": "Polygon", "coordinates": [ [ [ 73.101833228719329, 18.983120028404421 ], [ 73.102042118705526, 18.983122170607228 ], [ 73.102040429912009, 18.983271210444801 ], [ 73.101831539740218, 18.983269068223922 ], [ 73.101833228719329, 18.983120028404421 ] ] ] } },
{ "type": "Feature", "properties": { "parcel_reference": "P0031", "building_id": "B-0031", "building_area_sqm": 363.0 }, "geometry": { "type": "Polygon", "coordinates": [ [ [ 73.102213028715099, 18.983123923143491 ], [ 73.10242191875227, 18.983126064918228 ], [ 73.102420230296218, 18.98327510478865 ], [ 73.102211340073438, 18.983272962995855 ], [ 73.102213028715099, 18.983123923143491 ] ] ] } },
{ "type": "Feature", "properties": { "parcel_reference": "P0035", "building_id": "B-0035", "building_area_sqm": 363.0 }, "geometry": { "type": "Polygon", "coordinates": [ [ [ 73.103732229624953, 18.9831394943166 ], [ 73.103941119865979, 18.983141634379024 ], [ 73.103939432759717, 18.983290674380783 ], [ 73.103730542333096, 18.983288534300303 ], [ 73.103732229624953, 18.9831394943166 ] ] ] } },
{ "type": "Feature", "properties": { "parcel_reference": "P0036", "building_id": "B-0036", "building_area_sqm": 363.0 }, "geometry": { "type": "Polygon", "coordinates": [ [ [ 73.104112030084025, 18.983143385164073 ], [ 73.104320920375983, 18.983145524798424 ], [ 73.104319233607171, 18.983294564832992 ], [ 73.104110343129619, 18.98329242518059 ], [ 73.104112030084025, 18.983143385164073 ] ] ] } },
{ "type": "Feature", "properties": { "parcel_reference": "P0037", "building_id": "B-0037", "building_area_sqm": 363.0 }, "geometry": { "type": "Polygon", "coordinates": [ [ [ 73.104491830635695, 18.983147275233218 ], [ 73.104700720978585, 18.983149414439485 ], [ 73.104699034547224, 18.983298454506862 ], [ 73.10449014401874, 18.983296315282551 ], [ 73.104491830635695, 18.983147275233218 ] ] ] } },
{ "type": "Feature", "properties": { "parcel_reference": "P0038", "building_id": "B-0038", "building_area_sqm": 363.0 }, "geometry": { "type": "Polygon", "coordinates": [ [ [ 73.104871631279948, 18.983151164524042 ], [ 73.105080521673756, 18.983153303302227 ], [ 73.10507883557986, 18.983302343402411 ], [ 73.104869945000445, 18.983300204606181 ], [ 73.104871631279948, 18.983151164524042 ] ] ] } },
{ "type": "Feature", "properties": { "parcel_reference": "P0040", "building_id": "B-0040", "building_area_sqm": 363.0 }, "geometry": { "type": "Polygon", "coordinates": [ [ [ 73.10563123284615, 18.983158940770711 ], [ 73.10584012334175, 18.983161078692738 ], [ 73.105838437922756, 18.983310118858508 ], [ 73.105629547241563, 18.98330798091844 ], [ 73.10563123284615, 18.983158940770711 ] ] ] } },
{ "type": "Feature", "properties": { "parcel_reference": "P0041", "building_id": "B-0041", "building_area_sqm": 363.0 }, "geometry": { "type": "Polygon", "coordinates": [ [ [ 73.106011033768056, 18.983162827726549 ], [ 73.106219924314544, 18.983164965220503 ], [ 73.106218239233002, 18.983314005419054 ], [ 73.106009348500919, 18.983311867907069 ], [ 73.106011033768056, 18.983162827726549 ] ] ] } },
{ "type": "Feature", "properties": { "parcel_reference": "P0042", "building_id": "B-0042", "building_area_sqm": 363.0 }, "geometry": { "type": "Polygon", "coordinates": [ [ [ 73.106390834782488, 18.983166713904069 ], [ 73.106599725379837, 18.983168850969935 ], [ 73.106598040635745, 18.983317891201263 ], [ 73.106389149852788, 18.983315754117367 ], [ 73.106390834782488, 18.983166713904069 ] ] ] } },
{ "type": "Feature", "properties": { "parcel_reference": "P0044", "building_id": "B-0044", "building_area_sqm": 363.0 }, "geometry": { "type": "Polygon", "coordinates": [ [ [ 73.107150437088777, 18.98317448392411 ], [ 73.107359327787847, 18.983176620133815 ], [ 73.107357643718672, 18.98332566043068 ], [ 73.107148752834007, 18.983323524202959 ], [ 73.107150437088777, 18.98317448392411 ] ] ] } },
{ "type": "Feature", "properties": { "parcel_reference": "P0045", "building_id": "B-0045", "building_area_sqm": 363.0 }, "geometry": { "type": "Polygon", "coordinates": [ [ [ 73.107530238380619, 18.983178367766637 ], [ 73.10773912913055, 18.983180503548269 ], [ 73.107737445398811, 18.983329543877879 ], [ 73.1075285544633, 18.983327408078239 ], [ 73.107530238380619, 18.983178367766637 ] ] ] } },
{ "type": "Feature", "properties": { "parcel_reference": "P0046", "building_id": "B-0046", "building_area_sqm": 363.0 }, "geometry": { "type": "Polygon", "coordinates": [ [ [ 73.107910039764917, 18.983182250830833 ], [ 73.108118930565652, 18.983184386184373 ], [ 73.108117247171393, 18.983333426546746 ], [ 73.107908356185035, 18.98333129117519 ], [ 73.107910039764917, 18.983182250830833 ] ] ] } },
{ "type": "Feature", "properties": { "parcel_reference": "P0049", "building_id": "B-0049", "building_area_sqm": 363.0 }, "geometry": { "type": "Polygon", "coordinates": [ [ [ 73.109049444472205, 18.983193895353423 ], [ 73.10925833542538, 18.983196029422722 ], [ 73.109256653043488, 18.983345069883303 ], [ 73.109047761904691, 18.983342935796014 ], [ 73.109049444472205, 18.983193895353423 ] ] ] } },
{ "type": "Feature", "properties": { "parcel_reference": "P0050", "building_id": "B-0050", "building_area_sqm": 363.0 }, "geometry": { "type": "Polygon", "coordinates": [ [ [ 73.109429246226043, 18.983197775304287 ], [ 73.109638137230021, 18.983199908945494 ], [ 73.10963645518558, 18.983348949438806 ], [ 73.109427563995993, 18.983346815779594 ], [ 73.109429246226043, 18.983197775304287 ] ] ] } },
{ "type": "Feature", "properties": { "parcel_reference": "P0051", "building_id": "B-0051", "building_area_sqm": 363.0 }, "geometry": { "type": "Polygon", "coordinates": [ [ [ 73.100310956326567, 18.983375422913998 ], [ 73.100519846446176, 18.983377566861989 ], [ 73.100518156274177, 18.983526606563476 ], [ 73.100309265968974, 18.983524462597401 ], [ 73.100310956326567, 18.983375422913998 ] ] ] } },
{ "type": "Feature", "properties": { "parcel_reference": "P0052", "building_id": "B-0052", "building_area_sqm": 363.0 }, "geometry": { "type": "Polygon", "coordinates": [ [ [ 73.100690756564916, 18.983379320826128 ], [ 73.100899646735542, 18.983381464346031 ], [ 73.10089795690098, 18.983530504080406 ], [ 73.10068906654476, 18.983528360542412 ], [ 73.100690756564916, 18.983379320826128 ] ] ] } },
{ "type": "Feature", "properties": { "parcel_reference": "P0056", "building_id": "B-0056", "building_area_sqm": 363.0 }, "geometry": { "type": "Polygon", "coordinates": [ [ [ 73.102209958445798, 18.983394904691345 ], [ 73.102418848820449, 18.983397046498926 ], [ 73.102417160335705, 18.983546086364733 ], [ 73.102208269775474, 18.983543944539079 ], [ 73.102209958445798, 18.983394904691345 ] ] ] } },
{ "type": "Feature", "properties": { "parcel_reference": "P0059", "building_id": "B-0059", "building_area_sqm": 363.0 }, "geometry": { "type": "Polygon", "coordinates": [ [ [ 73.103349360829867, 18.983406584417782 ], [ 73.103558251357398, 18.983408724941114 ], [ 73.103556563885022, 18.983557764905424 ], [ 73.103347673171896, 18.98355562436404 ], [ 73.103349360829867, 18.983406584417782 ] ] ] } },
{ "type": "Feature", "properties": { "parcel_reference": "P0060", "building_id": "B-0060", "building_area_sqm": 363.0 }, "geometry": { "type": "Polygon", "coordinates": [ [ [ 73.103729161809852, 18.983410476103259 ], [ 73.10393805238833, 18.983412616198507 ], [ 73.103936365253418, 18.98356165619564 ], [ 73.103727474489347, 18.983559516082344 ], [ 73.103729161809852, 18.983410476103259 ] ] ] } },
{ "type": "Feature", "properties": { "parcel_reference": "P0062", "building_id": "B-0062", "building_area_sqm": 363.0 }, "geometry": { "type": "Polygon", "coordinates": [ [ [ 73.104488764047701, 18.983418257139206 ], [ 73.104697654728042, 18.983420396378285 ], [ 73.104695968268047, 18.983569436441044 ], [ 73.104487077402112, 18.983567297183924 ], [ 73.104488764047701, 18.983418257139206 ] ] ] } },
{ "type": "Feature", "properties": { "parcel_reference": "P0065", "building_id": "B-0065", "building_area_sqm": 363.0 }, "geometry": { "type": "Polygon", "coordinates": [ [ [ 73.105628168098818, 18.983429922855606 ], [ 73.105837058931868, 18.983432060810429 ], [ 73.105835373484254, 18.98358110097158 ], [ 73.105626482465595, 18.98357896299872 ], [ 73.105628168098818, 18.983429922855606 ] ] ] } },
{ "type": "Feature", "properties": { "parcel_reference": "P0067", "building_id": "B-0067", "building_area_sqm": 363.0 }, "geometry": { "type": "Polygon", "coordinates": [ [ [ 73.106387771262249, 18.983437696108183 ], [ 73.106596662197063, 18.983439833206827 ], [ 73.106594977424365, 18.98358887343354 ], [ 73.106386086303942, 18.983586736316866 ], [ 73.106387771262249, 18.983437696108183 ] ] ] } },
{ "type": "Feature", "properties": { "parcel_reference": "P0068", "building_id": "B-0068", "building_area_sqm": 363.0 }, "geometry": { "type": "Polygon", "coordinates": [ [ [ 73.106767572982719, 18.983441581566961 ], [ 73.106976463968394, 18.983443718237517 ], [ 73.106974779533147, 18.983592758496997 ], [ 73.106765888361878, 18.983590621808414 ], [ 73.106767572982719, 18.983441581566961 ] ] ] } },
{ "type": "Feature", "properties": { "parcel_reference": "P0069", "building_id": "B-0069", "building_area_sqm": 363.0 }, "geometry": { "type": "Polygon", "coordinates": [ [ [ 73.107147374795659, 18.983445466247392 ], [ 73.107356265832195, 18.983447602489861 ], [ 73.107354581734427, 18.983596642782107 ], [ 73.107145690512283, 18.983594506521616 ], [ 73.107147374795659, 18.983445466247392 ] ] ] } },
{ "type": "Feature", "properties": { "parcel_reference": "P0070", "building_id": "B-0070", "building_area_sqm": 363.0 }, "geometry": { "type": "Polygon", "coordinates": [ [ [ 73.107527176701055, 18.983449350149485 ], [ 73.107736067788437, 18.983451485963869 ], [ 73.10773438402812, 18.983600526288864 ], [ 73.107525492755144, 18.983598390456471 ], [ 73.107527176701055, 18.983449350149485 ] ] ] } },
{ "type": "Feature", "properties": { "parcel_reference": "P0071", "building_id": "B-0071", "building_area_sqm": 363.0 }, "geometry": { "type": "Polygon", "coordinates": [ [ [ 73.107906978698892, 18.983453233273231 ], [ 73.108115869837107, 18.983455368659524 ], [ 73.108114186414255, 18.983604409017278 ], [ 73.107905295090447, 18.983602273612973 ], [ 73.107906978698892, 18.983453233273231 ] ] ] } },
{ "type": "Feature", "properties": { "parcel_reference": "P0072", "building_id": "B-0072", "building_area_sqm": 363.0 }, "geometry": { "type": "Polygon", "coordinates": [ [ [ 73.108286780789157, 18.983457115618634 ], [ 73.10849567197819, 18.983459250576839 ], [ 73.108493988892803, 18.983608290967336 ], [ 73.108285097518163, 18.983606155991129 ], [ 73.108286780789157, 18.983457115618634 ] ] ] } },
{ "type": "Feature", "properties": { "parcel_reference": "P0074", "building_id": "B-0074", "building_area_sqm": 363.0 }, "geometry": { "type": "Polygon", "coordinates": [ [ [ 73.109046385246856, 18.983464877974413 ], [ 73.10925527653751, 18.983467012076435 ], [ 73.10925359412704, 18.983616052532405 ], [ 73.109044702650792, 18.983613918412374 ], [ 73.109046385246856, 18.983464877974413 ] ] ] } },
{ "type": "Feature", "properties": { "parcel_reference": "P0075", "building_id": "B-0075", "building_area_sqm": 363.0 }, "geometry": { "type": "Polygon", "coordinates": [ [ [ 73.109426187614275, 18.983468757984785 ], [ 73.109635078955719, 18.983470891658715 ], [ 73.109633396882714, 18.983619932147406 ], [ 73.109424505355662, 18.98361779845548 ], [ 73.109426187614275, 18.983468757984785 ] ] ] } },
{ "type": "Feature", "properties": { "parcel_reference": "P0076", "building_id": "B-0076", "building_area_sqm": 363.0 }, "geometry": { "type": "Polygon", "coordinates": [ [ [ 73.100307882937358, 18.983646404154658 ], [ 73.100516773394432, 18.98364854813553 ], [ 73.100515083193713, 18.983797587832402 ], [ 73.100306192551045, 18.983795443833454 ], [ 73.100307882937358, 18.983646404154658 ] ] ] } },
{ "type": "Feature", "properties": { "parcel_reference": "P0077", "building_id": "B-0077", "building_area_sqm": 363.0 }, "geometry": { "type": "Polygon", "coordinates": [ [ [ 73.100687683789261, 18.983650302126573 ], [ 73.100896574297337, 18.983652445679351 ], [ 73.100894884434084, 18.983801485409099 ], [ 73.100685993740399, 18.983799341838239 ], [ 73.100687683789261, 18.983650302126573 ] ] ] } },
{ "type": "Feature", "properties": { "parcel_reference": "P0079", "building_id": "B-0079", "building_area_sqm": 363.0 }, "geometry": { "type": "Polygon", "coordinates": [ [ [ 73.101447285771343, 18.983658095735365 ], [ 73.101656176381454, 18.98366023843197 ], [ 73.10165448719313, 18.983809278227451 ], [ 73.101445596397411, 18.983807135512777 ], [ 73.101447285771343, 18.983658095735365 ] ] ] } },
{ "type": "Feature", "properties": { "parcel_reference": "P0080", "building_id": "B-0080", "building_area_sqm": 363.0 }, "geometry": { "type": "Polygon", "coordinates": [ [ [ 73.101827086901494, 18.983661991372252 ], [ 73.102035977562608, 18.983664133640765 ], [ 73.102034288711735, 18.983813173469105 ], [ 73.101825397865028, 18.983811031182519 ], [ 73.101827086901494, 18.983661991372252 ] ] ] } },
{ "type": "Feature", "properties": { "parcel_reference": "P0082", "building_id": "B-0082", "building_area_sqm": 363.0 }, "geometry": { "type": "Polygon", "coordinates": [ [ [ 73.102586689439931, 18.983669780310986 ], [ 73.102795580203008, 18.983671921723328 ], [ 73.102793892027066, 18.983820961617358 ], [ 73.102585001078381, 18.983818820186954 ], [ 73.102586689439931, 18.983669780310986 ] ] ] } },
{ "type": "Feature", "properties": { "parcel_reference": "P0083", "building_id": "B-0083", "building_area_sqm": 363.0 }, "geometry": { "type": "Polygon", "coordinates": [ [ [ 73.102966490848189, 18.983673673612845 ], [ 73.103175381662226, 18.983675814597092 ], [ 73.103173693823734, 18.983824854523959 ], [ 73.10296480282409, 18.983822713521647 ], [ 73.102966490848189, 18.983673673612845 ] ] ] } },
{ "type": "Feature", "properties": { "parcel_reference": "P0084", "building_id": "B-0084", "building_area_sqm": 363.0 }, "geometry": { "type": "Polygon", "coordinates": [ [ [ 73.103346292349102, 18.98367756613635 ], [ 73.103555183214084, 18.983679706692509 ], [ 73.103553495713072, 18.983828746652204 ], [ 73.103344604662482, 18.98382660607799 ], [ 73.103346292349102, 18.98367756613635 ] ] ] } },
{ "type": "Feature", "properties": { "parcel_reference": "P0085", "building_id": "B-0085", "building_area_sqm": 363.0 }, "geometry": { "type": "Polygon", "coordinates": [ [ [ 73.103726093942669, 18.983681457881513 ], [ 73.103934984858597, 18.983683598009584 ], [ 73.103933297695036, 18.983832638002106 ], [ 73.1037244065935, 18.98383049785598 ], [ 73.103726093942669, 18.983681457881513 ] ] ] } },
{ "type": "Feature", "properties": { "parcel_reference": "P0086", "building_id": "B-0086", "building_area_sqm": 363.0 }, "geometry": { "type": "Polygon", "coordinates": [ [ [ 73.104105895628834, 18.983685348848333 ], [ 73.104314786595722, 18.983687488548309 ], [ 73.104313099769612, 18.983836528573647 ], [ 73.104104208617144, 18.983834388855616 ], [ 73.104105895628834, 18.983685348848333 ] ] ] } },
{ "type": "Feature", "properties": { "parcel_reference": "P0088", "building_id": "B-0088", "building_area_sqm": 363.0 }, "geometry": { "type": "Polygon", "coordinates": [ [ [ 73.104865499279001, 18.983693128446916 ], [ 73.10507439034771, 18.983695267290713 ], [ 73.10507270419653, 18.983844307381659 ], [ 73.104863812942213, 18.983842168519825 ], [ 73.104865499279001, 18.983693128446916 ] ] ] } },
{ "type": "Feature", "properties": { "parcel_reference": "P0089", "building_id": "B-0089", "building_area_sqm": 363.0 }, "geometry": { "type": "Polygon", "coordinates": [ [ [ 73.105245301242931, 18.983697017078686 ], [ 73.105454192362558, 18.983699155494389 ], [ 73.105452506548858, 18.983848195618133 ], [ 73.105243615243623, 18.983846057184394 ], [ 73.105245301242931, 18.983697017078686 ] ] ] } },
{ "type": "Feature", "properties": { "parcel_reference": "P0090", "building_id": "B-0090", "building_area_sqm": 363.0 }, "geometry": { "type": "Polygon", "coordinates": [ [ [ 73.105625103299445, 18.983700904932107 ], [ 73.105833994469947, 18.983703042919718 ], [ 73.105832308993698, 18.983852083076254 ], [ 73.105623417637588, 18.983849945070613 ], [ 73.105625103299445, 18.983700904932107 ] ] ] } },
{ "type": "Feature", "properties": { "parcel_reference": "P0091", "building_id": "B-0091", "building_area_sqm": 363.0 }, "geometry": { "type": "Polygon", "coordinates": [ [ [ 73.106004905448458, 18.983704792007178 ], [ 73.106213796669863, 18.983706929566694 ], [ 73.106212111531079, 18.983855969756014 ], [ 73.10600322012408, 18.983853832178468 ], [ 73.106004905448458, 18.983704792007178 ] ] ] } },
{ "type": "Feature", "properties": { "parcel_reference": "P0093", "building_id": "B-0093", "building_area_sqm": 363.0 }, "geometry": { "type": "Polygon", "coordinates": [ [ [ 73.106764510024021, 18.983712563822262 ], [ 73.106973401347176, 18.983714700525589 ], [ 73.106971716883322, 18.983863740780457 ], [ 73.106762825374574, 18.983861604059104 ], [ 73.106764510024021, 18.983712563822262 ] ] ] } },
{ "type": "Feature", "properties": { "parcel_reference": "P0094", "building_id": "B-0094", "building_area_sqm": 363.0 }, "geometry": { "type": "Polygon", "coordinates": [ [ [ 73.107144312450544, 18.983716448562269 ], [ 73.10735320382453, 18.983718584837508 ], [ 73.107351519698142, 18.983867625125139 ], [ 73.107142628138547, 18.983865488831889 ], [ 73.107144312450544, 18.983716448562269 ] ] ] } },
{ "type": "Feature", "properties": { "parcel_reference": "P0095", "building_id": "B-0095", "building_area_sqm": 363.0 }, "geometry": { "type": "Polygon", "coordinates": [ [ [ 73.107524114969507, 18.983720332523927 ], [ 73.107733006394341, 18.983722468371067 ], [ 73.107731322605432, 18.983871508691458 ], [ 73.10752243099499, 18.983869372826302 ], [ 73.107524114969507, 18.983720332523927 ] ] ] } },
{ "type": "Feature", "properties": { "parcel_reference": "P0096", "building_id": "B-0096", "building_area_sqm": 363.0 }, "geometry": { "type": "Polygon", "coordinates": [ [ [ 73.107903917580913, 18.983724215707234 ], [ 73.108112809056578, 18.983726351126275 ], [ 73.108111125605134, 18.983875391479415 ], [ 73.107902233943861, 18.983873256042362 ], [ 73.107903917580913, 18.983724215707234 ] ] ] } },
{ "type": "Feature", "properties": { "parcel_reference": "P0097", "building_id": "B-0097", "building_area_sqm": 363.0 }, "geometry": { "type": "Polygon", "coordinates": [ [ [ 73.108283720284746, 18.983728098112177 ], [ 73.108492611811229, 18.983730233103127 ], [ 73.10849092869725, 18.983879273489009 ], [ 73.108282036985145, 18.983877138480054 ], [ 73.108283720284746, 18.983728098112177 ] ] ] } },
{ "type": "Feature", "properties": { "parcel_reference": "P0100", "building_id": "B-0100", "building_area_sqm": 363.0 }, "geometry": { "type": "Polygon", "coordinates": [ [ [ 73.109423128950567, 18.983739740656876 ], [ 73.109632020629462, 18.983741874363528 ], [ 73.109630338527893, 18.983890914847606 ], [ 73.109421446663376, 18.983888781122953 ], [ 73.109423128950567, 18.983739740656876 ] ] ] } },
{ "type": "Feature", "properties": { "parcel_reference": "P0101", "building_id": "B-0101", "building_area_sqm": 363.0 }, "geometry": { "type": "Polygon", "coordinates": [ [ [ 73.100304809495967, 18.983917385386928 ], [ 73.100513700290477, 18.983919529400676 ], [ 73.100512010061053, 18.984068569092926 ], [ 73.100303119080934, 18.984066425061091 ], [ 73.100304809495967, 18.983917385386928 ] ] ] } },
{ "type": "Feature", "properties": { "parcel_reference": "P0106", "building_id": "B-0106", "building_area_sqm": 363.0 }, "geometry": { "type": "Polygon", "coordinates": [ [ [ 73.102203817750791, 18.983936867761837 ], [ 73.102412708800358, 18.983939009635115 ], [ 73.102411020258259, 18.984088049491675 ], [ 73.102202129023112, 18.984085907600331 ], [ 73.102203817750791, 18.983936867761837 ] ] ] } },
{ "type": "Feature", "properties": { "parcel_reference": "P0108", "building_id": "B-0108", "building_area_sqm": 363.0 }, "geometry": { "type": "Polygon", "coordinates": [ [ [ 73.102963421701745, 18.983944655263322 ], [ 73.10317231285326, 18.983946796280406 ], [ 73.103170624986106, 18.984095836202645 ], [ 73.102961733648996, 18.984093695167502 ], [ 73.102963421701745, 18.983944655263322 ] ] ] } },
{ "type": "Feature", "properties": { "parcel_reference": "P0110", "building_id": "B-0110", "building_area_sqm": 363.0 }, "geometry": { "type": "Polygon", "coordinates": [ [ [ 73.10372302602336, 18.983952439651375 ], [ 73.103931917276753, 18.98395457981227 ], [ 73.103930230084543, 18.984103619800159 ], [ 73.103721338645542, 18.984101479621213 ], [ 73.10372302602336, 18.983952439651375 ] ] ] } },
{ "type": "Feature", "properties": { "parcel_reference": "P0111", "building_id": "B-0111", "building_area_sqm": 363.0 }, "geometry": { "type": "Polygon", "coordinates": [ [ [ 73.104102828323107, 18.983956330677863 ], [ 73.104311719627447, 18.983958470410656 ], [ 73.104310032772702, 18.984107510431361 ], [ 73.104101141282754, 18.984105370680521 ], [ 73.104102828323107, 18.983956330677863 ] ] ] } },
{ "type": "Feature", "properties": { "parcel_reference": "P0112", "building_id": "B-0112", "building_area_sqm": 363.0 }, "geometry": { "type": "Polygon", "coordinates": [ [ [ 73.104482630715481, 18.983960220925997 ], [ 73.104691522070723, 18.983962360230688 ], [ 73.104689835553458, 18.984111400284206 ], [ 73.104480944012579, 18.984109260961464 ], [ 73.104482630715481, 18.983960220925997 ] ] ] } },
{ "type": "Feature", "properties": { "parcel_reference": "P0113", "building_id": "B-0113", "building_area_sqm": 363.0 }, "geometry": { "type": "Polygon", "coordinates": [ [ [ 73.10486243320041, 18.983964110395757 ], [ 73.105071324606598, 18.983966249272356 ], [ 73.105069638426784, 18.984115289358677 ], [ 73.104860746835001, 18.984113150464044 ], [ 73.10486243320041, 18.983964110395757 ] ] ] } },
{ "type": "Feature", "properties": { "parcel_reference": "P0115", "building_id": "B-0115", "building_area_sqm": 363.0 }, "geometry": { "type": "Polygon", "coordinates": [ [ [ 73.10562203844799, 18.983971887000216 ], [ 73.105830929955985, 18.983974025020615 ], [ 73.105829244451115, 18.984123065172529 ], [ 73.105620352757526, 18.984120927134089 ], [ 73.10562203844799, 18.983971887000216 ] ] ] } },
{ "type": "Feature", "properties": { "parcel_reference": "P0117", "building_id": "B-0117", "building_area_sqm": 363.0 }, "geometry": { "type": "Polygon", "coordinates": [ [ [ 73.106381644065721, 18.983979660491215 ], [ 73.106590535675451, 18.983981797655414 ], [ 73.106588850845526, 18.984130837872886 ], [ 73.106379959050173, 18.984128700690661 ], [ 73.106381644065721, 18.983979660491215 ] ] ] } },
{ "type": "Feature", "properties": { "parcel_reference": "P0118", "building_id": "B-0118", "building_area_sqm": 363.0 }, "geometry": { "type": "Polygon", "coordinates": [ [ [ 73.106761447013326, 18.983983546069169 ], [ 73.106970338673918, 18.983985682805265 ], [ 73.106968654181472, 18.984134723055512 ], [ 73.106759762335258, 18.984132586301392 ], [ 73.106761447013326, 18.983983546069169 ] ] ] } },
{ "type": "Feature", "properties": { "parcel_reference": "P0119", "building_id": "B-0119", "building_area_sqm": 363.0 }, "geometry": { "type": "Polygon", "coordinates": [ [ [ 73.107141250053402, 18.983987430868758 ], [ 73.107350141764869, 18.983989567176753 ], [ 73.107348457609888, 18.984138607459759 ], [ 73.107139565712828, 18.984136471133748 ], [ 73.107141250053402, 18.983987430868758 ] ] ] } },
{ "type": "Feature", "properties": { "parcel_reference": "P0123", "building_id": "B-0123", "building_area_sqm": 363.0 }, "geometry": { "type": "Polygon", "coordinates": [ [ [ 73.10866046313815, 18.984002962283451 ], [ 73.108869355052931, 18.984005096879034 ], [ 73.10886767224784, 18.984154137293032 ], [ 73.108658780147451, 18.984152002679437 ], [ 73.10866046313815, 18.984002962283451 ] ] ] } },
{ "type": "Feature", "properties": { "parcel_reference": "P0124", "building_id": "B-0124", "building_area_sqm": 363.0 }, "geometry": { "type": "Polygon", "coordinates": [ [ [ 73.109040266640349, 18.984006843191199 ], [ 73.109249158605934, 18.984008977358684 ], [ 73.109247476138322, 18.984158017805406 ], [ 73.109038583987129, 18.984155883619923 ], [ 73.109040266640349, 18.984006843191199 ] ] ] } },
{ "type": "Feature", "properties": { "parcel_reference": "P0125", "building_id": "B-0125", "building_area_sqm": 363.0 }, "geometry": { "type": "Polygon", "coordinates": [ [ [ 73.109420070234904, 18.98401072332058 ], [ 73.109628962251278, 18.984012857059959 ], [ 73.109627280121146, 18.984161897539408 ], [ 73.109418387919163, 18.984159763782035 ], [ 73.109420070234904, 18.98401072332058 ] ] ] } },
{ "type": "Feature", "properties": { "parcel_reference": "P0127", "building_id": "B-0127", "building_area_sqm": 363.0 }, "geometry": { "type": "Polygon", "coordinates": [ [ [ 73.100681538081389, 18.984192264702255 ], [ 73.10089042926441, 18.984194408320786 ], [ 73.100888739343745, 18.984343448041287 ], [ 73.100679847975115, 18.984341304404676 ], [ 73.100681538081389, 18.984192264702255 ] ] ] } },
{ "type": "Feature", "properties": { "parcel_reference": "P0128", "building_id": "B-0128", "building_area_sqm": 363.0 }, "geometry": { "type": "Polygon", "coordinates": [ [ [ 73.101061340253182, 18.984196162015362 ], [ 73.10127023148722, 18.984198305205791 ], [ 73.101268541904048, 18.984347344959165 ], [ 73.101059650484402, 18.984345201750653 ], [ 73.101061340253182, 18.984196162015362 ] ] ] } },
{ "type": "Feature", "properties": { "parcel_reference": "P0131", "building_id": "B-0131", "building_area_sqm": 363.0 }, "geometry": { "type": "Polygon", "coordinates": [ [ [ 73.102200747325085, 18.984207849284481 ], [ 73.102409638712103, 18.984209991190607 ], [ 73.102407950141327, 18.984359031042548 ], [ 73.102199058568701, 18.984356889118356 ], [ 73.102200747325085, 18.984207849284481 ] ] ] } },
{ "type": "Feature", "properties": { "parcel_reference": "P0133", "building_id": "B-0133", "building_area_sqm": 363.0 }, "geometry": { "type": "Polygon", "coordinates": [ [ [ 73.102960352503203, 18.984215636905393 ], [ 73.103169243992156, 18.984217777955315 ], [ 73.103167556096352, 18.984366817872932 ], [ 73.102958664421763, 18.984364676804955 ], [ 73.102960352503203, 18.984215636905393 ] ] ] } },
{ "type": "Feature", "properties": { "parcel_reference": "P0134", "building_id": "B-0134", "building_area_sqm": 363.0 }, "geometry": { "type": "Polygon", "coordinates": [ [ [ 73.103340155231251, 18.984219529548295 ], [ 73.103549046771178, 18.984221670170115 ], [ 73.10354735921284, 18.984370710120558 ], [ 73.103338467487305, 18.98436856948069 ], [ 73.103340155231251, 18.984219529548295 ] ] ] } },
{ "type": "Feature", "properties": { "parcel_reference": "P0136", "building_id": "B-0136", "building_area_sqm": 363.0 }, "geometry": { "type": "Polygon", "coordinates": [ [ [ 73.104099760965298, 18.984227312498994 ], [ 73.104308652607102, 18.9842294522646 ], [ 73.104306965723708, 18.984378492280694 ], [ 73.104098073896282, 18.984376352497033 ], [ 73.104099760965298, 18.984227312498994 ] ] ] } },
{ "type": "Feature", "properties": { "parcel_reference": "P0139", "building_id": "B-0139", "building_area_sqm": 363.0 }, "geometry": { "type": "Polygon", "coordinates": [ [ [ 73.105239170260873, 18.984238981087245 ], [ 73.105448062055416, 18.984241119568541 ], [ 73.10544637618446, 18.984390159683038 ], [ 73.105237484204295, 18.984388021183705 ], [ 73.105239170260873, 18.984238981087245 ] ] ] } },
{ "type": "Feature", "properties": { "parcel_reference": "P0140", "building_id": "B-0140", "building_area_sqm": 363.0 }, "geometry": { "type": "Polygon", "coordinates": [ [ [ 73.105618973544509, 18.984242869059916 ], [ 73.105827865389969, 18.984245007113103 ], [ 73.105826179856479, 18.984394047260391 ], [ 73.10561728782541, 18.984391909189174 ], [ 73.105618973544509, 18.984242869059916 ] ] ] } },
{ "type": "Feature", "properties": { "parcel_reference": "P0143", "building_id": "B-0143", "building_area_sqm": 363.0 }, "geometry": { "type": "Polygon", "coordinates": [ [ [ 73.106758383950591, 18.984254528307677 ], [ 73.106967275948676, 18.984256665076547 ], [ 73.10696559142761, 18.984405705322171 ], [ 73.106756699243917, 18.984403568535281 ], [ 73.106758383950591, 18.984254528307677 ] ] ] } },
{ "type": "Feature", "properties": { "parcel_reference": "P0145", "building_id": "B-0145", "building_area_sqm": 363.0 }, "geometry": { "type": "Polygon", "coordinates": [ [ [ 73.107517991350406, 18.984262297247636 ], [ 73.107726883450184, 18.984264433160281 ], [ 73.107725199604076, 18.984413473471431 ], [ 73.10751630731869, 18.984411337540759 ], [ 73.107517991350406, 18.984262297247636 ] ] ] } },
{ "type": "Feature", "properties": { "parcel_reference": "P0147", "building_id": "B-0147", "building_area_sqm": 363.0 }, "geometry": { "type": "Polygon", "coordinates": [ [ [ 73.108277599119972, 18.984270063074078 ], [ 73.108486491321415, 18.984272198130508 ], [ 73.108484808150266, 18.984421238507149 ], [ 73.108275915763215, 18.984419103432707 ], [ 73.108277599119972, 18.984270063074078 ] ] ] } },
{ "type": "Feature", "properties": { "parcel_reference": "P0148", "building_id": "B-0148", "building_area_sqm": 363.0 }, "geometry": { "type": "Polygon", "coordinates": [ [ [ 73.108657403143368, 18.984273944819723 ], [ 73.108866295395615, 18.984276079448044 ], [ 73.108864612561945, 18.984425119857423 ], [ 73.108655720124091, 18.984422985211101 ], [ 73.108657403143368, 18.984273944819723 ] ] ] } },
{ "type": "Feature", "properties": { "parcel_reference": "P0150", "building_id": "B-0150", "building_area_sqm": 363.0 }, "geometry": { "type": "Polygon", "coordinates": [ [ [ 73.109417011467301, 18.984281705975881 ], [ 73.109625903821154, 18.984283839747985 ], [ 73.109624221662443, 18.984432880222812 ], [ 73.109415329122982, 18.984430746432714 ], [ 73.109417011467301, 18.984281705975881 ] ] ] } },
{ "type": "Feature", "properties": { "parcel_reference": "P0151", "building_id": "B-0151", "building_area_sqm": 363.0 }, "geometry": { "type": "Polygon", "coordinates": [ [ [ 73.100298662456552, 18.984459347826245 ], [ 73.100507553926022, 18.984461491905758 ], [ 73.100505863639185, 18.984610531588764 ], [ 73.100296971984108, 18.984608387491168 ], [ 73.100298662456552, 18.984459347826245 ] ] ] } },
{ "type": "Feature", "properties": { "parcel_reference": "P0152", "building_id": "B-0152", "building_area_sqm": 363.0 }, "geometry": { "type": "Polygon", "coordinates": [ [ [ 73.100678465149173, 18.984463245977498 ], [ 73.100887356669659, 18.984465389628898 ], [ 73.100885666720316, 18.984614429344781 ], [ 73.100676775014222, 18.984612285675297 ], [ 73.100678465149173, 18.984463245977498 ] ] ] } },
{ "type": "Feature", "properties": { "parcel_reference": "P0153", "building_id": "B-0153", "building_area_sqm": 363.0 }, "geometry": { "type": "Polygon", "coordinates": [ [ [ 73.101058267934562, 18.984467143350368 ], [ 73.101267159506065, 18.98446928657367 ], [ 73.101265469894201, 18.984618326322419 ], [ 73.101056578137076, 18.984616183081044 ], [ 73.101058267934562, 18.984467143350368 ] ] ] } },
{ "type": "Feature", "properties": { "parcel_reference": "P0154", "building_id": "B-0154", "building_area_sqm": 363.0 }, "geometry": { "type": "Polygon", "coordinates": [ [ [ 73.101438070812719, 18.984471039944868 ], [ 73.101646962435225, 18.984473182740061 ], [ 73.101645273160827, 18.984622222521672 ], [ 73.101436381352698, 18.984620079708399 ], [ 73.101438070812719, 18.984471039944868 ] ] ] } },
{ "type": "Feature", "properties": { "parcel_reference": "P0155", "building_id": "B-0155", "building_area_sqm": 363.0 }, "geometry": { "type": "Polygon", "coordinates": [ [ [ 73.101817873783602, 18.984474935760986 ], [ 73.102026765457111, 18.984477078128066 ], [ 73.102025076520206, 18.984626117942533 ], [ 73.101816184661075, 18.98462397555738 ], [ 73.101817873783602, 18.984474935760986 ] ] ] } },
{ "type": "Feature", "properties": { "parcel_reference": "P0156", "building_id": "B-0156", "building_area_sqm": 363.0 }, "geometry": { "type": "Polygon", "coordinates": [ [ [ 73.102197676847211, 18.984478830798729 ], [ 73.102406568571709, 18.9844809727377 ], [ 73.102404879972269, 18.984630012585015 ], [ 73.102195988062164, 18.984627870627975 ], [ 73.102197676847211, 18.984478830798729 ] ] ] } },
{ "type": "Feature", "properties": { "parcel_reference": "P0157", "building_id": "B-0157", "building_area_sqm": 363.0 }, "geometry": { "type": "Polygon", "coordinates": [ [ [ 73.102577480003518, 18.984482725058086 ], [ 73.102786371779004, 18.984484866568952 ], [ 73.102784683517044, 18.984633906449112 ], [ 73.10257579155595, 18.984631764920188 ], [ 73.102577480003518, 18.984482725058086 ] ] ] } },
{ "type": "Feature", "properties": { "parcel_reference": "P0158", "building_id": "B-0158", "building_area_sqm": 363.0 }, "geometry": { "type": "Polygon", "coordinates": [ [ [ 73.102957283252508, 18.984486618539066 ], [ 73.103166175078954, 18.984488759621826 ], [ 73.103164487154473, 18.98463779953482 ], [ 73.102955595142419, 18.984635658434005 ], [ 73.102957283252508, 18.984486618539066 ] ] ] } },
{ "type": "Feature", "properties": { "parcel_reference": "P0159", "building_id": "B-0159", "building_area_sqm": 363.0 }, "geometry": { "type": "Polygon", "coordinates": [ [ [ 73.103337086594166, 18.984490511241667 ], [ 73.103545978471558, 18.984492651896318 ], [ 73.103544290884557, 18.984641691842135 ], [ 73.103335398821542, 18.98463955116944 ], [ 73.103337086594166, 18.984490511241667 ] ] ] } },
{ "type": "Feature", "properties": { "parcel_reference": "P0160", "building_id": "B-0160", "building_area_sqm": 363.0 }, "geometry": { "type": "Polygon", "coordinates": [ [ [ 73.103716890028466, 18.98449440316589 ], [ 73.103925781956804, 18.984496543392417 ], [ 73.103924094707295, 18.984645583371069 ], [ 73.103715202593321, 18.984643443126487 ], [ 73.103716890028466, 18.98449440316589 ] ] ] } },
{ "type": "Feature", "properties": { "parcel_reference": "P0161", "building_id": "B-0161", "building_area_sqm": 363.0 }, "geometry": { "type": "Polygon", "coordinates": [ [ [ 73.104096693555391, 18.984498294311724 ], [ 73.104305585534661, 18.984500434110142 ], [ 73.104303898622632, 18.984649474121614 ], [ 73.104095006457726, 18.984647334305141 ], [ 73.104096693555391, 18.984498294311724 ] ] ] } },
{ "type": "Feature", "properties": { "parcel_reference": "P0162", "building_id": "B-0162", "building_area_sqm": 363.0 }, "geometry": { "type": "Polygon", "coordinates": [ [ [ 73.104476497174915, 18.984502184679176 ], [ 73.10468538920513, 18.984504324049485 ], [ 73.104683702630567, 18.984653364093766 ], [ 73.104474810414743, 18.984651224705409 ], [ 73.104476497174915, 18.984502184679176 ] ] ] } },
{ "type": "Feature", "properties": { "parcel_reference": "P0166", "building_id": "B-0166", "building_area_sqm": 363.0 }, "geometry": { "type": "Polygon", "coordinates": [ [ [ 73.105995712578761, 18.984517738365135 ], [ 73.106204604812589, 18.984519876022997 ], [ 73.106202919587943, 18.984668916198448 ], [ 73.105994027168506, 18.984666778522552 ], [ 73.105995712578761, 18.984517738365135 ] ] ] } },
{ "type": "Feature", "properties": { "parcel_reference": "P0167", "building_id": "B-0167", "building_area_sqm": 363.0 }, "geometry": { "type": "Polygon", "coordinates": [ [ [ 73.10637551666106, 18.984521624840649 ], [ 73.10658440894575, 18.984523762070403 ], [ 73.106582724058597, 18.984672802278634 ], [ 73.106373831588286, 18.984670665030855 ], [ 73.10637551666106, 18.984521624840649 ] ] ] } },
{ "type": "Feature", "properties": { "parcel_reference": "P0168", "building_id": "B-0168", "building_area_sqm": 363.0 }, "geometry": { "type": "Polygon", "coordinates": [ [ [ 73.106755320835845, 18.984525510537786 ], [ 73.106964213171409, 18.984527647339423 ], [ 73.106962528621736, 18.984676687580425 ], [ 73.106753636100578, 18.984674550760765 ], [ 73.106755320835845, 18.984525510537786 ] ] ] } },
{ "type": "Feature", "properties": { "parcel_reference": "P0171", "building_id": "B-0171", "building_area_sqm": 363.0 }, "geometry": { "type": "Polygon", "coordinates": [ [ [ 73.107894733915032, 18.984537162958848 ], [ 73.108103626403121, 18.984539298476143 ], [ 73.1081019428659, 18.984688338815417 ], [ 73.107893050192189, 18.984686203280113 ], [ 73.107894733915032, 18.984537162958848 ] ] ] } },
{ "type": "Feature", "properties": { "parcel_reference": "P0172", "building_id": "B-0172", "building_area_sqm": 363.0 }, "geometry": { "type": "Polygon", "coordinates": [ [ [ 73.108274538459611, 18.984541045542425 ], [ 73.108483430998533, 18.984543180631604 ], [ 73.108481747798805, 18.98469222100362 ], [ 73.108272855074276, 18.984690085896435 ], [ 73.108274538459611, 18.984541045542425 ] ] ] } },
{ "type": "Feature", "properties": { "parcel_reference": "P0174", "building_id": "B-0174", "building_area_sqm": 363.0 }, "geometry": { "type": "Polygon", "coordinates": [ [ [ 73.109034147826009, 18.984548808374388 ], [ 73.109243040466538, 18.984550942607331 ], [ 73.109241357941784, 18.984699983044823 ], [ 73.109032465115618, 18.984697848793878 ], [ 73.109034147826009, 18.984548808374388 ] ] ] } },
{ "type": "Feature", "properties": { "parcel_reference": "P0176", "building_id": "B-0176", "building_area_sqm": 363.0 }, "geometry": { "type": "Polygon", "coordinates": [ [ [ 73.100295588858557, 18.984730329033297 ], [ 73.100504480665492, 18.984732473145698 ], [ 73.100502790349964, 18.984881512824078 ], [ 73.100293898357407, 18.984879368693598 ], [ 73.100295588858557, 18.984730329033297 ] ] ] } },
{ "type": "Feature", "properties": { "parcel_reference": "P0177", "building_id": "B-0177", "building_area_sqm": 363.0 }, "geometry": { "type": "Polygon", "coordinates": [ [ [ 73.100675392164774, 18.984734227244331 ], [ 73.10088428402274, 18.984736370928612 ], [ 73.100882594044691, 18.984885410639869 ], [ 73.100673702001117, 18.984883266937505 ], [ 73.100675392164774, 18.984734227244331 ] ] ] } },
{ "type": "Feature", "properties": { "parcel_reference": "P0178", "building_id": "B-0178", "building_area_sqm": 363.0 }, "geometry": { "type": "Polygon", "coordinates": [ [ [ 73.10105519556376, 18.984738124676976 ], [ 73.101264087472757, 18.984740267933141 ], [ 73.101262397832187, 18.984889307677271 ], [ 73.101053505737582, 18.984887164403023 ], [ 73.10105519556376, 18.984738124676976 ] ] ] } },
{ "type": "Feature", "properties": { "parcel_reference": "P0179", "building_id": "B-0179", "building_area_sqm": 363.0 }, "geometry": { "type": "Polygon", "coordinates": [ [ [ 73.101434999055513, 18.984742021331229 ], [ 73.101643891015499, 18.984744164159281 ], [ 73.101642201712423, 18.98489320393627 ], [ 73.101433309566815, 18.984891061090146 ], [ 73.101434999055513, 18.984742021331229 ] ] ] } },
{ "type": "Feature", "properties": { "parcel_reference": "P0180", "building_id": "B-0180", "building_area_sqm": 363.0 }, "geometry": { "type": "Polygon", "coordinates": [ [ [ 73.101814802640007, 18.984745917207096 ], [ 73.102023694650981, 18.984748059607025 ], [ 73.102022005685399, 18.984897099416873 ], [ 73.101813113488788, 18.984894956998868 ], [ 73.101814802640007, 18.984745917207096 ] ] ] } },
{ "type": "Feature", "properties": { "parcel_reference": "P0182", "building_id": "B-0182", "building_area_sqm": 363.0 }, "geometry": { "type": "Polygon", "coordinates": [ [ [ 73.102574410087115, 18.984753706623646 ], [ 73.102783302200066, 18.984755848167353 ], [ 73.102781613909443, 18.984904888042898 ], [ 73.102572721610855, 18.984902746481126 ], [ 73.102574410087115, 18.984753706623646 ] ] ] } },
{ "type": "Feature", "properties": { "parcel_reference": "P0183", "building_id": "B-0183", "building_area_sqm": 363.0 }, "geometry": { "type": "Polygon", "coordinates": [ [ [ 73.102954213949701, 18.984757600164336 ], [ 73.103163106113627, 18.984759741279927 ], [ 73.103161418160482, 18.984908781188309 ], [ 73.102952525810949, 18.984906640054657 ], [ 73.102954213949701, 18.984757600164336 ] ] ] } },
{ "type": "Feature", "properties": { "parcel_reference": "P0184", "building_id": "B-0184", "building_area_sqm": 363.0 }, "geometry": { "type": "Polygon", "coordinates": [ [ [ 73.103334017904956, 18.984761492926634 ], [ 73.103542910119842, 18.984763633614104 ], [ 73.103541222504177, 18.984912673555318 ], [ 73.103332330103683, 18.984910532849788 ], [ 73.103334017904956, 18.984761492926634 ] ] ] } },
{ "type": "Feature", "properties": { "parcel_reference": "P0185", "building_id": "B-0185", "building_area_sqm": 363.0 }, "geometry": { "type": "Polygon", "coordinates": [ [ [ 73.103713821952852, 18.984765384910542 ], [ 73.103922714218683, 18.984767525169897 ], [ 73.103921026940512, 18.984916565143926 ], [ 73.103712134489072, 18.984914424866513 ], [ 73.103713821952852, 18.984765384910542 ] ] ] } },
{ "type": "Feature", "properties": { "parcel_reference": "P0186", "building_id": "B-0186", "building_area_sqm": 363.0 }, "geometry": { "type": "Polygon", "coordinates": [ [ [ 73.104093626093388, 18.984769276116051 ], [ 73.104302518410151, 18.984771415947286 ], [ 73.104300831469459, 18.984920455954136 ], [ 73.104091938967088, 18.984918316104849 ], [ 73.104093626093388, 18.984769276116051 ] ] ] } },
{ "type": "Feature", "properties": { "parcel_reference": "P0188", "building_id": "B-0188", "building_area_sqm": 363.0 }, "geometry": { "type": "Polygon", "coordinates": [ [ [ 73.104853234652253, 18.984777056191881 ], [ 73.105062127070852, 18.98477919516688 ], [ 73.105060440805133, 18.984928235239348 ], [ 73.104851548200912, 18.984926096246305 ], [ 73.104853234652253, 18.984777056191881 ] ] ] } },
{ "type": "Feature", "properties": { "parcel_reference": "P0191", "building_id": "B-0191", "building_area_sqm": 363.0 }, "geometry": { "type": "Polygon", "coordinates": [ [ [ 73.105992648184781, 18.984788720467648 ], [ 73.106201540756089, 18.984790858158291 ], [ 73.106199855502823, 18.984939898329131 ], [ 73.105990962745921, 18.984937760620447 ], [ 73.105992648184781, 18.984788720467648 ] ] ] } },
{ "type": "Feature", "properties": { "parcel_reference": "P0193", "building_id": "B-0193", "building_area_sqm": 363.0 }, "geometry": { "type": "Polygon", "coordinates": [ [ [ 73.106752257669086, 18.984796492759497 ], [ 73.10696115034213, 18.9847986295939 ], [ 73.10695946576385, 18.98494766983028 ], [ 73.106750572905185, 18.984945532977854 ], [ 73.106752257669086, 18.984796492759497 ] ] ] } },
{ "type": "Feature", "properties": { "parcel_reference": "P0195", "building_id": "B-0195", "building_area_sqm": 363.0 }, "geometry": { "type": "Polygon", "coordinates": [ [ [ 73.107511867523314, 18.984804261937743 ], [ 73.107720760298051, 18.984806397915904 ], [ 73.107719076394758, 18.984955438217806 ], [ 73.107510183434385, 18.984953302221626 ], [ 73.107511867523314, 18.984804261937743 ] ] ] } },
{ "type": "Feature", "properties": { "parcel_reference": "P0197", "building_id": "B-0197", "building_area_sqm": 363.0 }, "geometry": { "type": "Polygon", "coordinates": [ [ [ 73.108271477747294, 18.98481202800237 ], [ 73.108480370623695, 18.984814163124298 ], [ 73.108478687395376, 18.984963203491695 ], [ 73.108269794333367, 18.984961068351762 ], [ 73.108271477747294, 18.98481202800237 ] ] ] } },
{ "type": "Feature", "properties": { "parcel_reference": "P0199", "building_id": "B-0199", "building_area_sqm": 363.0 }, "geometry": { "type": "Polygon", "coordinates": [ [ [ 73.109031088340899, 18.984819790953384 ], [ 73.109239981318922, 18.984821925219059 ], [ 73.10923829876559, 18.984970965651929 ], [ 73.109029405601945, 18.984968831368256 ], [ 73.109031088340899, 18.984819790953384 ] ] ] } },
{ "type": "Feature", "properties": { "parcel_reference": "P0200", "building_id": "B-0200", "building_area_sqm": 363.0 }, "geometry": { "type": "Polygon", "coordinates": [ [ [ 73.109410893776257, 18.984823671261289 ], [ 73.109619786805084, 18.984825805098836 ], [ 73.109618104589245, 18.984974845564427 ], [ 73.109409211374796, 18.984972711708885 ], [ 73.109410893776257, 18.984823671261289 ] ] ] } },
{ "type": "Feature", "properties": { "parcel_reference": "P0201", "building_id": "B-0201", "building_area_sqm": 363.0 }, "geometry": { "type": "Polygon", "coordinates": [ [ [ 73.100292515208366, 18.985001310231951 ], [ 73.100501407352795, 18.985003454377228 ], [ 73.100499717008546, 18.985152494050986 ], [ 73.10029082467851, 18.985150349887629 ], [ 73.100292515208366, 18.985001310231951 ] ] ] } },
{ "type": "Feature", "properties": { "parcel_reference": "P0204", "building_id": "B-0204", "building_area_sqm": 363.0 }, "geometry": { "type": "Polygon", "coordinates": [ [ [ 73.101431927246139, 18.985013002709188 ], [ 73.101640819543618, 18.985015145570099 ], [ 73.101639130211851, 18.98516418534247 ], [ 73.101430237728749, 18.985162042463482 ], [ 73.101431927246139, 18.985013002709188 ] ] ] } },
{ "type": "Feature", "properties": { "parcel_reference": "P0205", "building_id": "B-0205", "building_area_sqm": 363.0 }, "geometry": { "type": "Polygon", "coordinates": [ [ [ 73.101811731444243, 18.985016898644798 ], [ 73.102020623792711, 18.985019041077589 ], [ 73.102018934798423, 18.985168080882815 ], [ 73.101810042264333, 18.985165938431955 ], [ 73.101811731444243, 18.985016898644798 ] ] ] } },
{ "type": "Feature", "properties": { "parcel_reference": "P0206", "building_id": "B-0206", "building_area_sqm": 363.0 }, "geometry": { "type": "Polygon", "coordinates": [ [ [ 73.102191535735059, 18.985020793802008 ], [ 73.102400428134516, 18.985022935806676 ], [ 73.102398739477721, 18.98517197564475 ], [ 73.102189846892642, 18.985169833622017 ], [ 73.102191535735059, 18.985020793802008 ] ] ] } },
{ "type": "Feature", "properties": { "parcel_reference": "P0207", "building_id": "B-0207", "building_area_sqm": 363.0 }, "geometry": { "type": "Polygon", "coordinates": [ [ [ 73.102571340118558, 18.985024688180811 ], [ 73.102780232569017, 18.985026829757359 ], [ 73.102778544249716, 18.985175869628275 ], [ 73.102569651613649, 18.985173728033665 ], [ 73.102571340118558, 18.985024688180811 ] ] ] } },
{ "type": "Feature", "properties": { "parcel_reference": "P0209", "building_id": "B-0209", "building_area_sqm": 363.0 }, "geometry": { "type": "Polygon", "coordinates": [ [ [ 73.103330949163635, 18.985032474603205 ], [ 73.103539841716, 18.985034615323507 ], [ 73.103538154071686, 18.985183655260087 ], [ 73.103329261333698, 18.985181514521738 ], [ 73.103330949163635, 18.985032474603205 ] ] ] } },
{ "type": "Feature", "properties": { "parcel_reference": "P0210", "building_id": "B-0210", "building_area_sqm": 363.0 }, "geometry": { "type": "Polygon", "coordinates": [ [ [ 73.103710753825141, 18.985036366646796 ], [ 73.103919646428466, 18.98503850693897 ], [ 73.103917959121631, 18.985187546908382 ], [ 73.103709066332698, 18.985185406598152 ], [ 73.103710753825141, 18.985036366646796 ] ] ] } },
{ "type": "Feature", "properties": { "parcel_reference": "P0211", "building_id": "B-0211", "building_area_sqm": 363.0 }, "geometry": { "type": "Polygon", "coordinates": [ [ [ 73.104090558579287, 18.985040257911976 ], [ 73.104299451233544, 18.985042397776034 ], [ 73.104297764264217, 18.985191437778258 ], [ 73.104088871424338, 18.985189297896156 ], [ 73.104090558579287, 18.985040257911976 ] ] ] } },
{ "type": "Feature", "properties": { "parcel_reference": "P0213", "building_id": "B-0213", "building_area_sqm": 363.0 }, "geometry": { "type": "Polygon", "coordinates": [ [ [ 73.104850168365388, 18.98504803810712 ], [ 73.10505906112148, 18.985050177114925 ], [ 73.105057374827126, 18.985199217182764 ], [ 73.104848481885412, 18.985197078156919 ], [ 73.104850168365388, 18.98504803810712 ] ] ] } },
{ "type": "Feature", "properties": { "parcel_reference": "P0215", "building_id": "B-0215", "building_area_sqm": 363.0 }, "geometry": { "type": "Polygon", "coordinates": [ [ [ 73.105609778521753, 18.98505581518863 ], [ 73.105818671379666, 18.985057953340185 ], [ 73.105816985760299, 18.985206993473611 ], [ 73.105608092716778, 18.985204855304023 ], [ 73.105609778521753, 18.98505581518863 ] ] ] } },
{ "type": "Feature", "properties": { "parcel_reference": "P0218", "building_id": "B-0218", "building_area_sqm": 363.0 }, "geometry": { "type": "Polygon", "coordinates": [ [ [ 73.106749194450302, 18.985067474972805 ], [ 73.106958087460825, 18.985069611839979 ], [ 73.106956402853953, 18.98521865207174 ], [ 73.106747509657808, 18.985216515186544 ], [ 73.106749194450302, 18.985067474972805 ] ] ] } },
{ "type": "Feature", "properties": { "parcel_reference": "P0220", "building_id": "B-0220", "building_area_sqm": 363.0 }, "geometry": { "type": "Polygon", "coordinates": [ [ [ 73.107508805531751, 18.985075244270192 ], [ 73.107717698643981, 18.985077380281112 ], [ 73.107716014712096, 18.985226420578396 ], [ 73.107507121414244, 18.985224284549464 ], [ 73.107508805531751, 18.985075244270192 ] ] ] } },
{ "type": "Feature", "properties": { "parcel_reference": "P0221", "building_id": "B-0221", "building_area_sqm": 363.0 }, "geometry": { "type": "Polygon", "coordinates": [ [ [ 73.107888611211166, 18.985079127751266 ], [ 73.108097504374228, 18.98508126333406 ], [ 73.108095820779837, 18.985230303664093 ], [ 73.107886927431139, 18.985228168063287 ], [ 73.107888611211166, 18.985079127751266 ] ] ] } },
{ "type": "Feature", "properties": { "parcel_reference": "P0222", "building_id": "B-0222", "building_area_sqm": 363.0 }, "geometry": { "type": "Polygon", "coordinates": [ [ [ 73.10826841698298, 18.985083010453923 ], [ 73.108477310196875, 18.985085145608586 ], [ 73.108475626939978, 18.985234185971365 ], [ 73.108266733540475, 18.985232050798697 ], [ 73.10826841698298, 18.985083010453923 ] ] ] } },
{ "type": "Feature", "properties": { "parcel_reference": "P0223", "building_id": "B-0223", "building_area_sqm": 363.0 }, "geometry": { "type": "Polygon", "coordinates": [ [ [ 73.108648222847222, 18.985086892378163 ], [ 73.108857116111935, 18.985089027104696 ], [ 73.108855433192517, 18.985238067500216 ], [ 73.108646539742182, 18.985235932755678 ], [ 73.108648222847222, 18.985086892378163 ] ] ] } },
{ "type": "Feature", "properties": { "parcel_reference": "P0224", "building_id": "B-0224", "building_area_sqm": 363.0 }, "geometry": { "type": "Polygon", "coordinates": [ [ [ 73.109028028803834, 18.985090773523989 ], [ 73.109236922119351, 18.985092907822391 ], [ 73.109235239537441, 18.985241948250639 ], [ 73.109026346036302, 18.985239813934236 ], [ 73.109028028803834, 18.985090773523989 ] ] ] } },
{ "type": "Feature", "properties": { "parcel_reference": "P0225", "building_id": "B-0225", "building_area_sqm": 363.0 }, "geometry": { "type": "Polygon", "coordinates": [ [ [ 73.109407834852817, 18.985094653891395 ], [ 73.109616728219123, 18.985096787761666 ], [ 73.109615045974721, 18.985245828222642 ], [ 73.109406152422793, 18.985243694334372 ], [ 73.109407834852817, 18.985094653891395 ] ] ] } },
{ "type": "Feature", "properties": { "parcel_reference": "P0226", "building_id": "B-0226", "building_area_sqm": 363.0 }, "geometry": { "type": "Polygon", "coordinates": [ [ [ 73.100289441505979, 18.985272291422206 ], [ 73.100498333987886, 18.985274435600356 ], [ 73.100496643614946, 18.985423475269499 ], [ 73.100287750947416, 18.985421331073258 ], [ 73.100289441505979, 18.985272291422206 ] ] ] } },
{ "type": "Feature", "properties": { "parcel_reference": "P0228", "building_id": "B-0228", "building_area_sqm": 363.0 }, "geometry": { "type": "Polygon", "coordinates": [ [ [ 73.101049050665637, 18.985280087304979 ], [ 73.101257943249593, 18.985282230626879 ], [ 73.101256253551625, 18.985431270361769 ], [ 73.101047360782061, 18.985429127021789 ], [ 73.101049050665637, 18.985280087304979 ] ] ] } },
{ "type": "Feature", "properties": { "parcel_reference": "P0229", "building_id": "B-0229", "building_area_sqm": 363.0 }, "geometry": { "type": "Polygon", "coordinates": [ [ [ 73.101428855384597, 18.985283984078745 ], [ 73.10163774801957, 18.985286126972518 ], [ 73.101636058659111, 18.985435166740274 ], [ 73.10142716583853, 18.985433023828424 ], [ 73.101428855384597, 18.985283984078745 ] ] ] } },
{ "type": "Feature", "properties": { "parcel_reference": "P0230", "building_id": "B-0230", "building_area_sqm": 363.0 }, "geometry": { "type": "Polygon", "coordinates": [ [ [ 73.101808660196312, 18.9852878800741 ], [ 73.102017552882288, 18.985290022539747 ], [ 73.102015863859322, 18.985439062340355 ], [ 73.101806970987738, 18.985436919856642 ], [ 73.101808660196312, 18.9852878800741 ] ] ] } },
{ "type": "Feature", "properties": { "parcel_reference": "P0231", "building_id": "B-0231", "building_area_sqm": 363.0 }, "geometry": { "type": "Polygon", "coordinates": [ [ [ 73.102188465100753, 18.985291775291042 ], [ 73.102397357837717, 18.985293917328562 ], [ 73.102395669152244, 18.985442957162022 ], [ 73.102186776229658, 18.985440815106433 ], [ 73.102188465100753, 18.985291775291042 ] ] ] } },
{ "type": "Feature", "properties": { "parcel_reference": "P0232", "building_id": "B-0232", "building_area_sqm": 363.0 }, "geometry": { "type": "Polygon", "coordinates": [ [ [ 73.10256827009789, 18.985295669729567 ], [ 73.102777162885829, 18.985297811338956 ], [ 73.10277547453785, 18.985446851205257 ], [ 73.102566581564304, 18.985444709577809 ], [ 73.10256827009789, 18.985295669729567 ] ] ] } },
{ "type": "Feature", "properties": { "parcel_reference": "P0233", "building_id": "B-0233", "building_area_sqm": 363.0 }, "geometry": { "type": "Polygon", "coordinates": [ [ [ 73.102948075187712, 18.985299563389681 ], [ 73.103156968026624, 18.985301704570936 ], [ 73.103155280016139, 18.985450744470075 ], [ 73.102946386991619, 18.985448603270758 ], [ 73.102948075187712, 18.985299563389681 ] ] ] } },
{ "type": "Feature", "properties": { "parcel_reference": "P0234", "building_id": "B-0234", "building_area_sqm": 363.0 }, "geometry": { "type": "Polygon", "coordinates": [ [ [ 73.103327880370202, 18.985303456271371 ], [ 73.10353677326006, 18.985305597024499 ], [ 73.103535085587083, 18.985454636956465 ], [ 73.103326192511602, 18.985452496185282 ], [ 73.103327880370202, 18.985303456271371 ] ] ] } },
{ "type": "Feature", "properties": { "parcel_reference": "P0236", "building_id": "B-0236", "building_area_sqm": 363.0 }, "geometry": { "type": "Polygon", "coordinates": [ [ [ 73.104087491013104, 18.985311239699499 ], [ 73.104296384004854, 18.98531337959637 ], [ 73.104294697006864, 18.985462419593979 ], [ 73.104085803829506, 18.985460279679067 ], [ 73.104087491013104, 18.985311239699499 ] ] ] } },
{ "type": "Feature", "properties": { "parcel_reference": "P0238", "building_id": "B-0238", "building_area_sqm": 363.0 }, "geometry": { "type": "Polygon", "coordinates": [ [ [ 73.10484710202644, 18.985319020013961 ], [ 73.10505599512004, 18.985321159054564 ], [ 73.105054308797037, 18.985470199117788 ], [ 73.104845415517829, 18.985468060059141 ], [ 73.10484710202644, 18.985319020013961 ] ] ] } },
{ "type": "Feature", "properties": { "parcel_reference": "P0239", "building_id": "B-0239", "building_area_sqm": 363.0 }, "geometry": { "type": "Polygon", "coordinates": [ [ [ 73.105226907671991, 18.985322909003553 ], [ 73.10543580081648, 18.985325047616033 ], [ 73.105434114830999, 18.985474087712053 ], [ 73.105225221500874, 18.985471949081536 ], [ 73.105226907671991, 18.985322909003553 ] ] ] } },
{ "type": "Feature", "properties": { "parcel_reference": "P0242", "building_id": "B-0242", "building_area_sqm": 363.0 }, "geometry": { "type": "Polygon", "coordinates": [ [ [ 73.106366325163862, 18.985334571301809 ], [ 73.106575218461018, 18.985336708629887 ], [ 73.106573533488017, 18.98548574882426 ], [ 73.106364640005239, 18.985483611478159 ], [ 73.106366325163862, 18.985334571301809 ] ] ] } },
{ "type": "Feature", "properties": { "parcel_reference": "P0243", "building_id": "B-0243", "building_area_sqm": 363.0 }, "geometry": { "type": "Polygon", "coordinates": [ [ [ 73.106746131179506, 18.985338457177715 ], [ 73.106955024527522, 18.985340594077663 ], [ 73.10695333989203, 18.985489634304802 ], [ 73.106744446358377, 18.985487497386835 ], [ 73.106746131179506, 18.985338457177715 ] ] ] } },
{ "type": "Feature", "properties": { "parcel_reference": "P0246", "building_id": "B-0246", "building_area_sqm": 363.0 }, "geometry": { "type": "Polygon", "coordinates": [ [ [ 73.107885549781244, 18.985350110134878 ], [ 73.108094443281814, 18.98535224575042 ], [ 73.108092759658831, 18.985501286075834 ], [ 73.107883865972639, 18.985499150442283 ], [ 73.107885549781244, 18.985350110134878 ] ] ] } },
{ "type": "Feature", "properties": { "parcel_reference": "P0247", "building_id": "B-0247", "building_area_sqm": 363.0 }, "geometry": { "type": "Polygon", "coordinates": [ [ [ 73.108265356166697, 18.985353992897078 ], [ 73.1084742497181, 18.985356128084479 ], [ 73.10847256643261, 18.985505168442646 ], [ 73.1082636726956, 18.985503033237233 ], [ 73.108265356166697, 18.985353992897078 ] ] ] } },
{ "type": "Feature", "properties": { "parcel_reference": "P0248", "building_id": "B-0248", "building_area_sqm": 363.0 }, "geometry": { "type": "Polygon", "coordinates": [ [ [ 73.108645162644564, 18.985357874880847 ], [ 73.108854056246784, 18.985360009640114 ], [ 73.108852373298788, 18.98550905003102 ], [ 73.10864347951096, 18.985506915253744 ], [ 73.108645162644564, 18.985357874880847 ] ] ] } },
{ "type": "Feature", "properties": { "parcel_reference": "P0250", "building_id": "B-0250", "building_area_sqm": 363.0 }, "geometry": { "type": "Polygon", "coordinates": [ [ [ 73.109404775877437, 18.985365636513105 ], [ 73.109613669581236, 18.985367770416101 ], [ 73.10961198730827, 18.985516810872461 ], [ 73.109403093418834, 18.985514676951468 ], [ 73.109404775877437, 18.985365636513105 ] ] ] } },
{ "type": "Feature", "properties": { "parcel_reference": "P0253", "building_id": "B-0253", "building_area_sqm": 363.0 }, "geometry": { "type": "Polygon", "coordinates": [ [ [ 73.101045978138302, 18.985551068606384 ], [ 73.101254871059751, 18.985553211961147 ], [ 73.101253181333107, 18.985702251691411 ], [ 73.101044288226021, 18.985700108318568 ], [ 73.101045978138302, 18.985551068606384 ] ] ] } },
{ "type": "Feature", "properties": { "parcel_reference": "P0254", "building_id": "B-0254", "building_area_sqm": 363.0 }, "geometry": { "type": "Polygon", "coordinates": [ [ [ 73.101425783470901, 18.985554965439903 ], [ 73.101634676443368, 18.985557108366539 ], [ 73.101632987054217, 18.985706148129662 ], [ 73.101424093896128, 18.98570400518496 ], [ 73.101425783470901, 18.985554965439903 ] ] ] } },
{ "type": "Feature", "properties": { "parcel_reference": "P0255", "building_id": "B-0255", "building_area_sqm": 363.0 }, "geometry": { "type": "Polygon", "coordinates": [ [ [ 73.101805588896241, 18.985558861495004 ], [ 73.10201448191971, 18.985561003993507 ], [ 73.102012792868052, 18.985710043789489 ], [ 73.101803899658975, 18.985707901272921 ], [ 73.101805588896241, 18.985558861495004 ] ] ] } },
{ "type": "Feature", "properties": { "parcel_reference": "P0256", "building_id": "B-0256", "building_area_sqm": 363.0 }, "geometry": { "type": "Polygon", "coordinates": [ [ [ 73.102185394414306, 18.985562756771678 ], [ 73.102394287488764, 18.98556489884205 ], [ 73.102392598774628, 18.985713938670884 ], [ 73.102183705514548, 18.985711796582446 ], [ 73.102185394414306, 18.985562756771678 ] ] ] } },
{ "type": "Feature", "properties": { "parcel_reference": "P0257", "building_id": "B-0257", "building_area_sqm": 363.0 }, "geometry": { "type": "Polygon", "coordinates": [ [ [ 73.102565200025083, 18.985566651269927 ], [ 73.102774093150515, 18.985568792912158 ], [ 73.102772404773859, 18.985717832773837 ], [ 73.102563511462819, 18.985715691113541 ], [ 73.102565200025083, 18.985566651269927 ] ] ] } },
{ "type": "Feature", "properties": { "parcel_reference": "P0258", "building_id": "B-0258", "building_area_sqm": 363.0 }, "geometry": { "type": "Polygon", "coordinates": [ [ [ 73.102945005728529, 18.985570544989745 ], [ 73.103153898904935, 18.985572686203838 ], [ 73.103152210865787, 18.985721726098358 ], [ 73.102943317503772, 18.985719584866199 ], [ 73.102945005728529, 18.985570544989745 ] ] ] } },
{ "type": "Feature", "properties": { "parcel_reference": "P0259", "building_id": "B-0259", "building_area_sqm": 363.0 }, "geometry": { "type": "Polygon", "coordinates": [ [ [ 73.103324811524658, 18.985574437931135 ], [ 73.103533704752024, 18.985576578717097 ], [ 73.10353201705037, 18.985725618644445 ], [ 73.103323123637395, 18.985723477840423 ], [ 73.103324811524658, 18.985574437931135 ] ] ] } },
{ "type": "Feature", "properties": { "parcel_reference": "P0261", "building_id": "B-0261", "building_area_sqm": 363.0 }, "geometry": { "type": "Polygon", "coordinates": [ [ [ 73.104084423394823, 18.98558222147863 ], [ 73.104293316724068, 18.985584361408314 ], [ 73.104291629697443, 18.985733401401301 ], [ 73.104082736182562, 18.985731261453562 ], [ 73.104084423394823, 18.98558222147863 ] ] ] } },
{ "type": "Feature", "properties": { "parcel_reference": "P0263", "building_id": "B-0263", "building_area_sqm": 363.0 }, "geometry": { "type": "Polygon", "coordinates": [ [ [ 73.104844035635438, 18.985590001912392 ], [ 73.105052929066517, 18.985592140985808 ], [ 73.105051242714907, 18.985741181044403 ], [ 73.104842349098178, 18.985739041952954 ], [ 73.104844035635438, 18.985590001912392 ] ] ] } },
{ "type": "Feature", "properties": { "parcel_reference": "P0265", "building_id": "B-0265", "building_area_sqm": 363.0 }, "geometry": { "type": "Polygon", "coordinates": [ [ [ 73.105603648246344, 18.985597779232428 ], [ 73.10581254177923, 18.985599917449566 ], [ 73.105810856102622, 18.985748957573755 ], [ 73.1056019623841, 18.985746819338583 ], [ 73.105603648246344, 18.985597779232428 ] ] ] } },
{ "type": "Feature", "properties": { "parcel_reference": "P0266", "building_id": "B-0266", "building_area_sqm": 363.0 }, "geometry": { "type": "Polygon", "coordinates": [ [ [ 73.105983454690616, 18.985601666724797 ], [ 73.106192348274391, 18.985603804513794 ], [ 73.106190662935276, 18.985752844670763 ], [ 73.105981769165879, 18.985750706863744 ], [ 73.105983454690616, 18.985601666724797 ] ] ] } },
{ "type": "Feature", "properties": { "parcel_reference": "P0267", "building_id": "B-0267", "building_area_sqm": 363.0 }, "geometry": { "type": "Polygon", "coordinates": [ [ [ 73.106363261227386, 18.985605553438731 ], [ 73.10657215486205, 18.985607690799583 ], [ 73.106570469860443, 18.985756730989337 ], [ 73.106361576040158, 18.985754593610455 ], [ 73.106363261227386, 18.985605553438731 ] ] ] } },
{ "type": "Feature", "properties": { "parcel_reference": "P0268", "building_id": "B-0268", "building_area_sqm": 363.0 }, "geometry": { "type": "Polygon", "coordinates": [ [ [ 73.106743067856684, 18.985609439374226 ], [ 73.106951961542194, 18.98561157630694 ], [ 73.106950276878109, 18.985760616529465 ], [ 73.106741383006948, 18.985758479578728 ], [ 73.106743067856684, 18.985609439374226 ] ] ] } },
{ "type": "Feature", "properties": { "parcel_reference": "P0269", "building_id": "B-0269", "building_area_sqm": 363.0 }, "geometry": { "type": "Polygon", "coordinates": [ [ [ 73.107122874578451, 18.985613324531279 ], [ 73.107331768314822, 18.985615461035856 ], [ 73.107330083988231, 18.985764501291143 ], [ 73.107121190066223, 18.985762364768554 ], [ 73.107122874578451, 18.985613324531279 ] ] ] } },
{ "type": "Feature", "properties": { "parcel_reference": "P0270", "building_id": "B-0270", "building_area_sqm": 363.0 }, "geometry": { "type": "Polygon", "coordinates": [ [ [ 73.107502681392674, 18.985617208909904 ], [ 73.107711575179891, 18.985619344986336 ], [ 73.107709891190822, 18.98576838527438 ], [ 73.107500997217954, 18.985766249179935 ], [ 73.107502681392674, 18.985617208909904 ] ] ] } },
{ "type": "Feature", "properties": { "parcel_reference": "P0271", "building_id": "B-0271", "building_area_sqm": 363.0 }, "geometry": { "type": "Polygon", "coordinates": [ [ [ 73.107882488299339, 18.985621092510083 ], [ 73.108091382137417, 18.985623228158374 ], [ 73.108089698485827, 18.98577226847917 ], [ 73.107880804462127, 18.985770132812867 ], [ 73.107882488299339, 18.985621092510083 ] ] ] } },
{ "type": "Feature", "properties": { "parcel_reference": "P0272", "building_id": "B-0272", "building_area_sqm": 363.0 }, "geometry": { "type": "Polygon", "coordinates": [ [ [ 73.108262295298445, 18.985624975331831 ], [ 73.108471189187341, 18.985627110551977 ], [ 73.108469505873259, 18.985776150905522 ], [ 73.108260611798741, 18.985774015667356 ], [ 73.108262295298445, 18.985624975331831 ] ] ] } },
{ "type": "Feature", "properties": { "parcel_reference": "P0273", "building_id": "B-0273", "building_area_sqm": 363.0 }, "geometry": { "type": "Polygon", "coordinates": [ [ [ 73.10864210238995, 18.985628857375133 ], [ 73.108850996329664, 18.985630992167142 ], [ 73.10884931335309, 18.985780032553418 ], [ 73.108640419227754, 18.985777897743411 ], [ 73.10864210238995, 18.985628857375133 ] ] ] } },
{ "type": "Feature", "properties": { "parcel_reference": "P0274", "building_id": "B-0274", "building_area_sqm": 363.0 }, "geometry": { "type": "Polygon", "coordinates": [ [ [ 73.109021909573841, 18.98563273864 ], [ 73.109230803564358, 18.985634873003857 ], [ 73.109229120925292, 18.985783913422868 ], [ 73.109020226749166, 18.985781779041009 ], [ 73.109021909573841, 18.98563273864 ] ] ] } },
{ "type": "Feature", "properties": { "parcel_reference": "P0276", "building_id": "B-0276", "building_area_sqm": 363.0 }, "geometry": { "type": "Polygon", "coordinates": [ [ [ 73.100283293944599, 18.985814253777498 ], [ 73.100492187101509, 18.985816398021413 ], [ 73.100490496671156, 18.985965437681308 ], [ 73.100281603328625, 18.985963293419307 ], [ 73.100283293944599, 18.985814253777498 ] ] ] } },
{ "type": "Feature", "properties": { "parcel_reference": "P0277", "building_id": "B-0277", "building_area_sqm": 363.0 }, "geometry": { "type": "Polygon", "coordinates": [ [ [ 73.100663099705315, 18.985818152227651 ], [ 73.100871992913255, 18.985820296043428 ], [ 73.100870302820397, 18.9859693357362 ], [ 73.100661409426834, 18.98596719190234 ], [ 73.100663099705315, 18.985818152227651 ] ] ] } },
{ "type": "Feature", "properties": { "parcel_reference": "P0278", "building_id": "B-0278", "building_area_sqm": 363.0 }, "geometry": { "type": "Polygon", "coordinates": [ [ [ 73.101042905558799, 18.985822049899369 ], [ 73.101251798817756, 18.985824193287009 ], [ 73.101250109062406, 18.985973233012654 ], [ 73.101041215617812, 18.985971089606934 ], [ 73.101042905558799, 18.985822049899369 ] ] ] } },
{ "type": "Feature", "properties": { "parcel_reference": "P0279", "building_id": "B-0279", "building_area_sqm": 363.0 }, "geometry": { "type": "Polygon", "coordinates": [ [ [ 73.101422711505037, 18.985825946792659 ], [ 73.101631604814997, 18.985828089752154 ], [ 73.101629915397169, 18.985977129510662 ], [ 73.101421021901572, 18.98597498653309 ], [ 73.101422711505037, 18.985825946792659 ] ] ] } },
{ "type": "Feature", "properties": { "parcel_reference": "P0281", "building_id": "B-0281", "building_area_sqm": 363.0 }, "geometry": { "type": "Polygon", "coordinates": [ [ [ 73.10218232367572, 18.985833738243915 ], [ 73.102391217087686, 18.985835880347121 ], [ 73.102389528344858, 18.985984920171337 ], [ 73.10218063474727, 18.985982778050058 ], [ 73.10218232367572, 18.985833738243915 ] ] ] } },
{ "type": "Feature", "properties": { "parcel_reference": "P0282", "building_id": "B-0282", "building_area_sqm": 363.0 }, "geometry": { "type": "Polygon", "coordinates": [ [ [ 73.102562129900136, 18.985837632801879 ], [ 73.102771023363061, 18.985839774476954 ], [ 73.102769334957756, 18.985988814334007 ], [ 73.102560441309194, 18.985986672640873 ], [ 73.102562129900136, 18.985837632801879 ] ] ] } },
{ "type": "Feature", "properties": { "parcel_reference": "P0286", "building_id": "B-0286", "building_area_sqm": 363.0 }, "geometry": { "type": "Polygon", "coordinates": [ [ [ 73.10408135572446, 18.985853203249352 ], [ 73.104290249391198, 18.985855343211853 ], [ 73.104288562335924, 18.986004383200218 ], [ 73.104079668483536, 18.986002243219666 ], [ 73.10408135572446, 18.985853203249352 ] ] ] } },
{ "type": "Feature", "properties": { "parcel_reference": "P0287", "building_id": "B-0287", "building_area_sqm": 363.0 }, "geometry": { "type": "Polygon", "coordinates": [ [ [ 73.104461162412093, 18.985857093915115 ], [ 73.104670056129777, 18.985859233449471 ], [ 73.104668369412011, 18.986008273470649 ], [ 73.104459475508705, 18.986006133918245 ], [ 73.104461162412093, 18.985857093915115 ] ] ] } },
{ "type": "Feature", "properties": { "parcel_reference": "P0288", "building_id": "B-0288", "building_area_sqm": 363.0 }, "geometry": { "type": "Polygon", "coordinates": [ [ [ 73.104840969192352, 18.985860983802432 ], [ 73.105049862960939, 18.98586312290864 ], [ 73.105048176580681, 18.986012162962624 ], [ 73.104839282626457, 18.986010023838368 ], [ 73.104840969192352, 18.985860983802432 ] ] ] } },
{ "type": "Feature", "properties": { "parcel_reference": "P0289", "building_id": "B-0289", "building_area_sqm": 363.0 }, "geometry": { "type": "Polygon", "coordinates": [ [ [ 73.105220776065181, 18.985864872911304 ], [ 73.105429669884671, 18.985867011589374 ], [ 73.105427983841921, 18.986016051676149 ], [ 73.10521908983678, 18.986013912980045 ], [ 73.105220776065181, 18.985864872911304 ] ] ] } },
{ "type": "Feature", "properties": { "parcel_reference": "P0290", "building_id": "B-0290", "building_area_sqm": 363.0 }, "geometry": { "type": "Polygon", "coordinates": [ [ [ 73.105600583030551, 18.985868761241733 ], [ 73.105809476900959, 18.985870899491658 ], [ 73.105807791195716, 18.986019939611221 ], [ 73.105598897139672, 18.986017801343269 ], [ 73.105600583030551, 18.985868761241733 ] ] ] } },
{ "type": "Feature", "properties": { "parcel_reference": "P0291", "building_id": "B-0291", "building_area_sqm": 363.0 }, "geometry": { "type": "Polygon", "coordinates": [ [ [ 73.105980390088462, 18.985872648793716 ], [ 73.106189284009758, 18.985874786615494 ], [ 73.106187598642023, 18.986023826767841 ], [ 73.105978704535104, 18.986021688928034 ], [ 73.105980390088462, 18.985872648793716 ] ] ] } },
{ "type": "Feature", "properties": { "parcel_reference": "P0292", "building_id": "B-0292", "building_area_sqm": 363.0 }, "geometry": { "type": "Polygon", "coordinates": [ [ [ 73.106360197238899, 18.98587653556725 ], [ 73.106569091211057, 18.985878672960876 ], [ 73.106567406180844, 18.986027713146012 ], [ 73.106358512023036, 18.986025575734356 ], [ 73.106360197238899, 18.98587653556725 ] ] ] } },
{ "type": "Feature", "properties": { "parcel_reference": "P0293", "building_id": "B-0293", "building_area_sqm": 363.0 }, "geometry": { "type": "Polygon", "coordinates": [ [ [ 73.106740004481821, 18.985880421562339 ], [ 73.106948898504868, 18.985882558527816 ], [ 73.106947213812163, 18.986031598745722 ], [ 73.106738319603494, 18.986029461762215 ], [ 73.106740004481821, 18.985880421562339 ] ] ] } },
{ "type": "Feature", "properties": { "parcel_reference": "P0295", "building_id": "B-0295", "building_area_sqm": 363.0 }, "geometry": { "type": "Polygon", "coordinates": [ [ [ 73.107499619245118, 18.98588819121716 ], [ 73.107708513369857, 18.985890327326345 ], [ 73.107706829352182, 18.98603936760977 ], [ 73.10749793504182, 18.98603723148257 ], [ 73.107499619245118, 18.98588819121716 ] ] ] } },
{ "type": "Feature", "properties": { "parcel_reference": "P0296", "building_id": "B-0296", "building_area_sqm": 363.0 }, "geometry": { "type": "Polygon", "coordinates": [ [ [ 73.10787942676545, 18.985892074876901 ], [ 73.108088320941022, 18.985894210557934 ], [ 73.108086637260854, 18.986043250874111 ], [ 73.107877742899646, 18.986041115175059 ], [ 73.10787942676545, 18.985892074876901 ] ] ] } },
{ "type": "Feature", "properties": { "parcel_reference": "P0298", "building_id": "B-0298", "building_area_sqm": 363.0 }, "geometry": { "type": "Polygon", "coordinates": [ [ [ 73.108639042083354, 18.985899839861016 ], [ 73.108847936360576, 18.98590197468576 ], [ 73.108846253355424, 18.986051015067421 ], [ 73.10863735889258, 18.986048880224672 ], [ 73.108639042083354, 18.985899839861016 ] ] ] } },
{ "type": "Feature", "properties": { "parcel_reference": "P0299", "building_id": "B-0299", "building_area_sqm": 363.0 }, "geometry": { "type": "Polygon", "coordinates": [ [ [ 73.109018849880911, 18.985903721185398 ], [ 73.109227744208923, 18.98590585558199 ], [ 73.109226061541307, 18.986054895996386 ], [ 73.109017167027645, 18.986052761581792 ], [ 73.109018849880911, 18.985903721185398 ] ] ] } },
{ "type": "Feature", "properties": { "parcel_reference": "P0300", "building_id": "B-0300", "building_area_sqm": 363.0 }, "geometry": { "type": "Polygon", "coordinates": [ [ [ 73.109398657770825, 18.985907601731327 ], [ 73.10960755214964, 18.985909735699767 ], [ 73.109605869819532, 18.986058776146884 ], [ 73.109396975255066, 18.986056642160445 ], [ 73.109398657770825, 18.985907601731327 ] ] ] } },
{ "type": "Feature", "properties": { "parcel_reference": "P0301", "building_id": "B-0301", "building_area_sqm": 363.0 }, "geometry": { "type": "Polygon", "coordinates": [ [ [ 73.100280220085622, 18.986085234942529 ], [ 73.100489113580039, 18.986087379219331 ], [ 73.100487423120967, 18.986236418874608 ], [ 73.100278529440928, 18.986234274579726 ], [ 73.100280220085622, 18.986085234942529 ] ] ] } },
{ "type": "Feature", "properties": { "parcel_reference": "P0302", "building_id": "B-0302", "building_area_sqm": 363.0 }, "geometry": { "type": "Polygon", "coordinates": [ [ [ 73.100660026459977, 18.98608913345247 ], [ 73.100868920005425, 18.986091277301124 ], [ 73.10086722988386, 18.986240316989274 ], [ 73.100658336152804, 18.986238173122544 ], [ 73.100660026459977, 18.98608913345247 ] ] ] } },
{ "type": "Feature", "properties": { "parcel_reference": "P0303", "building_id": "B-0303", "building_area_sqm": 363.0 }, "geometry": { "type": "Polygon", "coordinates": [ [ [ 73.1010398329271, 18.986093031183962 ], [ 73.101248726523565, 18.986095174604465 ], [ 73.101247036739537, 18.986244214325488 ], [ 73.101038142957435, 18.986242070886906 ], [ 73.1010398329271, 18.986093031183962 ] ] ] } },
{ "type": "Feature", "properties": { "parcel_reference": "P0304", "building_id": "B-0304", "building_area_sqm": 363.0 }, "geometry": { "type": "Polygon", "coordinates": [ [ [ 73.101419639487005, 18.986096928137005 ], [ 73.101628533134473, 18.986099071129363 ], [ 73.101626843687953, 18.986248110883249 ], [ 73.101417949854849, 18.986245967872815 ], [ 73.101419639487005, 18.986096928137005 ] ] ] } },
{ "type": "Feature", "properties": { "parcel_reference": "P0305", "building_id": "B-0305", "building_area_sqm": 363.0 }, "geometry": { "type": "Polygon", "coordinates": [ [ [ 73.101799446139637, 18.986100824311599 ], [ 73.102008339838108, 18.986102966875809 ], [ 73.102006650729095, 18.98625200666255 ], [ 73.101797756845002, 18.986249864080268 ], [ 73.101799446139637, 18.986100824311599 ] ] ] } },
{ "type": "Feature", "properties": { "parcel_reference": "P0306", "building_id": "B-0306", "building_area_sqm": 363.0 }, "geometry": { "type": "Polygon", "coordinates": [ [ [ 73.102179252884994, 18.986104719707743 ], [ 73.102388146634453, 18.986106861843805 ], [ 73.102386457862963, 18.986255901663394 ], [ 73.102177563927853, 18.98625375950926 ], [ 73.102179252884994, 18.986104719707743 ] ] ] } },
{ "type": "Feature", "properties": { "parcel_reference": "P0308", "building_id": "B-0308", "building_area_sqm": 363.0 }, "geometry": { "type": "Polygon", "coordinates": [ [ [ 73.102938866653801, 18.986112508164673 ], [ 73.103147760505209, 18.986114649444442 ], [ 73.103146072408748, 18.986263689329714 ], [ 73.10293717837169, 18.986261548031884 ], [ 73.102938866653801, 18.986112508164673 ] ] ] } },
{ "type": "Feature", "properties": { "parcel_reference": "P0310", "building_id": "B-0310", "building_area_sqm": 363.0 }, "geometry": { "type": "Polygon", "coordinates": [ [ [ 73.103698480793284, 18.986120293507792 ], [ 73.103907374746598, 18.986122433931264 ], [ 73.103905687325167, 18.986271473882187 ], [ 73.103696793186202, 18.986269333440671 ], [ 73.103698480793284, 18.986120293507792 ] ] ] } },
{ "type": "Feature", "properties": { "parcel_reference": "P0312", "building_id": "B-0312", "building_area_sqm": 363.0 }, "geometry": { "type": "Polygon", "coordinates": [ [ [ 73.104458095303286, 18.986128075737096 ], [ 73.104666989358478, 18.986130215304264 ], [ 73.104665302612062, 18.98627925532082 ], [ 73.104456408371249, 18.986277115735607 ], [ 73.104458095303286, 18.986128075737096 ] ] ] } },
{ "type": "Feature", "properties": { "parcel_reference": "P0313", "building_id": "B-0313", "building_area_sqm": 363.0 }, "geometry": { "type": "Polygon", "coordinates": [ [ [ 73.104837902697199, 18.986131965684066 ], [ 73.105046796803308, 18.986134104823083 ], [ 73.1050451103944, 18.986283144872441 ], [ 73.104836216102669, 18.986281005715384 ], [ 73.104837902697199, 18.986131965684066 ] ] ] } },
{ "type": "Feature", "properties": { "parcel_reference": "P0314", "building_id": "B-0314", "building_area_sqm": 363.0 }, "geometry": { "type": "Polygon", "coordinates": [ [ [ 73.10521771018368, 18.986135854852581 ], [ 73.105426604340693, 18.986137993563442 ], [ 73.105424918269307, 18.986287033645599 ], [ 73.105216023926658, 18.9862848949167 ], [ 73.10521771018368, 18.986135854852581 ] ] ] } },
{ "type": "Feature", "properties": { "parcel_reference": "P0315", "building_id": "B-0315", "building_area_sqm": 363.0 }, "geometry": { "type": "Polygon", "coordinates": [ [ [ 73.105597517762703, 18.986139743242635 ], [ 73.105806411970619, 18.986141881525345 ], [ 73.105804726236755, 18.986290921640293 ], [ 73.105595831843203, 18.986288783339546 ], [ 73.105597517762703, 18.986139743242635 ] ] ] } },
{ "type": "Feature", "properties": { "parcel_reference": "P0316", "building_id": "B-0316", "building_area_sqm": 363.0 }, "geometry": { "type": "Polygon", "coordinates": [ [ [ 73.105977325434282, 18.98614363085423 ], [ 73.106186219693072, 18.986145768708788 ], [ 73.10618453429673, 18.986294808856524 ], [ 73.105975639852289, 18.986292670983932 ], [ 73.105977325434282, 18.98614363085423 ] ] ] } },
{ "type": "Feature", "properties": { "parcel_reference": "P0317", "building_id": "B-0317", "building_area_sqm": 363.0 }, "geometry": { "type": "Polygon", "coordinates": [ [ [ 73.106357133198372, 18.986147517687368 ], [ 73.106566027508052, 18.986149655113774 ], [ 73.106564342449218, 18.986298695294284 ], [ 73.106355447953902, 18.986296557849851 ], [ 73.106357133198372, 18.986147517687368 ] ] ] } },
{ "type": "Feature", "properties": { "parcel_reference": "P0320", "building_id": "B-0320", "building_area_sqm": 363.0 }, "geometry": { "type": "Polygon", "coordinates": [ [ [ 73.107496557045579, 18.986159173516015 ], [ 73.107705451507826, 18.986161309657962 ], [ 73.107703767461558, 18.986310349936765 ], [ 73.10749487281366, 18.986308213776802 ], [ 73.107496557045579, 18.986159173516015 ] ] ] } },
{ "type": "Feature", "properties": { "parcel_reference": "P0322", "building_id": "B-0322", "building_area_sqm": 363.0 }, "geometry": { "type": "Polygon", "coordinates": [ [ [ 73.108256173405977, 18.986166940176133 ], [ 73.108465067969902, 18.986169075461767 ], [ 73.10846338459865, 18.986318115806075 ], [ 73.108254489849088, 18.986315980502432 ], [ 73.108256173405977, 18.986166940176133 ] ] ] } },
{ "type": "Feature", "properties": { "parcel_reference": "P0323", "building_id": "B-0323", "building_area_sqm": 363.0 }, "geometry": { "type": "Polygon", "coordinates": [ [ [ 73.108635981724788, 18.986170822338501 ], [ 73.108844876339532, 18.986172957195979 ], [ 73.108843193305802, 18.986321997573022 ], [ 73.108634298505436, 18.986319862697538 ], [ 73.108635981724788, 18.986170822338501 ] ] ] } },
{ "type": "Feature", "properties": { "parcel_reference": "P0324", "building_id": "B-0324", "building_area_sqm": 363.0 }, "geometry": { "type": "Polygon", "coordinates": [ [ [ 73.109015790136013, 18.986174703722401 ], [ 73.109224684801546, 18.986176838151724 ], [ 73.109223002105352, 18.986325878561495 ], [ 73.109014107254168, 18.98632374411417 ], [ 73.109015790136013, 18.986174703722401 ] ] ] } },
{ "type": "Feature", "properties": { "parcel_reference": "P0325", "building_id": "B-0325", "building_area_sqm": 363.0 }, "geometry": { "type": "Polygon", "coordinates": [ [ [ 73.109395598639594, 18.986178584327838 ], [ 73.109604493355931, 18.986180718329003 ], [ 73.109602810997245, 18.9863297587715 ], [ 73.109393916095271, 18.986327624752331 ], [ 73.109395598639594, 18.986178584327838 ] ] ] } },
{ "type": "Feature", "properties": { "parcel_reference": "P0327", "building_id": "B-0327", "building_area_sqm": 363.0 }, "geometry": { "type": "Polygon", "coordinates": [ [ [ 73.100656953162456, 18.986360114668891 ], [ 73.100865847045398, 18.986362258550415 ], [ 73.100864156895156, 18.98651129823395 ], [ 73.100655262826578, 18.986509154334342 ], [ 73.100656953162456, 18.986360114668891 ] ] ] } },
{ "type": "Feature", "properties": { "parcel_reference": "P0329", "building_id": "B-0329", "building_area_sqm": 363.0 }, "geometry": { "type": "Polygon", "coordinates": [ [ [ 73.101416567416805, 18.98636790947295 ], [ 73.101625461401795, 18.98637005249817 ], [ 73.101623771926569, 18.986519092247438 ], [ 73.101414877755943, 18.986516949204141 ], [ 73.101416567416805, 18.98636790947295 ] ] ] } },
{ "type": "Feature", "properties": { "parcel_reference": "P0330", "building_id": "B-0330", "building_area_sqm": 363.0 }, "geometry": { "type": "Polygon", "coordinates": [ [ [ 73.10179637468309, 18.986371805707289 ], [ 73.102005268719083, 18.986373948304355 ], [ 73.102003579581393, 18.986522988086477 ], [ 73.101794685359764, 18.98652084547134 ], [ 73.10179637468309, 18.986371805707289 ] ] ] } },
{ "type": "Feature", "properties": { "parcel_reference": "P0331", "building_id": "B-0331", "building_area_sqm": 363.0 }, "geometry": { "type": "Polygon", "coordinates": [ [ [ 73.102176182042115, 18.986375701163166 ], [ 73.102385076129096, 18.986377843332079 ], [ 73.102383387328913, 18.98652688314705 ], [ 73.10217449305631, 18.986524740960071 ], [ 73.102176182042115, 18.986375701163166 ] ] ] } },
{ "type": "Feature", "properties": { "parcel_reference": "P0332", "building_id": "B-0332", "building_area_sqm": 363.0 }, "geometry": { "type": "Polygon", "coordinates": [ [ [ 73.102555989493837, 18.986379595840582 ], [ 73.102764883631792, 18.98638173758134 ], [ 73.102763195169132, 18.986530777429152 ], [ 73.10255430084554, 18.986528635670332 ], [ 73.102555989493837, 18.986379595840582 ] ] ] } },
{ "type": "Feature", "properties": { "parcel_reference": "P0333", "building_id": "B-0333", "building_area_sqm": 363.0 }, "geometry": { "type": "Polygon", "coordinates": [ [ [ 73.102935797038242, 18.986383489739531 ], [ 73.103144691227172, 18.986385631052134 ], [ 73.103143003102034, 18.986534670932787 ], [ 73.102934108727467, 18.986532529602123 ], [ 73.102935797038242, 18.986383489739531 ] ] ] } },
{ "type": "Feature", "properties": { "parcel_reference": "P0334", "building_id": "B-0334", "building_area_sqm": 363.0 }, "geometry": { "type": "Polygon", "coordinates": [ [ [ 73.103315604675331, 18.986387382860009 ], [ 73.10352449891522, 18.986389523744464 ], [ 73.103522811127604, 18.986538563657945 ], [ 73.103313916702064, 18.986536422755442 ], [ 73.103315604675331, 18.986387382860009 ] ] ] } },
{ "type": "Feature", "properties": { "parcel_reference": "P0336", "building_id": "B-0336", "building_area_sqm": 363.0 }, "geometry": { "type": "Polygon", "coordinates": [ [ [ 73.104075220227415, 18.98639516676559 ], [ 73.104284114569197, 18.986397306793723 ], [ 73.104282427456624, 18.986546346772847 ], [ 73.104073532929206, 18.98654420672667 ], [ 73.104075220227415, 18.98639516676559 ] ] ] } },
{ "type": "Feature", "properties": { "parcel_reference": "P0338", "building_id": "B-0338", "building_area_sqm": 363.0 }, "geometry": { "type": "Polygon", "coordinates": [ [ [ 73.104834836149962, 18.986402947557298 ], [ 73.105043730593593, 18.986405086729114 ], [ 73.10504204415605, 18.986554126773857 ], [ 73.104833149526783, 18.986551987584001 ], [ 73.104834836149962, 18.986402947557298 ] ] ] } },
{ "type": "Feature", "properties": { "parcel_reference": "P0339", "building_id": "B-0339", "building_area_sqm": 363.0 }, "geometry": { "type": "Polygon", "coordinates": [ [ [ 73.105214644250097, 18.986406836785452 ], [ 73.105423538744645, 18.986408975529105 ], [ 73.105421852644625, 18.986558015606654 ], [ 73.105212957964469, 18.98655587684495 ], [ 73.105214644250097, 18.986406836785452 ] ] ] } },
{ "type": "Feature", "properties": { "parcel_reference": "P0340", "building_id": "B-0340", "building_area_sqm": 363.0 }, "geometry": { "type": "Polygon", "coordinates": [ [ [ 73.105594452442816, 18.986410725235128 ], [ 73.105803346988239, 18.986412863550633 ], [ 73.105801661225755, 18.986561903660959 ], [ 73.105592766494681, 18.986559765327424 ], [ 73.105594452442816, 18.986410725235128 ] ] ] } },
{ "type": "Feature", "properties": { "parcel_reference": "P0341", "building_id": "B-0341", "building_area_sqm": 363.0 }, "geometry": { "type": "Polygon", "coordinates": [ [ [ 73.105974260728047, 18.986414612906341 ], [ 73.106183155324374, 18.986416750793683 ], [ 73.106181469899411, 18.986565790936801 ], [ 73.105972575117448, 18.986563653031425 ], [ 73.105974260728047, 18.986414612906341 ] ] ] } },
{ "type": "Feature", "properties": { "parcel_reference": "P0344", "building_id": "B-0344", "building_area_sqm": 363.0 }, "geometry": { "type": "Polygon", "coordinates": [ [ [ 73.107113686138831, 18.986426271249144 ], [ 73.10732258088774, 18.986428407852006 ], [ 73.107320896475343, 18.986577448093438 ], [ 73.107112001540784, 18.986575311472556 ], [ 73.107113686138831, 18.986426271249144 ] ] ] } },
{ "type": "Feature", "properties": { "parcel_reference": "P0346", "building_id": "B-0346", "building_area_sqm": 363.0 }, "geometry": { "type": "Polygon", "coordinates": [ [ [ 73.10787330354168, 18.986434039585316 ], [ 73.10808219839231, 18.986436175331853 ], [ 73.108080514654958, 18.986585215638801 ], [ 73.107871619618706, 18.986583079874244 ], [ 73.10787330354168, 18.986434039585316 ] ] ] } },
{ "type": "Feature", "properties": { "parcel_reference": "P0348", "building_id": "B-0348", "building_area_sqm": 363.0 }, "geometry": { "type": "Polygon", "coordinates": [ [ [ 73.108632921314268, 18.98644180480758 ], [ 73.108841816266533, 18.9864439396978 ], [ 73.108840133204225, 18.986592980070224 ], [ 73.108631238066323, 18.986590845162002 ], [ 73.108632921314268, 18.98644180480758 ] ] ] } },
{ "type": "Feature", "properties": { "parcel_reference": "P0349", "building_id": "B-0349", "building_area_sqm": 363.0 }, "geometry": { "type": "Polygon", "coordinates": [ [ [ 73.10901273033916, 18.986445686250999 ], [ 73.109221625342215, 18.986447820713057 ], [ 73.109219942617443, 18.986596861118212 ], [ 73.109011047428737, 18.986594726638156 ], [ 73.10901273033916, 18.986445686250999 ] ] ] } },
{ "type": "Feature", "properties": { "parcel_reference": "P0350", "building_id": "B-0350", "building_area_sqm": 363.0 }, "geometry": { "type": "Polygon", "coordinates": [ [ [ 73.109392539456422, 18.986449566915951 ], [ 73.109601434510282, 18.986451700949836 ], [ 73.109599752123017, 18.986600741387722 ], [ 73.109390856883522, 18.986598607335829 ], [ 73.109392539456422, 18.986449566915951 ] ] ] } },
{ "type": "Feature", "properties": { "parcel_reference": "P0351", "building_id": "B-0351", "building_area_sqm": 363.0 }, "geometry": { "type": "Polygon", "coordinates": [ [ [ 73.10027407221105, 18.986627197247401 ], [ 73.100482966380497, 18.986629341589964 ], [ 73.100481275864041, 18.986778381235993 ], [ 73.100272381508944, 18.986776236875347 ], [ 73.10027407221105, 18.986627197247401 ] ] ] } },
{ "type": "Feature", "properties": { "parcel_reference": "P0353", "building_id": "B-0353", "building_area_sqm": 363.0 }, "geometry": { "type": "Polygon", "coordinates": [ [ [ 73.101033687507211, 18.986634993727936 ], [ 73.101242581778692, 18.986637137214174 ], [ 73.10124089193728, 18.986786176925957 ], [ 73.101031997480135, 18.986784033421628 ], [ 73.101033687507211, 18.986634993727936 ] ] ] } },
{ "type": "Feature", "properties": { "parcel_reference": "P0354", "building_id": "B-0354", "building_area_sqm": 363.0 }, "geometry": { "type": "Polygon", "coordinates": [ [ [ 73.101413495294437, 18.986638890800492 ], [ 73.101622389616935, 18.986641033858575 ], [ 73.101620700113031, 18.986790073603217 ], [ 73.101411805604883, 18.986787930527061 ], [ 73.101413495294437, 18.986638890800492 ] ] ] } },
{ "type": "Feature", "properties": { "parcel_reference": "P0355", "building_id": "B-0355", "building_area_sqm": 363.0 }, "geometry": { "type": "Polygon", "coordinates": [ [ [ 73.101793303174389, 18.986642787094578 ], [ 73.102002197547904, 18.986644929724502 ], [ 73.102000508381522, 18.986793969501999 ], [ 73.101791613822371, 18.986791826854006 ], [ 73.101793303174389, 18.986642787094578 ] ] ] } },
{ "type": "Feature", "properties": { "parcel_reference": "P0356", "building_id": "B-0356", "building_area_sqm": 363.0 }, "geometry": { "type": "Polygon", "coordinates": [ [ [ 73.102173111147096, 18.986646682610189 ], [ 73.102382005571585, 18.986648824811951 ], [ 73.102380316742725, 18.9867978646223 ], [ 73.102171422132599, 18.986795722402469 ], [ 73.102173111147096, 18.986646682610189 ] ] ] } },
{ "type": "Feature", "properties": { "parcel_reference": "P0357", "building_id": "B-0357", "building_area_sqm": 363.0 }, "geometry": { "type": "Polygon", "coordinates": [ [ [ 73.102552919212485, 18.98665057734733 ], [ 73.102761813687948, 18.986652719120929 ], [ 73.102760125196639, 18.98680175896412 ], [ 73.102551230535511, 18.986799617172455 ], [ 73.102552919212485, 18.98665057734733 ] ] ] } },
{ "type": "Feature", "properties": { "parcel_reference": "P0358", "building_id": "B-0358", "building_area_sqm": 363.0 }, "geometry": { "type": "Polygon", "coordinates": [ [ [ 73.102932727370558, 18.986654471305986 ], [ 73.103141621897024, 18.986656612651426 ], [ 73.103139933743208, 18.986805652527458 ], [ 73.10293103903112, 18.986803511163959 ], [ 73.102932727370558, 18.986654471305986 ] ] ] } },
{ "type": "Feature", "properties": { "parcel_reference": "P0359", "building_id": "B-0359", "building_area_sqm": 363.0 }, "geometry": { "type": "Polygon", "coordinates": [ [ [ 73.103312535621328, 18.986658364486171 ], [ 73.103521430198739, 18.986660505403446 ], [ 73.10351974238246, 18.986809545312308 ], [ 73.103310847619397, 18.986807404376979 ], [ 73.103312535621328, 18.986658364486171 ] ] ] } },
{ "type": "Feature", "properties": { "parcel_reference": "P0360", "building_id": "B-0360", "building_area_sqm": 363.0 }, "geometry": { "type": "Polygon", "coordinates": [ [ [ 73.103692343964724, 18.986662256887879 ], [ 73.103901238593082, 18.986664397376991 ], [ 73.103899551114338, 18.986813437318677 ], [ 73.103690656300344, 18.986811296811513 ], [ 73.103692343964724, 18.986662256887879 ] ] ] } },
{ "type": "Feature", "properties": { "parcel_reference": "P0362", "building_id": "B-0362", "building_area_sqm": 363.0 }, "geometry": { "type": "Polygon", "coordinates": [ [ [ 73.104451960929424, 18.986670039355861 ], [ 73.104660855659631, 18.986672178988645 ], [ 73.104659168855946, 18.986821218995964 ], [ 73.104450273940074, 18.986819079345125 ], [ 73.104451960929424, 18.986670039355861 ] ] ] } },
{ "type": "Feature", "properties": { "parcel_reference": "P0363", "building_id": "B-0363", "building_area_sqm": 363.0 }, "geometry": { "type": "Polygon", "coordinates": [ [ [ 73.104831769550657, 18.986673929422128 ], [ 73.10504066433181, 18.98667606862675 ], [ 73.105038977865632, 18.986825108666871 ], [ 73.104830082898857, 18.986822969444205 ], [ 73.104831769550657, 18.986673929422128 ] ] ] } },
{ "type": "Feature", "properties": { "parcel_reference": "P0364", "building_id": "B-0364", "building_area_sqm": 363.0 }, "geometry": { "type": "Polygon", "coordinates": [ [ [ 73.105211578264488, 18.986677818709921 ], [ 73.105420473096544, 18.98667995748638 ], [ 73.105418786967888, 18.986828997559293 ], [ 73.105209891950196, 18.986826858764793 ], [ 73.105211578264488, 18.986677818709921 ] ] ] } },
{ "type": "Feature", "properties": { "parcel_reference": "P0365", "building_id": "B-0365", "building_area_sqm": 363.0 }, "geometry": { "type": "Polygon", "coordinates": [ [ [ 73.105591387070859, 18.986681707219233 ], [ 73.105800281953819, 18.986683845567519 ], [ 73.1057985961627, 18.986832885673227 ], [ 73.105589701094104, 18.9868307473069 ], [ 73.105591387070859, 18.986681707219233 ] ] ] } },
{ "type": "Feature", "properties": { "parcel_reference": "P0368", "building_id": "B-0368", "building_area_sqm": 363.0 }, "geometry": { "type": "Polygon", "coordinates": [ [ [ 73.106730814045164, 18.98669336807626 ], [ 73.106939709080763, 18.986695505140052 ], [ 73.106938024302224, 18.986844545344091 ], [ 73.106729129080989, 18.986842408262277 ], [ 73.106730814045164, 18.98669336807626 ] ] ] } },
{ "type": "Feature", "properties": { "parcel_reference": "P0370", "building_id": "B-0370", "building_area_sqm": 363.0 }, "geometry": { "type": "Polygon", "coordinates": [ [ [ 73.107490432490479, 18.98670113808852 ], [ 73.107699327627785, 18.98670327429598 ], [ 73.107697643524304, 18.986852314565546 ], [ 73.107488748201362, 18.98685017834007 ], [ 73.107490432490479, 18.98670113808852 ] ] ] } },
{ "type": "Feature", "properties": { "parcel_reference": "P0371", "building_id": "B-0371", "building_area_sqm": 363.0 }, "geometry": { "type": "Polygon", "coordinates": [ [ [ 73.107870241851828, 18.986705021926923 ], [ 73.108079137039965, 18.986707157706221 ], [ 73.108077453274021, 18.986856198008532 ], [ 73.107868557900247, 18.986854062211233 ], [ 73.107870241851828, 18.986705021926923 ] ] ] } },
{ "type": "Feature", "properties": { "parcel_reference": "P0372", "building_id": "B-0372", "building_area_sqm": 363.0 }, "geometry": { "type": "Polygon", "coordinates": [ [ [ 73.108250051305603, 18.986708904986838 ], [ 73.108458946544559, 18.986711040337966 ], [ 73.108457263116151, 18.986860080673026 ], [ 73.10824836769153, 18.986857945303896 ], [ 73.108250051305603, 18.986708904986838 ] ] ] } },
{ "type": "Feature", "properties": { "parcel_reference": "P0373", "building_id": "B-0373", "building_area_sqm": 363.0 }, "geometry": { "type": "Polygon", "coordinates": [ [ [ 73.108629860851778, 18.986712787268274 ], [ 73.108838756141552, 18.986714922191226 ], [ 73.10883707305068, 18.986863962559024 ], [ 73.108628177575241, 18.986861827618068 ], [ 73.108629860851778, 18.986712787268274 ] ] ] } },
{ "type": "Feature", "properties": { "parcel_reference": "P0375", "building_id": "B-0375", "building_area_sqm": 363.0 }, "geometry": { "type": "Polygon", "coordinates": [ [ [ 73.109389480221282, 18.986720549495654 ], [ 73.109598375612663, 18.986722683562277 ], [ 73.109596693196849, 18.986871723995534 ], [ 73.109387797619817, 18.986869589910921 ], [ 73.109389480221282, 18.986720549495654 ] ] ] } },
{ "type": "Feature", "properties": { "parcel_reference": "P0379", "building_id": "B-0379", "building_area_sqm": 363.0 }, "geometry": { "type": "Polygon", "coordinates": [ [ [ 73.101410423119887, 18.986909872119632 ], [ 73.101619317779921, 18.986912015210574 ], [ 73.101617628247325, 18.987061054950601 ], [ 73.101408733401655, 18.987058911841579 ], [ 73.101410423119887, 18.986909872119632 ] ] ] } },
{ "type": "Feature", "properties": { "parcel_reference": "P0380", "building_id": "B-0380", "building_area_sqm": 363.0 }, "geometry": { "type": "Polygon", "coordinates": [ [ [ 73.101790231613535, 18.986913768473467 ], [ 73.101999126324571, 18.986915911136244 ], [ 73.101997437129512, 18.987064950909126 ], [ 73.101788542232839, 18.987062808228274 ], [ 73.101790231613535, 18.986913768473467 ] ] ] } },
{ "type": "Feature", "properties": { "parcel_reference": "P0381", "building_id": "B-0381", "building_area_sqm": 363.0 }, "geometry": { "type": "Polygon", "coordinates": [ [ [ 73.102170040199908, 18.986917664048814 ], [ 73.102378934961934, 18.986919806283417 ], [ 73.10237724610441, 18.987068846089155 ], [ 73.102168351156735, 18.987066703836476 ], [ 73.102170040199908, 18.986917664048814 ] ] ] } },
{ "type": "Feature", "properties": { "parcel_reference": "P0384", "building_id": "B-0384", "building_area_sqm": 363.0 }, "geometry": { "type": "Polygon", "coordinates": [ [ [ 73.103309466515199, 18.986929346103924 ], [ 73.103518361430133, 18.986931487054029 ], [ 73.10351667358519, 18.98708052695827 ], [ 73.10330777848462, 18.987078385990113 ], [ 73.103309466515199, 18.986929346103924 ] ] ] } },
{ "type": "Feature", "properties": { "parcel_reference": "P0385", "building_id": "B-0385", "building_area_sqm": 363.0 }, "geometry": { "type": "Polygon", "coordinates": [ [ [ 73.103689275472291, 18.986933238565317 ], [ 73.103898170438185, 18.986935379087257 ], [ 73.103896482930779, 18.98708441902432 ], [ 73.103687587779234, 18.98708227848434 ], [ 73.103689275472291, 18.986933238565317 ] ] ] } },
{ "type": "Feature", "properties": { "parcel_reference": "P0386", "building_id": "B-0386", "building_area_sqm": 363.0 }, "geometry": { "type": "Polygon", "coordinates": [ [ [ 73.10406908452201, 18.986937130248226 ], [ 73.104277979538836, 18.986939270341992 ], [ 73.104276292368965, 18.987088310311879 ], [ 73.104067397166489, 18.987086170200062 ], [ 73.10406908452201, 18.986937130248226 ] ] ] } },
{ "type": "Feature", "properties": { "parcel_reference": "P0388", "building_id": "B-0388", "building_area_sqm": 363.0 }, "geometry": { "type": "Polygon", "coordinates": [ [ [ 73.104828702899283, 18.98694491127856 ], [ 73.105037598017958, 18.986947050515983 ], [ 73.105035911523146, 18.987096090551486 ], [ 73.104827016218835, 18.987093951296021 ], [ 73.104828702899283, 18.98694491127856 ] ] ] } },
{ "type": "Feature", "properties": { "parcel_reference": "P0391", "building_id": "B-0391", "building_area_sqm": 363.0 }, "geometry": { "type": "Polygon", "coordinates": [ [ [ 73.105968131159472, 18.986956576985371 ], [ 73.106177026430842, 18.986958714938279 ], [ 73.106175340948639, 18.987107755072149 ], [ 73.105966445491617, 18.987105617101211 ], [ 73.105968131159472, 18.986956576985371 ] ] ] } },
{ "type": "Feature", "properties": { "parcel_reference": "P0392", "building_id": "B-0392", "building_area_sqm": 363.0 }, "geometry": { "type": "Polygon", "coordinates": [ [ [ 73.106347940764607, 18.986960463997317 ], [ 73.106556836086853, 18.986962601522055 ], [ 73.106555150942171, 18.987111641688706 ], [ 73.106346255434275, 18.987109504145941 ], [ 73.106347940764607, 18.986960463997317 ] ] ] } },
{ "type": "Feature", "properties": { "parcel_reference": "P0393", "building_id": "B-0393", "building_area_sqm": 363.0 }, "geometry": { "type": "Polygon", "coordinates": [ [ [ 73.106727750462241, 18.98696435023076 ], [ 73.106936645835361, 18.986966487327326 ], [ 73.106934961028216, 18.987115527526754 ], [ 73.106726065469459, 18.987113390412166 ], [ 73.106727750462241, 18.98696435023076 ] ] ] } },
{ "type": "Feature", "properties": { "parcel_reference": "P0394", "building_id": "B-0394", "building_area_sqm": 363.0 }, "geometry": { "type": "Polygon", "coordinates": [ [ [ 73.107107560252359, 18.986968235685719 ], [ 73.107316455676326, 18.986970372354115 ], [ 73.107314771206717, 18.987119412586303 ], [ 73.107105875597114, 18.987117275899891 ], [ 73.107107560252359, 18.986968235685719 ] ] ] } },
{ "type": "Feature", "properties": { "parcel_reference": "P0395", "building_id": "B-0395", "building_area_sqm": 363.0 }, "geometry": { "type": "Polygon", "coordinates": [ [ [ 73.107487370134947, 18.986972120362179 ], [ 73.107696265609775, 18.986974256602394 ], [ 73.107694581477688, 18.987123296867345 ], [ 73.107485685817224, 18.987121160609107 ], [ 73.107487370134947, 18.986972120362179 ] ] ] } },
{ "type": "Feature", "properties": { "parcel_reference": "P0396", "building_id": "B-0396", "building_area_sqm": 363.0 }, "geometry": { "type": "Polygon", "coordinates": [ [ [ 73.107867180109977, 18.986976004260139 ], [ 73.108076075635637, 18.986978140072178 ], [ 73.1080743918411, 18.987127180369878 ], [ 73.10786549612979, 18.987125044539823 ], [ 73.107867180109977, 18.986976004260139 ] ] ] } },
{ "type": "Feature", "properties": { "parcel_reference": "P0397", "building_id": "B-0397", "building_area_sqm": 363.0 }, "geometry": { "type": "Polygon", "coordinates": [ [ [ 73.108246990177435, 18.986979887379597 ], [ 73.108455885753926, 18.98698202276346 ], [ 73.108454202296926, 18.987131063093905 ], [ 73.108245306534783, 18.987128927692034 ], [ 73.108246990177435, 18.986979887379597 ] ] ] } },
{ "type": "Feature", "properties": { "parcel_reference": "P0400", "building_id": "B-0400", "building_area_sqm": 363.0 }, "geometry": { "type": "Polygon", "coordinates": [ [ [ 73.109386420934214, 18.986991532066966 ], [ 73.109595316663132, 18.98699366616631 ], [ 73.10959363421874, 18.987142706594955 ], [ 73.109384738304172, 18.987140572477617 ], [ 73.109386420934214, 18.986991532066966 ] ] ] } },
{ "type": "Feature", "properties": { "parcel_reference": "P0401", "building_id": "B-0401", "building_area_sqm": 363.0 }, "geometry": { "type": "Polygon", "coordinates": [ [ [ 73.100267924127706, 18.987169159518658 ], [ 73.100476818972197, 18.987171303926988 ], [ 73.100475128398315, 18.98732034356377 ], [ 73.100266233368174, 18.987318199137359 ], [ 73.100267924127706, 18.987169159518658 ] ] ] } },
{ "type": "Feature", "properties": { "parcel_reference": "P0402", "building_id": "B-0402", "building_area_sqm": 363.0 }, "geometry": { "type": "Polygon", "coordinates": [ [ [ 73.100647732956745, 18.987173058267729 ], [ 73.100856627852281, 18.987175202247876 ], [ 73.100854937615935, 18.987324241917545 ], [ 73.100646042534763, 18.987322097919307 ], [ 73.100647732956745, 18.987173058267729 ] ] ] } },
{ "type": "Feature", "properties": { "parcel_reference": "P0405", "building_id": "B-0405", "building_area_sqm": 363.0 }, "geometry": { "type": "Polygon", "coordinates": [ [ [ 73.101787160000526, 18.987184749843951 ], [ 73.101996055049085, 18.987186892539587 ], [ 73.101994365825348, 18.98733593230784 ], [ 73.101785470591139, 18.987333789594135 ], [ 73.101787160000526, 18.987184749843951 ] ] ] } },
{ "type": "Feature", "properties": { "parcel_reference": "P0408", "building_id": "B-0408", "building_area_sqm": 363.0 }, "geometry": { "type": "Polygon", "coordinates": [ [ [ 73.102926587878827, 18.987196434413701 ], [ 73.103135483080322, 18.987198575824809 ], [ 73.103133794869194, 18.987347615691597 ], [ 73.102924899482034, 18.987345474262423 ], [ 73.102926587878827, 18.987196434413701 ] ] ] } },
{ "type": "Feature", "properties": { "parcel_reference": "P0410", "building_id": "B-0410", "building_area_sqm": 363.0 }, "geometry": { "type": "Polygon", "coordinates": [ [ [ 73.103686206927748, 18.987204220234361 ], [ 73.103895102231164, 18.987206360789123 ], [ 73.103893414695108, 18.987355400721562 ], [ 73.103684519206041, 18.987353260148755 ], [ 73.103686206927748, 18.987204220234361 ] ] ] } },
{ "type": "Feature", "properties": { "parcel_reference": "P0411", "building_id": "B-0411", "building_area_sqm": 363.0 }, "geometry": { "type": "Polygon", "coordinates": [ [ [ 73.104066016591162, 18.987208111976944 ], [ 73.104274911945524, 18.987210252103523 ], [ 73.10427322474699, 18.987359292068781 ], [ 73.104064329206992, 18.987357151924154 ], [ 73.104066016591162, 18.987208111976944 ] ] ] } },
{ "type": "Feature", "properties": { "parcel_reference": "P0412", "building_id": "B-0412", "building_area_sqm": 363.0 }, "geometry": { "type": "Polygon", "coordinates": [ [ [ 73.104445826347202, 18.987212002941021 ], [ 73.104654721752482, 18.987214142639427 ], [ 73.104653034891498, 18.987363182637498 ], [ 73.104444139300568, 18.987361042921048 ], [ 73.104445826347202, 18.987212002941021 ] ] ] } },
{ "type": "Feature", "properties": { "parcel_reference": "P0413", "building_id": "B-0413", "building_area_sqm": 363.0 }, "geometry": { "type": "Polygon", "coordinates": [ [ [ 73.104825636195841, 18.987215893126592 ], [ 73.105034531652038, 18.987218032396822 ], [ 73.105032845128591, 18.987367072427698 ], [ 73.104823949486729, 18.987364933139428 ], [ 73.104825636195841, 18.987215893126592 ] ] ] } },
{ "type": "Feature", "properties": { "parcel_reference": "P0414", "building_id": "B-0414", "building_area_sqm": 363.0 }, "geometry": { "type": "Polygon", "coordinates": [ [ [ 73.105205446137049, 18.987219782533664 ], [ 73.105414341644163, 18.987221921375713 ], [ 73.105412655458252, 18.987370961439389 ], [ 73.105203759765473, 18.987368822579299 ], [ 73.105205446137049, 18.987219782533664 ] ] ] } },
{ "type": "Feature", "properties": { "parcel_reference": "P0419", "building_id": "B-0419", "building_area_sqm": 363.0 }, "geometry": { "type": "Polygon", "coordinates": [ [ [ 73.107104497231106, 18.987239217891407 ], [ 73.107313392992623, 18.987241354592562 ], [ 73.107311708494407, 18.987390394820132 ], [ 73.10710281254724, 18.987388258100957 ], [ 73.107104497231106, 18.987239217891407 ] ] ] } },
{ "type": "Feature", "properties": { "parcel_reference": "P0421", "building_id": "B-0421", "building_area_sqm": 363.0 }, "geometry": { "type": "Polygon", "coordinates": [ [ [ 73.107864118316115, 18.98724698658495 ], [ 73.108073014179325, 18.987249122429738 ], [ 73.108071330356196, 18.987398162722819 ], [ 73.10786243430735, 18.987396026860015 ], [ 73.107864118316115, 18.98724698658495 ] ] ] } },
{ "type": "Feature", "properties": { "parcel_reference": "P0422", "building_id": "B-0422", "building_area_sqm": 363.0 }, "geometry": { "type": "Polygon", "coordinates": [ [ [ 73.108243928997297, 18.987250869763955 ], [ 73.108452824911325, 18.987253005180566 ], [ 73.108451141425732, 18.987402045506386 ], [ 73.108242245326053, 18.987399910071765 ], [ 73.108243928997297, 18.987250869763955 ] ] ] } },
{ "type": "Feature", "properties": { "parcel_reference": "P0423", "building_id": "B-0423", "building_area_sqm": 363.0 }, "geometry": { "type": "Polygon", "coordinates": [ [ [ 73.108623739770863, 18.987254752164446 ], [ 73.108832635735709, 18.987256887152874 ], [ 73.108830952587681, 18.987405927511436 ], [ 73.108622056437184, 18.987403792505003 ], [ 73.108623739770863, 18.987254752164446 ] ] ] } },
{ "type": "Feature", "properties": { "parcel_reference": "P0425", "building_id": "B-0425", "building_area_sqm": 363.0 }, "geometry": { "type": "Polygon", "coordinates": [ [ [ 73.109383361595192, 18.987262514629894 ], [ 73.109592257661646, 18.987264648761958 ], [ 73.109590575188676, 18.987413689185974 ], [ 73.109381678936572, 18.987411555035916 ], [ 73.109383361595192, 18.987262514629894 ] ] ] } },
{ "type": "Feature", "properties": { "parcel_reference": "P0427", "building_id": "B-0427", "building_area_sqm": 363.0 }, "geometry": { "type": "Polygon", "coordinates": [ [ [ 73.100644659450481, 18.98744403945053 ], [ 73.100853554683539, 18.987446183463554 ], [ 73.100851864418487, 18.987595223128597 ], [ 73.100642968999779, 18.987593079097486 ], [ 73.100644659450481, 18.98744403945053 ] ] ] } },
{ "type": "Feature", "properties": { "parcel_reference": "P0429", "building_id": "B-0429", "building_area_sqm": 363.0 }, "geometry": { "type": "Polygon", "coordinates": [ [ [ 73.101404278614311, 18.987451834732706 ], [ 73.101613173949403, 18.98745397788938 ], [ 73.101611484359438, 18.987603017620156 ], [ 73.101402588838681, 18.987600874445409 ], [ 73.101404278614311, 18.987451834732706 ] ] ] } },
{ "type": "Feature", "properties": { "parcel_reference": "P0430", "building_id": "B-0430", "building_area_sqm": 363.0 }, "geometry": { "type": "Polygon", "coordinates": [ [ [ 73.10178408833535, 18.987455731206033 ], [ 73.101992983721445, 18.987457873934524 ], [ 73.101991294469016, 18.987606913698155 ], [ 73.101782398897271, 18.987604770951599 ], [ 73.10178408833535, 18.987455731206033 ] ] ] } },
{ "type": "Feature", "properties": { "parcel_reference": "P0432", "building_id": "B-0432", "building_area_sqm": 363.0 }, "geometry": { "type": "Polygon", "coordinates": [ [ [ 73.102543708055606, 18.987463521817151 ], [ 73.102752603543678, 18.987465663689282 ], [ 73.102750914966322, 18.987614703518613 ], [ 73.102542019292599, 18.987612561628417 ], [ 73.102543708055606, 18.987463521817151 ] ] ] } },
{ "type": "Feature", "properties": { "parcel_reference": "P0433", "building_id": "B-0433", "building_area_sqm": 363.0 }, "geometry": { "type": "Polygon", "coordinates": [ [ [ 73.102923518054766, 18.987467415954953 ], [ 73.103132413593812, 18.987469557398896 ], [ 73.103130725354006, 18.987618597261061 ], [ 73.10292182962931, 18.987616455799049 ], [ 73.102923518054766, 18.987467415954953 ] ] ] } },
{ "type": "Feature", "properties": { "parcel_reference": "P0435", "building_id": "B-0435", "building_area_sqm": 363.0 }, "geometry": { "type": "Polygon", "coordinates": [ [ [ 73.103683138331093, 18.987475201895002 ], [ 73.103892033972059, 18.987477342482581 ], [ 73.10389034640734, 18.987626382410408 ], [ 73.103681450580723, 18.98762424180477 ], [ 73.103683138331093, 18.987475201895002 ] ] ] } },
{ "type": "Feature", "properties": { "parcel_reference": "P0438", "building_id": "B-0438", "building_area_sqm": 363.0 }, "geometry": { "type": "Polygon", "coordinates": [ [ [ 73.104822569440302, 18.987486874966219 ], [ 73.105031465234049, 18.987489014269254 ], [ 73.105029778681967, 18.987638054295509 ], [ 73.104820882702569, 18.98763591497443 ], [ 73.104822569440302, 18.987486874966219 ] ] ] } },
{ "type": "Feature", "properties": { "parcel_reference": "P0439", "building_id": "B-0439", "building_area_sqm": 363.0 }, "geometry": { "type": "Polygon", "coordinates": [ [ [ 73.10520237999522, 18.987490764432927 ], [ 73.105411275839884, 18.987492903307778 ], [ 73.105409589625339, 18.987641943366832 ], [ 73.105200693595037, 18.98763980447394 ], [ 73.10520237999522, 18.987490764432927 ] ] ] } },
{ "type": "Feature", "properties": { "parcel_reference": "P0440", "building_id": "B-0440", "building_area_sqm": 363.0 }, "geometry": { "type": "Polygon", "coordinates": [ [ [ 73.105582190642693, 18.987494653121114 ], [ 73.105791086538261, 18.987496791567786 ], [ 73.105789400661266, 18.987645831659623 ], [ 73.105580504580047, 18.987643693194929 ], [ 73.105582190642693, 18.987494653121114 ] ] ] } },
{ "type": "Feature", "properties": { "parcel_reference": "P0441", "building_id": "B-0441", "building_area_sqm": 363.0 }, "geometry": { "type": "Polygon", "coordinates": [ [ [ 73.105962001382721, 18.987498541030792 ], [ 73.106170897329164, 18.987500679049269 ], [ 73.106169211789719, 18.987649719173898 ], [ 73.105960315657612, 18.987647581137391 ], [ 73.105962001382721, 18.987498541030792 ] ] ] } },
{ "type": "Feature", "properties": { "parcel_reference": "P0443", "building_id": "B-0443", "building_area_sqm": 363.0 }, "geometry": { "type": "Polygon", "coordinates": [ [ [ 73.106721623140302, 18.987506314514583 ], [ 73.106930519188509, 18.987508451676689 ], [ 73.106928834324151, 18.987657491866866 ], [ 73.106719938090293, 18.987655354686733 ], [ 73.106721623140302, 18.987506314514583 ] ] ] } },
{ "type": "Feature", "properties": { "parcel_reference": "P0446", "building_id": "B-0446", "building_area_sqm": 363.0 }, "geometry": { "type": "Polygon", "coordinates": [ [ [ 73.107861056470284, 18.987517968901361 ], [ 73.108069952671045, 18.987520104778906 ], [ 73.108068268819309, 18.987669145067361 ], [ 73.107859372432912, 18.987667009171805 ], [ 73.107861056470284, 18.987517968901361 ] ] ] } },
{ "type": "Feature", "properties": { "parcel_reference": "P0447", "building_id": "B-0447", "building_area_sqm": 363.0 }, "geometry": { "type": "Polygon", "coordinates": [ [ [ 73.108240867765161, 18.987521852139906 ], [ 73.10844976401674, 18.987523987589263 ], [ 73.108448080502569, 18.987673027910468 ], [ 73.10823918406534, 18.987670892443102 ], [ 73.108240867765161, 18.987521852139906 ] ] ] } },
{ "type": "Feature", "properties": { "parcel_reference": "P0450", "building_id": "B-0450", "building_area_sqm": 363.0 }, "geometry": { "type": "Polygon", "coordinates": [ [ [ 73.109380302204201, 18.987533497184405 ], [ 73.109589198608205, 18.987535631349196 ], [ 73.109587516106672, 18.987684671768594 ], [ 73.109378619517017, 18.987682537585812 ], [ 73.109380302204201, 18.987533497184405 ] ] ] } },
{ "type": "Feature", "properties": { "parcel_reference": "P0453", "building_id": "B-0453", "building_area_sqm": 363.0 }, "geometry": { "type": "Polygon", "coordinates": [ [ [ 73.101021396041261, 18.987718918715046 ], [ 73.101230291662887, 18.98772106233276 ], [ 73.10122860170668, 18.987870102026054 ], [ 73.10101970589939, 18.987867958390257 ], [ 73.101021396041261, 18.987718918715046 ] ] ] } },
{ "type": "Feature", "properties": { "parcel_reference": "P0454", "building_id": "B-0454", "building_area_sqm": 363.0 }, "geometry": { "type": "Polygon", "coordinates": [ [ [ 73.101401206283256, 18.987722816026636 ], [ 73.101610101955899, 18.987724959216173 ], [ 73.101608412337242, 18.987873998942323 ], [ 73.101399516478949, 18.987871855734717 ], [ 73.101401206283256, 18.987722816026636 ] ] ] } },
{ "type": "Feature", "properties": { "parcel_reference": "P0458", "building_id": "B-0458", "building_area_sqm": 363.0 }, "geometry": { "type": "Polygon", "coordinates": [ [ [ 73.10292044817858, 18.987738397487796 ], [ 73.103129344055162, 18.987740538964584 ], [ 73.103127655786693, 18.98788957882212 ], [ 73.10291875972446, 18.987887437327284 ], [ 73.10292044817858, 18.987738397487796 ] ] ] } },
{ "type": "Feature", "properties": { "parcel_reference": "P0460", "building_id": "B-0460", "building_area_sqm": 363.0 }, "geometry": { "type": "Polygon", "coordinates": [ [ [ 73.103680069682341, 18.987746183547237 ], [ 73.103888965660843, 18.98774832416764 ], [ 73.103887278067475, 18.987897364090841 ], [ 73.103678381903322, 18.98789522345238 ], [ 73.103680069682341, 18.987746183547237 ] ] ] } },
{ "type": "Feature", "properties": { "parcel_reference": "P0461", "building_id": "B-0461", "building_area_sqm": 363.0 }, "geometry": { "type": "Polygon", "coordinates": [ [ [ 73.104059880573175, 18.987750075409167 ], [ 73.104268776602623, 18.987752215601379 ], [ 73.104267089346806, 18.9879012555574 ], [ 73.104058193131706, 18.987899115347133 ], [ 73.104059880573175, 18.987750075409167 ] ] ] } },
{ "type": "Feature", "properties": { "parcel_reference": "P0464", "building_id": "B-0464", "building_area_sqm": 363.0 }, "geometry": { "type": "Polygon", "coordinates": [ [ [ 73.105199313801336, 18.987761746323795 ], [ 73.105408209983551, 18.987763885231438 ], [ 73.105406523740371, 18.987912925285872 ], [ 73.105197627372519, 18.987910786360192 ], [ 73.105199313801336, 18.987761746323795 ] ] ] } },
{ "type": "Feature", "properties": { "parcel_reference": "P0465", "building_id": "B-0465", "building_area_sqm": 363.0 }, "geometry": { "type": "Polygon", "coordinates": [ [ [ 73.105579125062533, 18.987765635071611 ], [ 73.105788021295638, 18.987767773551067 ], [ 73.105786335390007, 18.987916813638289 ], [ 73.105577438971252, 18.987914675140804 ], [ 73.105579125062533, 18.987765635071611 ] ] ] } },
{ "type": "Feature", "properties": { "parcel_reference": "P0466", "building_id": "B-0466", "building_area_sqm": 363.0 }, "geometry": { "type": "Polygon", "coordinates": [ [ [ 73.105958936416286, 18.9877695230409 ], [ 73.10616783270028, 18.987771661092165 ], [ 73.106166147132186, 18.987920701212172 ], [ 73.105957250662541, 18.987918563142884 ], [ 73.105958936416286, 18.9877695230409 ] ] ] } },
{ "type": "Feature", "properties": { "parcel_reference": "P0467", "building_id": "B-0467", "building_area_sqm": 363.0 }, "geometry": { "type": "Polygon", "coordinates": [ [ [ 73.106338747862537, 18.987773410231661 ], [ 73.106547644197406, 18.987775547854731 ], [ 73.10654595896689, 18.987924588007516 ], [ 73.106337062446357, 18.987922450366419 ], [ 73.106338747862537, 18.987773410231661 ] ] ] } },
{ "type": "Feature", "properties": { "parcel_reference": "P0468", "building_id": "B-0468", "building_area_sqm": 363.0 }, "geometry": { "type": "Polygon", "coordinates": [ [ [ 73.106718559401301, 18.987777296643888 ], [ 73.106927455787059, 18.98777943383876 ], [ 73.10692577089408, 18.987928474024326 ], [ 73.106716874322672, 18.987926336811427 ], [ 73.106718559401301, 18.987777296643888 ] ] ] } },
{ "type": "Feature", "properties": { "parcel_reference": "P0470", "building_id": "B-0470", "building_area_sqm": 363.0 }, "geometry": { "type": "Polygon", "coordinates": [ [ [ 73.107478182756282, 18.987785067132744 ], [ 73.107687079243746, 18.987787203471235 ], [ 73.107685395025868, 18.987936243722316 ], [ 73.107476498352767, 18.987934107365813 ], [ 73.107478182756282, 18.987785067132744 ] ] ] } },
{ "type": "Feature", "properties": { "parcel_reference": "P0471", "building_id": "B-0471", "building_area_sqm": 363.0 }, "geometry": { "type": "Polygon", "coordinates": [ [ [ 73.107857994572456, 18.987788951209371 ], [ 73.108066891110752, 18.987791087119664 ], [ 73.108065207230439, 18.987940127403501 ], [ 73.107856310506492, 18.987937991475196 ], [ 73.107857994572456, 18.987788951209371 ] ] ] } },
{ "type": "Feature", "properties": { "parcel_reference": "P0472", "building_id": "B-0472", "building_area_sqm": 363.0 }, "geometry": { "type": "Polygon", "coordinates": [ [ [ 73.108237806481057, 18.987792834507463 ], [ 73.108446703070186, 18.987794969989569 ], [ 73.108445019527423, 18.987944010306144 ], [ 73.108236122752643, 18.987941874806033 ], [ 73.108237806481057, 18.987792834507463 ] ] ] } },
{ "type": "Feature", "properties": { "parcel_reference": "P0475", "building_id": "B-0475", "building_area_sqm": 363.0 }, "geometry": { "type": "Polygon", "coordinates": [ [ [ 73.109377242761283, 18.987804479730521 ], [ 73.109586139502824, 18.987806613928033 ], [ 73.109584456972726, 18.987955654342816 ], [ 73.109375560045521, 18.987953520127299 ], [ 73.109377242761283, 18.987804479730521 ] ] ] } },
{ "type": "Feature", "properties": { "parcel_reference": "P0476", "building_id": "B-0476", "building_area_sqm": 363.0 }, "geometry": { "type": "Polygon", "coordinates": [ [ [ 73.100258701611168, 18.98798210286251 ], [ 73.100467597468281, 18.987984247369479 ], [ 73.100465906808282, 18.988133286992397 ], [ 73.100257010765503, 18.988131142467338 ], [ 73.100258701611168, 18.98798210286251 ] ] ] } },
{ "type": "Feature", "properties": { "parcel_reference": "P0477", "building_id": "B-0477", "building_area_sqm": 363.0 }, "geometry": { "type": "Polygon", "coordinates": [ [ [ 73.10063851228135, 18.987986001790926 ], [ 73.100847408189495, 18.987988145869707 ], [ 73.100845717867045, 18.988137185525499 ], [ 73.100636821773236, 18.988135041428638 ], [ 73.10063851228135, 18.987986001790926 ] ] ] } },
{ "type": "Feature", "properties": { "parcel_reference": "P0478", "building_id": "B-0478", "building_area_sqm": 363.0 }, "geometry": { "type": "Polygon", "coordinates": [ [ [ 73.101018323044315, 18.987989899940811 ], [ 73.101227219003491, 18.987992043591397 ], [ 73.101225529018592, 18.98814108328007 ], [ 73.101016632873765, 18.988138939611403 ], [ 73.101018323044315, 18.987989899940811 ] ] ] } },
{ "type": "Feature", "properties": { "parcel_reference": "P0479", "building_id": "B-0479", "building_area_sqm": 363.0 }, "geometry": { "type": "Polygon", "coordinates": [ [ [ 73.101398133900048, 18.987993797312164 ], [ 73.101607029910227, 18.987995940534564 ], [ 73.101605340262878, 18.988144980256095 ], [ 73.101396444067035, 18.988142837015619 ], [ 73.101398133900048, 18.987993797312164 ] ] ] } },
{ "type": "Feature", "properties": { "parcel_reference": "P0480", "building_id": "B-0480", "building_area_sqm": 363.0 }, "geometry": { "type": "Polygon", "coordinates": [ [ [ 73.101777944848521, 18.987997693904987 ], [ 73.101986840909717, 18.987999836699185 ], [ 73.101985151599905, 18.988148876453582 ], [ 73.101776255353073, 18.988146733641301 ], [ 73.101777944848521, 18.987997693904987 ] ] ] } },
{ "type": "Feature", "properties": { "parcel_reference": "P0482", "building_id": "B-0482", "building_area_sqm": 363.0 }, "geometry": { "type": "Polygon", "coordinates": [ [ [ 73.10253756702366, 18.988005484755025 ], [ 73.102746463186818, 18.988007626692841 ], [ 73.102744774552121, 18.988156666512925 ], [ 73.102535878203298, 18.988154524557043 ], [ 73.10253756702366, 18.988005484755025 ] ] ] } },
{ "type": "Feature", "properties": { "parcel_reference": "P0487", "building_id": "B-0487", "building_area_sqm": 363.0 }, "geometry": { "type": "Polygon", "coordinates": [ [ [ 73.104436624083235, 18.988024948255745 ], [ 73.104645520501165, 18.988027088052579 ], [ 73.104643833554249, 18.988176128036791 ], [ 73.104434936950653, 18.988173988221906 ], [ 73.104436624083235, 18.988024948255745 ] ] ] } },
{ "type": "Feature", "properties": { "parcel_reference": "P0488", "building_id": "B-0488", "building_area_sqm": 363.0 }, "geometry": { "type": "Polygon", "coordinates": [ [ [ 73.104816435773017, 18.98802883862027 ], [ 73.105025332241865, 18.988030977988906 ], [ 73.1050236456325, 18.98818001800592 ], [ 73.104814748978001, 18.988177878619243 ], [ 73.104816435773017, 18.98802883862027 ] ] ] } },
{ "type": "Feature", "properties": { "parcel_reference": "P0489", "building_id": "B-0489", "building_area_sqm": 363.0 }, "geometry": { "type": "Polygon", "coordinates": [ [ [ 73.105196247555384, 18.988032728206257 ], [ 73.105405144075135, 18.988034867146698 ], [ 73.105403457803334, 18.988183907196511 ], [ 73.105194561097917, 18.988181768238032 ], [ 73.105196247555384, 18.988032728206257 ] ] ] } },
{ "type": "Feature", "properties": { "parcel_reference": "P0490", "building_id": "B-0490", "building_area_sqm": 363.0 }, "geometry": { "type": "Polygon", "coordinates": [ [ [ 73.105576059430319, 18.988036617013705 ], [ 73.105784956000974, 18.988038755525956 ], [ 73.105783270066723, 18.988187795608553 ], [ 73.105574373310404, 18.988185657078272 ], [ 73.105576059430319, 18.988036617013705 ] ] ] } },
{ "type": "Feature", "properties": { "parcel_reference": "P0491", "building_id": "B-0491", "building_area_sqm": 363.0 }, "geometry": { "type": "Polygon", "coordinates": [ [ [ 73.105955871397782, 18.988040505042612 ], [ 73.106164768019326, 18.988042643126658 ], [ 73.10616308242264, 18.988191683242043 ], [ 73.105954185615431, 18.988189545139971 ], [ 73.105955871397782, 18.988040505042612 ] ] ] } },
{ "type": "Feature", "properties": { "parcel_reference": "P0492", "building_id": "B-0492", "building_area_sqm": 363.0 }, "geometry": { "type": "Polygon", "coordinates": [ [ [ 73.106335683457786, 18.98804439229297 ], [ 73.106544580130219, 18.988046529948818 ], [ 73.106542894871069, 18.988195570096984 ], [ 73.106333998012985, 18.98819343242311 ], [ 73.106335683457786, 18.98804439229297 ] ] ] } },
{ "type": "Feature", "properties": { "parcel_reference": "P0493", "building_id": "B-0493", "building_area_sqm": 363.0 }, "geometry": { "type": "Polygon", "coordinates": [ [ [ 73.106715495610288, 18.98804827876479 ], [ 73.106924392333582, 18.988050415992443 ], [ 73.106922707411996, 18.988199456173376 ], [ 73.106713810503038, 18.988197318927707 ], [ 73.106715495610288, 18.98804827876479 ] ] ] } },
{ "type": "Feature", "properties": { "parcel_reference": "P0494", "building_id": "B-0494", "building_area_sqm": 363.0 }, "geometry": { "type": "Polygon", "coordinates": [ [ [ 73.107095307855275, 18.988052164458068 ], [ 73.107304204629429, 18.988054301257513 ], [ 73.107302520045408, 18.98820334147122 ], [ 73.107093623085589, 18.988201204653755 ], [ 73.107095307855275, 18.988052164458068 ] ] ] } },
{ "type": "Feature", "properties": { "parcel_reference": "P0496", "building_id": "B-0496", "building_area_sqm": 363.0 }, "geometry": { "type": "Polygon", "coordinates": [ [ [ 73.107854932622629, 18.988059933508982 ], [ 73.108063829498491, 18.988062069452027 ], [ 73.108062145589571, 18.988211109731242 ], [ 73.107853248528073, 18.988208973770181 ], [ 73.107854932622629, 18.988059933508982 ] ] ] } },
{ "type": "Feature", "properties": { "parcel_reference": "P0497", "building_id": "B-0497", "building_area_sqm": 363.0 }, "geometry": { "type": "Polygon", "coordinates": [ [ [ 73.108234745144983, 18.988063816866621 ], [ 73.108443642071649, 18.988065952381461 ], [ 73.108441958500308, 18.988214992693425 ], [ 73.108233061387963, 18.988212857160569 ], [ 73.108234745144983, 18.988063816866621 ] ] ] } },
{ "type": "Feature", "properties": { "parcel_reference": "P0498", "building_id": "B-0498", "building_area_sqm": 363.0 }, "geometry": { "type": "Polygon", "coordinates": [ [ [ 73.108614557759722, 18.988067699445704 ], [ 73.10882345473722, 18.988069834532343 ], [ 73.108821771503429, 18.988218874877049 ], [ 73.108612874340281, 18.988216739772401 ], [ 73.108614557759722, 18.988067699445704 ] ] ] } },
{ "type": "Feature", "properties": { "parcel_reference": "P0500", "building_id": "B-0500", "building_area_sqm": 363.0 }, "geometry": { "type": "Polygon", "coordinates": [ [ [ 73.109374183266397, 18.988075462268238 ], [ 73.109583080345502, 18.988077596498478 ], [ 73.10958139778684, 18.988226636908639 ], [ 73.10937250052207, 18.988224502660405 ], [ 73.109374183266397, 18.988075462268238 ] ] ] } }
]
}
