{
"type": "FeatureCollection",
"name": "municipal",
"crs": { "type": "name", "properties": { "name": "urn:ogc:def:crs:OGC:1.3:CRS84" } },
"features": [
{ "type": "Feature", "properties": { "plot_id": "M-8000", "property_owner": "Suresh Patil", "plot_area": 1200.0, "property_type": "Residential" }, "geometry": { "type": "Polygon", "coordinates": [ [ [ 73.100232339696632, 18.982771612515812 ], [ 73.100612138548968, 18.982775510470045 ], [ 73.100609065751371, 18.983046491775735 ], [ 73.100229266285496, 18.983042593761716 ], [ 73.100232339696632, 18.982771612515812 ] ] ] } },
{ "type": "Feature", "properties": { "plot_id": "M-8001", "property_owner": "Neha Verma", "plot_area": 1200.0, "property_type": "Commercial" }, "geometry": { "type": "Polygon", "coordinates": [ [ [ 73.100612138548968, 18.982775510470045 ], [ 73.100991937494086, 18.982779407645978 ], [ 73.100988865310029, 18.983050389011439 ], [ 73.100609065751371, 18.983046491775735 ], [ 73.100612138548968, 18.982775510470045 ] ] ] } },
{ "type": "Feature", "properties": { "plot_id": "M-8002", "property_owner": "Priya Singh", "plot_area": 1200.0, "property_type": "Commercial" }, "geometry": { "type": "Polygon", "coordinates": [ [ [ 73.100991937494086, 18.982779407645978 ], [ 73.101371736531945, 18.982783304043611 ], [ 73.101368664961427, 18.983054285468832 ], [ 73.100988865310029, 18.983050389011439 ], [ 73.100991937494086, 18.982779407645978 ] ] ] } },
{ "type": "Feature", "properties": { "plot_id": "M-8003", "property_owner": "Suresh Patil", "plot_area": 1200.0, "property_type": "Residential" }, "geometry": { "type": "Polygon", "coordinates": [ [ [ 73.101371736531945, 18.982783304043611 ], [ 73.101751535662572, 18.982787199662937 ], [ 73.101748464705565, 18.9830581811479 ], [ 73.101368664961427, 18.983054285468832 ], [ 73.101371736531945, 18.982783304043611 ] ] ] } },
{ "type": "Feature", "properties": { "plot_id": "M-8004", "property_owner": "Mahesh Deshmukh", "plot_area": 1200.0, "property_type": "Vacant" }, "geometry": { "type": "Polygon", "coordinates": [ [ [ 73.101751535662572, 18.982787199662937 ], [ 73.102131334885897, 18.982791094503959 ], [ 73.102128264542429, 18.983062076048665 ], [ 73.101748464705565, 18.9830581811479 ], [ 73.101751535662572, 18.982787199662937 ] ] ] } },
{ "type": "Feature", "properties": { "plot_id": "M-8005", "property_owner": "Rajesh Kumar", "plot_area": 1200.0, "property_type": "Residential" }, "geometry": { "type": "Polygon", "coordinates": [ [ [ 73.102131334885897, 18.982791094503959 ], [ 73.102511134201919, 18.982794988566681 ], [ 73.102508064471991, 18.983065970171101 ], [ 73.102128264542429, 18.983062076048665 ], [ 73.102131334885897, 18.982791094503959 ] ] ] } },
{ "type": "Feature", "properties": { "plot_id": "M-8006", "property_owner": "Suresh Patil", "plot_area": 1200.0, "property_type": "Commercial" }, "geometry": { "type": "Polygon", "coordinates": [ [ [ 73.102511134201919, 18.982794988566681 ], [ 73.102890933610624, 18.982798881851092 ], [ 73.102887864494235, 18.983069863515226 ], [ 73.102508064471991, 18.983065970171101 ], [ 73.102511134201919, 18.982794988566681 ] ] ] } },
{ "type": "Feature", "properties": { "plot_id": "M-8007", "property_owner": "Priya Singh", "plot_area": 1200.0, "property_type": "Residential" }, "geometry": { "type": "Polygon", "coordinates": [ [ [ 73.102890933610624, 18.982798881851092 ], [ 73.103270733111998, 18.982802774357204 ], [ 73.103267664609149, 18.983073756081033 ], [ 73.102887864494235, 18.983069863515226 ], [ 73.102890933610624, 18.982798881851092 ] ] ] } },
{ "type": "Feature", "properties": { "plot_id": "M-8008", "property_owner": "Sunita Pawar", "plot_area": 1200.0, "property_type": "Commercial" }, "geometry": { "type": "Polygon", "coordinates": [ [ [ 73.103270733111998, 18.982802774357204 ], [ 73.103650532706013, 18.982806666085001 ], [ 73.103647464816703, 18.983077647868519 ], [ 73.103267664609149, 18.983073756081033 ], [ 73.103270733111998, 18.982802774357204 ] ] ] } },
{ "type": "Feature", "properties": { "plot_id": "M-8009", "property_owner": "Sunita Pawar", "plot_area": 1200.0, "property_type": "Vacant" }, "geometry": { "type": "Polygon", "coordinates": [ [ [ 73.103650532706013, 18.982806666085001 ], [ 73.104030332392654, 18.982810557034487 ], [ 73.104027265116883, 18.983081538877688 ], [ 73.103647464816703, 18.983077647868519 ], [ 73.103650532706013, 18.982806666085001 ] ] ] } },
{ "type": "Feature", "properties": { "plot_id": "M-8010", "property_owner": "Priya Singh", "plot_area": 1200.0, "property_type": "Vacant" }, "geometry": { "type": "Polygon", "coordinates": [ [ [ 73.104030332392654, 18.982810557034487 ], [ 73.104410132171921, 18.982814447205669 ], [ 73.104407065509676, 18.983085429108534 ], [ 73.104027265116883, 18.983081538877688 ], [ 73.104030332392654, 18.982810557034487 ] ] ] } },
{ "type": "Feature", "properties": { "plot_id": "M-8011", "property_owner": "Mahesh Deshmukh", "plot_area": 1200.0, "property_type": "Mixed Use" }, "geometry": { "type": "Polygon", "coordinates": [ [ [ 73.104410132171921, 18.982814447205669 ], [ 73.104789932043758, 18.982818336598545 ], [ 73.104786865995052, 18.983089318561053 ], [ 73.104407065509676, 18.983085429108534 ], [ 73.104410132171921, 18.982814447205669 ] ] ] } },
{ "type": "Feature", "properties": { "plot_id": "M-8012", "property_owner": "Rajesh Kumar", "plot_area": 1200.0, "property_type": "Commercial" }, "geometry": { "type": "Polygon", "coordinates": [ [ [ 73.104789932043758, 18.982818336598545 ], [ 73.105169732008179, 18.982822225213106 ], [ 73.105166666573012, 18.983093207235257 ], [ 73.104786865995052, 18.983089318561053 ], [ 73.104789932043758, 18.982818336598545 ] ] ] } },
{ "type": "Feature", "properties": { "plot_id": "M-8013", "property_owner": "Anita Joshi", "plot_area": 1200.0, "property_type": "Mixed Use" }, "geometry": { "type": "Polygon", "coordinates": [ [ [ 73.105169732008179, 18.982822225213106 ], [ 73.10554953206514, 18.982826113049356 ], [ 73.105546467243514, 18.983097095131132 ], [ 73.105166666573012, 18.983093207235257 ], [ 73.105169732008179, 18.982822225213106 ] ] ] } },
{ "type": "Feature", "properties": { "plot_id": "M-8014", "property_owner": "Neha Verma", "plot_area": 1200.0, "property_type": "Commercial" }, "geometry": { "type": "Polygon", "coordinates": [ [ [ 73.10554953206514, 18.982826113049356 ], [ 73.105929332214643, 18.982830000107292 ], [ 73.105926268006556, 18.983100982248686 ], [ 73.105546467243514, 18.983097095131132 ], [ 73.10554953206514, 18.982826113049356 ] ] ] } },
{ "type": "Feature", "properties": { "plot_id": "M-8015", "property_owner": "Priya Singh", "plot_area": 1200.0, "property_type": "Mixed Use" }, "geometry": { "type": "Polygon", "coordinates": [ [ [ 73.105929332214643, 18.982830000107292 ], [ 73.106309132456659, 18.982833886386917 ], [ 73.106306068862125, 18.983104868587912 ], [ 73.105926268006556, 18.983100982248686 ], [ 73.105929332214643, 18.982830000107292 ] ] ] } },
{ "type": "Feature", "properties": { "plot_id": "M-8016", "property_owner": "Suresh Patil", "plot_area": 1200.0, "property_type": "Residential" }, "geometry": { "type": "Polygon", "coordinates": [ [ [ 73.106309132456659, 18.982833886386917 ], [ 73.106688932791172, 18.982837771888228 ], [ 73.106685869810178, 18.983108754148823 ], [ 73.106306068862125, 18.983104868587912 ], [ 73.106309132456659, 18.982833886386917 ] ] ] } },
{ "type": "Feature", "properties": { "plot_id": "M-8017", "property_owner": "Anita Joshi", "plot_area": 1200.0, "property_type": "Residential" }, "geometry": { "type": "Polygon", "coordinates": [ [ [ 73.106688932791172, 18.982837771888228 ], [ 73.107068733218156, 18.982841656611225 ], [ 73.107065670850702, 18.983112638931395 ], [ 73.106685869810178, 18.983108754148823 ], [ 73.106688932791172, 18.982837771888228 ] ] ] } },
{ "type": "Feature", "properties": { "plot_id": "M-8018", "property_owner": "Vijay More", "plot_area": 1200.0, "property_type": "Mixed Use" }, "geometry": { "type": "Polygon", "coordinates": [ [ [ 73.107068733218156, 18.982841656611225 ], [ 73.107448533737596, 18.982845540555907 ], [ 73.107445471983695, 18.983116522935646 ], [ 73.107065670850702, 18.983112638931395 ], [ 73.107068733218156, 18.982841656611225 ] ] ] } },
{ "type": "Feature", "properties": { "plot_id": "M-8019", "property_owner": "Mahesh Deshmukh", "plot_area": 1200.0, "property_type": "Mixed Use" }, "geometry": { "type": "Polygon", "coordinates": [ [ [ 73.107448533737596, 18.982845540555907 ], [ 73.107828334349492, 18.982849423722271 ], [ 73.10782527320913, 18.983120406161564 ], [ 73.107445471983695, 18.983116522935646 ], [ 73.107448533737596, 18.982845540555907 ] ] ] } },
{ "type": "Feature", "properties": { "plot_id": "M-8020", "property_owner": "Rajesh Kumar", "plot_area": 1200.0, "property_type": "Vacant" }, "geometry": { "type": "Polygon", "coordinates": [ [ [ 73.107828334349492, 18.982849423722271 ], [ 73.108208135053815, 18.982853306110318 ], [ 73.108205074526992, 18.983124288609151 ], [ 73.10782527320913, 18.983120406161564 ], [ 73.107828334349492, 18.982849423722271 ] ] ] } },
{ "type": "Feature", "properties": { "plot_id": "M-8021", "property_owner": "Sunita Pawar", "plot_area": 1200.0, "property_type": "Residential" }, "geometry": { "type": "Polygon", "coordinates": [ [ [ 73.108208135053815, 18.982853306110318 ], [ 73.108587935850537, 18.98285718772005 ], [ 73.108584875937254, 18.983128170278412 ], [ 73.108205074526992, 18.983124288609151 ], [ 73.108208135053815, 18.982853306110318 ] ] ] } },
{ "type": "Feature", "properties": { "plot_id": "M-8022", "property_owner": "Anita Joshi", "plot_area": 1200.0, "property_type": "Residential" }, "geometry": { "type": "Polygon", "coordinates": [ [ [ 73.108587935850537, 18.98285718772005 ], [ 73.108967736739629, 18.982861068551454 ], [ 73.108964677439914, 18.983132051169346 ], [ 73.108584875937254, 18.983128170278412 ], [ 73.108587935850537, 18.98285718772005 ] ] ] } },
{ "type": "Feature", "properties": { "plot_id": "M-8023", "property_owner": "Sunita Pawar", "plot_area": 1200.0, "property_type": "Mixed Use" }, "geometry": { "type": "Polygon", "coordinates": [ [ [ 73.108967736739629, 18.982861068551454 ], [ 73.109347537721106, 18.982864948604547 ], [ 73.109344479034931, 18.98313593128195 ], [ 73.108964677439914, 18.983132051169346 ], [ 73.108967736739629, 18.982861068551454 ] ] ] } },
{ "type": "Feature", "properties": { "plot_id": "M-8024", "property_owner": "Mahesh Deshmukh", "plot_area": 1200.0, "property_type": "Mixed Use" }, "geometry": { "type": "Polygon", "coordinates": [ [ [ 73.109347537721106, 18.982864948604547 ], [ 73.109727338794926, 18.982868827879322 ], [ 73.10972428072229, 18.983139810616212 ], [ 73.109344479034931, 18.98313593128195 ], [ 73.109347537721106, 18.982864948604547 ] ] ] } },
{ "type": "Feature", "properties": { "plot_id": "M-8025", "property_owner": "Mahesh Deshmukh", "plot_area": 1200.0, "property_type": "Commercial" }, "geometry": { "type": "Polygon", "coordinates": [ [ [ 73.100229266285496, 18.983042593761716 ], [ 73.100609065751371, 18.983046491775735 ], [ 73.100605992901592, 18.983317473073022 ], [ 73.100226192822177, 18.983313574999226 ], [ 73.100229266285496, 18.983042593761716 ] ] ] } },
{ "type": "Feature", "properties": { "plot_id": "M-8026", "property_owner": "Suresh Patil", "plot_area": 1200.0, "property_type": "Residential" }, "geometry": { "type": "Polygon", "coordinates": [ [ [ 73.100609065751371, 18.983046491775735 ], [ 73.100988865310029, 18.983050389011439 ], [ 73.100985793073789, 18.983321370368497 ], [ 73.100605992901592, 18.983317473073022 ], [ 73.100609065751371, 18.983046491775735 ] ] ] } },
{ "type": "Feature", "properties": { "plot_id": "M-8027", "property_owner": "Priya Singh", "plot_area": 1200.0, "property_type": "Mixed Use" }, "geometry": { "type": "Polygon", "coordinates": [ [ [ 73.100988865310029, 18.983050389011439 ], [ 73.101368664961427, 18.983054285468832 ], [ 73.101365593338727, 18.98332526688565 ], [ 73.100985793073789, 18.983321370368497 ], [ 73.100988865310029, 18.983050389011439 ] ] ] } },
{ "type": "Feature", "properties": { "plot_id": "M-8028", "property_owner": "Suresh Patil", "plot_area": 1200.0, "property_type": "Commercial" }, "geometry": { "type": "Polygon", "coordinates": [ [ [ 73.101368664961427, 18.983054285468832 ], [ 73.101748464705565, 18.9830581811479 ], [ 73.101745393696405, 18.983329162624468 ], [ 73.101365593338727, 18.98332526688565 ], [ 73.101368664961427, 18.983054285468832 ] ] ] } },
{ "type": "Feature", "properties": { "plot_id": "M-8029", "property_owner": "Suresh Patil", "plot_area": 1200.0, "property_type": "Vacant" }, "geometry": { "type": "Polygon", "coordinates": [ [ [ 73.101748464705565, 18.9830581811479 ], [ 73.102128264542429, 18.983062076048665 ], [ 73.102125194146822, 18.983333057584961 ], [ 73.101745393696405, 18.983329162624468 ], [ 73.101748464705565, 18.9830581811479 ] ] ] } },
{ "type": "Feature", "properties": { "plot_id": "M-8030", "property_owner": "Neha Verma", "plot_area": 1236.0, "property_type": "Vacant" }, "geometry": { "type": "Polygon", "coordinates": [ [ [ 73.102128264542429, 18.983062076048665 ], [ 73.102508064471991, 18.983065970171101 ], [ 73.102504994689923, 18.983336951767129 ], [ 73.102125194146822, 18.983333057584961 ], [ 73.102128264542429, 18.983062076048665 ] ] ] } },
{ "type": "Feature", "properties": { "plot_id": "M-8031", "property_owner": "Vijay More", "plot_area": 1200.0, "property_type": "Commercial" }, "geometry": { "type": "Polygon", "coordinates": [ [ [ 73.102508064471991, 18.983065970171101 ], [ 73.102887864494235, 18.983069863515226 ], [ 73.102884795325721, 18.983340845170961 ], [ 73.102504994689923, 18.983336951767129 ], [ 73.102508064471991, 18.983065970171101 ] ] ] } },
{ "type": "Feature", "properties": { "plot_id": "M-8032", "property_owner": "Vijay More", "plot_area": 1200.0, "property_type": "Mixed Use" }, "geometry": { "type": "Polygon", "coordinates": [ [ [ 73.102887864494235, 18.983069863515226 ], [ 73.103267664609149, 18.983073756081033 ], [ 73.103264596054174, 18.983344737796465 ], [ 73.102884795325721, 18.983340845170961 ], [ 73.102887864494235, 18.983069863515226 ] ] ] } },
{ "type": "Feature", "properties": { "plot_id": "M-8033", "property_owner": "Priya Singh", "plot_area": 1200.0, "property_type": "Mixed Use" }, "geometry": { "type": "Polygon", "coordinates": [ [ [ 73.103267664609149, 18.983073756081033 ], [ 73.103647464816703, 18.983077647868519 ], [ 73.103644396875282, 18.983348629643636 ], [ 73.103264596054174, 18.983344737796465 ], [ 73.103267664609149, 18.983073756081033 ] ] ] } },
{ "type": "Feature", "properties": { "plot_id": "M-8034", "property_owner": "Suresh Patil", "plot_area": 1200.0, "property_type": "Commercial" }, "geometry": { "type": "Polygon", "coordinates": [ [ [ 73.103647464816703, 18.983077647868519 ], [ 73.104027265116883, 18.983081538877688 ], [ 73.104024197789016, 18.983352520712479 ], [ 73.103644396875282, 18.983348629643636 ], [ 73.103647464816703, 18.983077647868519 ] ] ] } },
{ "type": "Feature", "properties": { "plot_id": "M-8035", "property_owner": "Sunita Pawar", "plot_area": 1200.0, "property_type": "Commercial" }, "geometry": { "type": "Polygon", "coordinates": [ [ [ 73.104027265116883, 18.983081538877688 ], [ 73.104407065509676, 18.983085429108534 ], [ 73.104403998795348, 18.983356411002987 ], [ 73.104024197789016, 18.983352520712479 ], [ 73.104027265116883, 18.983081538877688 ] ] ] } },
{ "type": "Feature", "properties": { "plot_id": "M-8036", "property_owner": "Amit Sharma", "plot_area": 1200.0, "property_type": "Vacant" }, "geometry": { "type": "Polygon", "coordinates": [ [ [ 73.104407065509676, 18.983085429108534 ], [ 73.104786865995052, 18.983089318561053 ], [ 73.104783799894278, 18.983360300515162 ], [ 73.104403998795348, 18.983356411002987 ], [ 73.104407065509676, 18.983085429108534 ] ] ] } },
{ "type": "Feature", "properties": { "plot_id": "M-8037", "property_owner": "Anita Joshi", "plot_area": 1200.0, "property_type": "Mixed Use" }, "geometry": { "type": "Polygon", "coordinates": [ [ [ 73.104786865995052, 18.983089318561053 ], [ 73.105166666573012, 18.983093207235257 ], [ 73.105163601085778, 18.983364189249006 ], [ 73.104783799894278, 18.983360300515162 ], [ 73.104786865995052, 18.983089318561053 ] ] ] } },
{ "type": "Feature", "properties": { "plot_id": "M-8038", "property_owner": "Sunita Pawar", "plot_area": 1200.0, "property_type": "Commercial" }, "geometry": { "type": "Polygon", "coordinates": [ [ [ 73.105166666573012, 18.983093207235257 ], [ 73.105546467243514, 18.983097095131132 ], [ 73.105543402369847, 18.983368077204513 ], [ 73.105163601085778, 18.983364189249006 ], [ 73.105166666573012, 18.983093207235257 ] ] ] } },
{ "type": "Feature", "properties": { "plot_id": "M-8039", "property_owner": "Vijay More", "plot_area": 1200.0, "property_type": "Residential" }, "geometry": { "type": "Polygon", "coordinates": [ [ [ 73.105546467243514, 18.983097095131132 ], [ 73.105926268006556, 18.983100982248686 ], [ 73.105923203746428, 18.983371964381682 ], [ 73.105543402369847, 18.983368077204513 ], [ 73.105546467243514, 18.983097095131132 ] ] ] } },
{ "type": "Feature", "properties": { "plot_id": "M-8040", "property_owner": "Priya Singh", "plot_area": 1200.0, "property_type": "Residential" }, "geometry": { "type": "Polygon", "coordinates": [ [ [ 73.105945104836906, 18.983114725691134 ], [ 73.10632490572776, 18.983118611994428 ], [ 73.106321842109267, 18.983389594189585 ], [ 73.105942040604845, 18.983385707826685 ], [ 73.105945104836906, 18.983114725691134 ] ] ] } },
{ "type": "Feature", "properties": { "plot_id": "M-8041", "property_owner": "Vijay More", "plot_area": 1200.0, "property_type": "Vacant" }, "geometry": { "type": "Polygon", "coordinates": [ [ [ 73.106306068862125, 18.983104868587912 ], [ 73.106685869810178, 18.983108754148823 ], [ 73.106682806777158, 18.983379736401009 ], [ 73.106303005215551, 18.983375850780515 ], [ 73.106306068862125, 18.983104868587912 ] ] ] } },
{ "type": "Feature", "properties": { "plot_id": "M-8042", "property_owner": "Neha Verma", "plot_area": 1200.0, "property_type": "Residential" }, "geometry": { "type": "Polygon", "coordinates": [ [ [ 73.106685869810178, 18.983108754148823 ], [ 73.107065670850702, 18.983112638931395 ], [ 73.107062608431235, 18.98338362124316 ], [ 73.106682806777158, 18.983379736401009 ], [ 73.106685869810178, 18.983108754148823 ] ] ] } },
{ "type": "Feature", "properties": { "plot_id": "M-8043", "property_owner": "Priya Singh", "plot_area": 1200.0, "property_type": "Mixed Use" }, "geometry": { "type": "Polygon", "coordinates": [ [ [ 73.107065670850702, 18.983112638931395 ], [ 73.107445471983695, 18.983116522935646 ], [ 73.107442410177782, 18.983387505306982 ], [ 73.107062608431235, 18.98338362124316 ], [ 73.107065670850702, 18.983112638931395 ] ] ] } },
{ "type": "Feature", "properties": { "plot_id": "M-8044", "property_owner": "Priya Singh", "plot_area": 1200.0, "property_type": "Vacant" }, "geometry": { "type": "Polygon", "coordinates": [ [ [ 73.107445471983695, 18.983116522935646 ], [ 73.10782527320913, 18.983120406161564 ], [ 73.107822212016771, 18.983391388592459 ], [ 73.107442410177782, 18.983387505306982 ], [ 73.107445471983695, 18.983116522935646 ] ] ] } },
{ "type": "Feature", "properties": { "plot_id": "M-8045", "property_owner": "Anita Joshi", "plot_area": 1200.0, "property_type": "Vacant" }, "geometry": { "type": "Polygon", "coordinates": [ [ [ 73.10782527320913, 18.983120406161564 ], [ 73.108205074526992, 18.983124288609151 ], [ 73.108202013948187, 18.983395271099592 ], [ 73.107822212016771, 18.983391388592459 ], [ 73.10782527320913, 18.983120406161564 ] ] ] } },
{ "type": "Feature", "properties": { "plot_id": "M-8046", "property_owner": "Amit Sharma", "plot_area": 1200.0, "property_type": "Mixed Use" }, "geometry": { "type": "Polygon", "coordinates": [ [ [ 73.108205074526992, 18.983124288609151 ], [ 73.108584875937254, 18.983128170278412 ], [ 73.108581815972016, 18.983399152828387 ], [ 73.108202013948187, 18.983395271099592 ], [ 73.108205074526992, 18.983124288609151 ] ] ] } },
{ "type": "Feature", "properties": { "plot_id": "M-8047", "property_owner": "Amit Sharma", "plot_area": 1200.0, "property_type": "Commercial" }, "geometry": { "type": "Polygon", "coordinates": [ [ [ 73.108584875937254, 18.983128170278412 ], [ 73.108964677439914, 18.983132051169346 ], [ 73.108961618088216, 18.983403033778838 ], [ 73.108581815972016, 18.983399152828387 ], [ 73.108584875937254, 18.983128170278412 ] ] ] } },
{ "type": "Feature", "properties": { "plot_id": "M-8048", "property_owner": "Sunita Pawar", "plot_area": 1200.0, "property_type": "Mixed Use" }, "geometry": { "type": "Polygon", "coordinates": [ [ [ 73.108964677439914, 18.983132051169346 ], [ 73.109344479034931, 18.98313593128195 ], [ 73.109341420296801, 18.983406913950944 ], [ 73.108961618088216, 18.983403033778838 ], [ 73.108964677439914, 18.983132051169346 ] ] ] } },
{ "type": "Feature", "properties": { "plot_id": "M-8049", "property_owner": "Mahesh Deshmukh", "plot_area": 1200.0, "property_type": "Vacant" }, "geometry": { "type": "Polygon", "coordinates": [ [ [ 73.109344479034931, 18.98313593128195 ], [ 73.10972428072229, 18.983139810616212 ], [ 73.109721222597713, 18.983410793344703 ], [ 73.109341420296801, 18.983406913950944 ], [ 73.109344479034931, 18.98313593128195 ] ] ] } },
{ "type": "Feature", "properties": { "plot_id": "M-8050", "property_owner": "Mahesh Deshmukh", "plot_area": 1152.0, "property_type": "Vacant" }, "geometry": { "type": "Polygon", "coordinates": [ [ [ 73.100226192822177, 18.983313574999226 ], [ 73.100605992901592, 18.983317473073022 ], [ 73.100602919999616, 18.983588454361907 ], [ 73.100223119306662, 18.983584556228326 ], [ 73.100226192822177, 18.983313574999226 ] ] ] } },
{ "type": "Feature", "properties": { "plot_id": "M-8051", "property_owner": "Vijay More", "plot_area": 1200.0, "property_type": "Commercial" }, "geometry": { "type": "Polygon", "coordinates": [ [ [ 73.100605992901592, 18.983317473073022 ], [ 73.100985793073789, 18.983321370368497 ], [ 73.100982720785368, 18.98359235171716 ], [ 73.100602919999616, 18.983588454361907 ], [ 73.100605992901592, 18.983317473073022 ] ] ] } },
{ "type": "Feature", "properties": { "plot_id": "M-8052", "property_owner": "Amit Sharma", "plot_area": 1200.0, "property_type": "Vacant" }, "geometry": { "type": "Polygon", "coordinates": [ [ [ 73.100985793073789, 18.983321370368497 ], [ 73.101365593338727, 18.98332526688565 ], [ 73.101362521663859, 18.983596248294067 ], [ 73.100982720785368, 18.98359235171716 ], [ 73.100985793073789, 18.983321370368497 ] ] ] } },
{ "type": "Feature", "properties": { "plot_id": "M-8053", "property_owner": "Suresh Patil", "plot_area": 1200.0, "property_type": "Residential" }, "geometry": { "type": "Polygon", "coordinates": [ [ [ 73.101365593338727, 18.98332526688565 ], [ 73.101745393696405, 18.983329162624468 ], [ 73.101742322635104, 18.983600144092634 ], [ 73.101362521663859, 18.983596248294067 ], [ 73.101365593338727, 18.98332526688565 ] ] ] } },
{ "type": "Feature", "properties": { "plot_id": "M-8054", "property_owner": "Suresh Patil", "plot_area": 1200.0, "property_type": "Commercial" }, "geometry": { "type": "Polygon", "coordinates": [ [ [ 73.101745393696405, 18.983329162624468 ], [ 73.102125194146822, 18.983333057584961 ], [ 73.102122123699075, 18.983604039112862 ], [ 73.101742322635104, 18.983600144092634 ], [ 73.101745393696405, 18.983329162624468 ] ] ] } },
{ "type": "Feature", "properties": { "plot_id": "M-8055", "property_owner": "Amit Sharma", "plot_area": 1200.0, "property_type": "Vacant" }, "geometry": { "type": "Polygon", "coordinates": [ [ [ 73.102125194146822, 18.983333057584961 ], [ 73.102504994689923, 18.983336951767129 ], [ 73.10250192485573, 18.983607933354751 ], [ 73.102122123699075, 18.983604039112862 ], [ 73.102125194146822, 18.983333057584961 ] ] ] } },
{ "type": "Feature", "properties": { "plot_id": "M-8056", "property_owner": "Mahesh Deshmukh", "plot_area": 1200.0, "property_type": "Residential" }, "geometry": { "type": "Polygon", "coordinates": [ [ [ 73.102504994689923, 18.983336951767129 ], [ 73.102884795325721, 18.983340845170961 ], [ 73.102881726105082, 18.983611826818294 ], [ 73.10250192485573, 18.983607933354751 ], [ 73.102504994689923, 18.983336951767129 ] ] ] } },
{ "type": "Feature", "properties": { "plot_id": "M-8057", "property_owner": "Anita Joshi", "plot_area": 1200.0, "property_type": "Vacant" }, "geometry": { "type": "Polygon", "coordinates": [ [ [ 73.102884795325721, 18.983340845170961 ], [ 73.103264596054174, 18.983344737796465 ], [ 73.103261527447103, 18.983615719503497 ], [ 73.102881726105082, 18.983611826818294 ], [ 73.102884795325721, 18.983340845170961 ] ] ] } },
{ "type": "Feature", "properties": { "plot_id": "M-8058", "property_owner": "Mahesh Deshmukh", "plot_area": 1200.0, "property_type": "Vacant" }, "geometry": { "type": "Polygon", "coordinates": [ [ [ 73.103264596054174, 18.983344737796465 ], [ 73.103644396875282, 18.983348629643636 ], [ 73.103641328881764, 18.983619611410361 ], [ 73.103261527447103, 18.983615719503497 ], [ 73.103264596054174, 18.983344737796465 ] ] ] } },
{ "type": "Feature", "properties": { "plot_id": "M-8059", "property_owner": "Sunita Pawar", "plot_area": 1200.0, "property_type": "Mixed Use" }, "geometry": { "type": "Polygon", "coordinates": [ [ [ 73.103644396875282, 18.983348629643636 ], [ 73.104024197789016, 18.983352520712479 ], [ 73.104021130409038, 18.98362350253888 ], [ 73.103641328881764, 18.983619611410361 ], [ 73.103644396875282, 18.983348629643636 ] ] ] } },
{ "type": "Feature", "properties": { "plot_id": "M-8060", "property_owner": "Sunita Pawar", "plot_area": 1200.0, "property_type": "Residential" }, "geometry": { "type": "Polygon", "coordinates": [ [ [ 73.104024197789016, 18.983352520712479 ], [ 73.104403998795348, 18.983356411002987 ], [ 73.104400932028938, 18.983627392889051 ], [ 73.104021130409038, 18.98362350253888 ], [ 73.104024197789016, 18.983352520712479 ] ] ] } },
{ "type": "Feature", "properties": { "plot_id": "M-8061", "property_owner": "Suresh Patil", "plot_area": 1200.0, "property_type": "Mixed Use" }, "geometry": { "type": "Polygon", "coordinates": [ [ [ 73.104403998795348, 18.983356411002987 ], [ 73.104783799894278, 18.983360300515162 ], [ 73.104780733741435, 18.983631282460877 ], [ 73.104400932028938, 18.983627392889051 ], [ 73.104403998795348, 18.983356411002987 ] ] ] } },
{ "type": "Feature", "properties": { "plot_id": "M-8062", "property_owner": "Vijay More", "plot_area": 1200.0, "property_type": "Residential" }, "geometry": { "type": "Polygon", "coordinates": [ [ [ 73.104783799894278, 18.983360300515162 ], [ 73.105163601085778, 18.983364189249006 ], [ 73.105160535546489, 18.98363517125436 ], [ 73.104780733741435, 18.983631282460877 ], [ 73.104783799894278, 18.983360300515162 ] ] ] } },
{ "type": "Feature", "properties": { "plot_id": "M-8063", "property_owner": "Neha Verma", "plot_area": 1200.0, "property_type": "Vacant" }, "geometry": { "type": "Polygon", "coordinates": [ [ [ 73.105163601085778, 18.983364189249006 ], [ 73.105543402369847, 18.983368077204513 ], [ 73.105540337444125, 18.983639059269485 ], [ 73.105160535546489, 18.98363517125436 ], [ 73.105163601085778, 18.983364189249006 ] ] ] } },
{ "type": "Feature", "properties": { "plot_id": "M-8064", "property_owner": "Amit Sharma", "plot_area": 1200.0, "property_type": "Vacant" }, "geometry": { "type": "Polygon", "coordinates": [ [ [ 73.105543402369847, 18.983368077204513 ], [ 73.105923203746428, 18.983371964381682 ], [ 73.105920139434261, 18.983642946506276 ], [ 73.105540337444125, 18.983639059269485 ], [ 73.105543402369847, 18.983368077204513 ] ] ] } },
{ "type": "Feature", "properties": { "plot_id": "M-8065", "property_owner": "Rajesh Kumar", "plot_area": 1200.0, "property_type": "Mixed Use" }, "geometry": { "type": "Polygon", "coordinates": [ [ [ 73.105923203746428, 18.983371964381682 ], [ 73.106303005215551, 18.983375850780515 ], [ 73.106299941516937, 18.983646832964713 ], [ 73.105920139434261, 18.983642946506276 ], [ 73.105923203746428, 18.983371964381682 ] ] ] } },
{ "type": "Feature", "properties": { "plot_id": "M-8066", "property_owner": "Sunita Pawar", "plot_area": 1200.0, "property_type": "Commercial" }, "geometry": { "type": "Polygon", "coordinates": [ [ [ 73.106303005215551, 18.983375850780515 ], [ 73.106682806777158, 18.983379736401009 ], [ 73.106679743692112, 18.9836507186448 ], [ 73.106299941516937, 18.983646832964713 ], [ 73.106303005215551, 18.983375850780515 ] ] ] } },
{ "type": "Feature", "properties": { "plot_id": "M-8067", "property_owner": "Sunita Pawar", "plot_area": 1200.0, "property_type": "Residential" }, "geometry": { "type": "Polygon", "coordinates": [ [ [ 73.106682806777158, 18.983379736401009 ], [ 73.107062608431235, 18.98338362124316 ], [ 73.107059545959757, 18.98365460354653 ], [ 73.106679743692112, 18.9836507186448 ], [ 73.106682806777158, 18.983379736401009 ] ] ] } },
{ "type": "Feature", "properties": { "plot_id": "M-8068", "property_owner": "Neha Verma", "plot_area": 1200.0, "property_type": "Commercial" }, "geometry": { "type": "Polygon", "coordinates": [ [ [ 73.107062608431235, 18.98338362124316 ], [ 73.107442410177782, 18.983387505306982 ], [ 73.107439348319872, 18.983658487669917 ], [ 73.107059545959757, 18.98365460354653 ], [ 73.107062608431235, 18.98338362124316 ] ] ] } },
{ "type": "Feature", "properties": { "plot_id": "M-8069", "property_owner": "Amit Sharma", "plot_area": 1200.0, "property_type": "Mixed Use" }, "geometry": { "type": "Polygon", "coordinates": [ [ [ 73.107442410177782, 18.983387505306982 ], [ 73.107822212016771, 18.983391388592459 ], [ 73.107819150772428, 18.983662371014951 ], [ 73.107439348319872, 18.983658487669917 ], [ 73.107442410177782, 18.983387505306982 ] ] ] } },
{ "type": "Feature", "properties": { "plot_id": "M-8070", "property_owner": "Amit Sharma", "plot_area": 1200.0, "property_type": "Residential" }, "geometry": { "type": "Polygon", "coordinates": [ [ [ 73.107822212016771, 18.983391388592459 ], [ 73.108202013948187, 18.983395271099592 ], [ 73.108198953317412, 18.983666253581628 ], [ 73.107819150772428, 18.983662371014951 ], [ 73.107822212016771, 18.983391388592459 ] ] ] } },
{ "type": "Feature", "properties": { "plot_id": "M-8071", "property_owner": "Mahesh Deshmukh", "plot_area": 1200.0, "property_type": "Mixed Use" }, "geometry": { "type": "Polygon", "coordinates": [ [ [ 73.108202013948187, 18.983395271099592 ], [ 73.108581815972016, 18.983399152828387 ], [ 73.108578755954809, 18.983670135369955 ], [ 73.108198953317412, 18.983666253581628 ], [ 73.108202013948187, 18.983395271099592 ] ] ] } },
{ "type": "Feature", "properties": { "plot_id": "M-8072", "property_owner": "Rohit Kulkarni", "plot_area": 1200.0, "property_type": "Residential" }, "geometry": { "type": "Polygon", "coordinates": [ [ [ 73.108581815972016, 18.983399152828387 ], [ 73.108961618088216, 18.983403033778838 ], [ 73.108958558684577, 18.983674016379929 ], [ 73.108578755954809, 18.983670135369955 ], [ 73.108581815972016, 18.983399152828387 ] ] ] } },
{ "type": "Feature", "properties": { "plot_id": "M-8073", "property_owner": "Suresh Patil", "plot_area": 1200.0, "property_type": "Mixed Use" }, "geometry": { "type": "Polygon", "coordinates": [ [ [ 73.108961618088216, 18.983403033778838 ], [ 73.109341420296801, 18.983406913950944 ], [ 73.109338361506715, 18.983677896611542 ], [ 73.108958558684577, 18.983674016379929 ], [ 73.108961618088216, 18.983403033778838 ] ] ] } },
{ "type": "Feature", "properties": { "plot_id": "M-8074", "property_owner": "Neha Verma", "plot_area": 1200.0, "property_type": "Commercial" }, "geometry": { "type": "Polygon", "coordinates": [ [ [ 73.109341420296801, 18.983406913950944 ], [ 73.109721222597713, 18.983410793344703 ], [ 73.10971816442121, 18.983681776064802 ], [ 73.109338361506715, 18.983677896611542 ], [ 73.109341420296801, 18.983406913950944 ] ] ] } },
{ "type": "Feature", "properties": { "plot_id": "M-8075", "property_owner": "Rajesh Kumar", "plot_area": 1200.0, "property_type": "Commercial" }, "geometry": { "type": "Polygon", "coordinates": [ [ [ 73.100223119306662, 18.983584556228326 ], [ 73.100602919999616, 18.983588454361907 ], [ 73.100599847045473, 18.983859435642401 ], [ 73.100220045738951, 18.983855537449035 ], [ 73.100223119306662, 18.983584556228326 ] ] ] } },
{ "type": "Feature", "properties": { "plot_id": "M-8076", "property_owner": "Mahesh Deshmukh", "plot_area": 1200.0, "property_type": "Residential" }, "geometry": { "type": "Polygon", "coordinates": [ [ [ 73.100602919999616, 18.983588454361907 ], [ 73.100982720785368, 18.98359235171716 ], [ 73.100979648444778, 18.983863333057418 ], [ 73.100599847045473, 18.983859435642401 ], [ 73.100602919999616, 18.983588454361907 ] ] ] } },
{ "type": "Feature", "properties": { "plot_id": "M-8077", "property_owner": "Suresh Patil", "plot_area": 1200.0, "property_type": "Vacant" }, "geometry": { "type": "Polygon", "coordinates": [ [ [ 73.100982720785368, 18.98359235171716 ], [ 73.101362521663859, 18.983596248294067 ], [ 73.101359449936837, 18.983867229694081 ], [ 73.100979648444778, 18.983863333057418 ], [ 73.100982720785368, 18.98359235171716 ] ] ] } },
{ "type": "Feature", "properties": { "plot_id": "M-8078", "property_owner": "Suresh Patil", "plot_area": 1200.0, "property_type": "Commercial" }, "geometry": { "type": "Polygon", "coordinates": [ [ [ 73.101362521663859, 18.983596248294067 ], [ 73.101742322635104, 18.983600144092634 ], [ 73.10173925152165, 18.983871125552401 ], [ 73.101359449936837, 18.983867229694081 ], [ 73.101362521663859, 18.983596248294067 ] ] ] } },
{ "type": "Feature", "properties": { "plot_id": "M-8079", "property_owner": "Amit Sharma", "plot_area": 1200.0, "property_type": "Vacant" }, "geometry": { "type": "Polygon", "coordinates": [ [ [ 73.101742322635104, 18.983600144092634 ], [ 73.102122123699075, 18.983604039112862 ], [ 73.102119053199175, 18.983875020632361 ], [ 73.10173925152165, 18.983871125552401 ], [ 73.101742322635104, 18.983600144092634 ] ] ] } },
{ "type": "Feature", "properties": { "plot_id": "M-8080", "property_owner": "Sunita Pawar", "plot_area": 1200.0, "property_type": "Commercial" }, "geometry": { "type": "Polygon", "coordinates": [ [ [ 73.102122123699075, 18.983604039112862 ], [ 73.10250192485573, 18.983607933354751 ], [ 73.102498854969411, 18.983878914933975 ], [ 73.102119053199175, 18.983875020632361 ], [ 73.102122123699075, 18.983604039112862 ] ] ] } },
{ "type": "Feature", "properties": { "plot_id": "M-8081", "property_owner": "Neha Verma", "plot_area": 1200.0, "property_type": "Vacant" }, "geometry": { "type": "Polygon", "coordinates": [ [ [ 73.10250192485573, 18.983607933354751 ], [ 73.102881726105082, 18.983611826818294 ], [ 73.102878656832317, 18.983882808457231 ], [ 73.102498854969411, 18.983878914933975 ], [ 73.10250192485573, 18.983607933354751 ] ] ] } },
{ "type": "Feature", "properties": { "plot_id": "M-8082", "property_owner": "Priya Singh", "plot_area": 1200.0, "property_type": "Commercial" }, "geometry": { "type": "Polygon", "coordinates": [ [ [ 73.102881726105082, 18.983611826818294 ], [ 73.103261527447103, 18.983615719503497 ], [ 73.103258458787906, 18.983886701202131 ], [ 73.102878656832317, 18.983882808457231 ], [ 73.102881726105082, 18.983611826818294 ] ] ] } },
{ "type": "Feature", "properties": { "plot_id": "M-8083", "property_owner": "Neha Verma", "plot_area": 1200.0, "property_type": "Vacant" }, "geometry": { "type": "Polygon", "coordinates": [ [ [ 73.103261527447103, 18.983615719503497 ], [ 73.103641328881764, 18.983619611410361 ], [ 73.103638260836121, 18.983890593168685 ], [ 73.103258458787906, 18.983886701202131 ], [ 73.103261527447103, 18.983615719503497 ] ] ] } },
{ "type": "Feature", "properties": { "plot_id": "M-8084", "property_owner": "Vijay More", "plot_area": 1200.0, "property_type": "Vacant" }, "geometry": { "type": "Polygon", "coordinates": [ [ [ 73.103641328881764, 18.983619611410361 ], [ 73.104021130409038, 18.98362350253888 ], [ 73.104018062976991, 18.983894484356874 ], [ 73.103638260836121, 18.983890593168685 ], [ 73.103641328881764, 18.983619611410361 ] ] ] } },
{ "type": "Feature", "properties": { "plot_id": "M-8085", "property_owner": "Sunita Pawar", "plot_area": 1200.0, "property_type": "Vacant" }, "geometry": { "type": "Polygon", "coordinates": [ [ [ 73.104021130409038, 18.98362350253888 ], [ 73.104400932028938, 18.983627392889051 ], [ 73.104397865210458, 18.983898374766714 ], [ 73.104018062976991, 18.983894484356874 ], [ 73.104021130409038, 18.98362350253888 ] ] ] } },
{ "type": "Feature", "properties": { "plot_id": "M-8086", "property_owner": "Suresh Patil", "plot_area": 1200.0, "property_type": "Commercial" }, "geometry": { "type": "Polygon", "coordinates": [ [ [ 73.104400932028938, 18.983627392889051 ], [ 73.104780733741435, 18.983631282460877 ], [ 73.10477766753651, 18.983902264398189 ], [ 73.104397865210458, 18.983898374766714 ], [ 73.104400932028938, 18.983627392889051 ] ] ] } },
{ "type": "Feature", "properties": { "plot_id": "M-8087", "property_owner": "Priya Singh", "plot_area": 1200.0, "property_type": "Residential" }, "geometry": { "type": "Polygon", "coordinates": [ [ [ 73.104780733741435, 18.983631282460877 ], [ 73.105160535546489, 18.98363517125436 ], [ 73.105157469955145, 18.983906153251311 ], [ 73.10477766753651, 18.983902264398189 ], [ 73.104780733741435, 18.983631282460877 ] ] ] } },
{ "type": "Feature", "properties": { "plot_id": "M-8088", "property_owner": "Vijay More", "plot_area": 1200.0, "property_type": "Residential" }, "geometry": { "type": "Polygon", "coordinates": [ [ [ 73.105160535546489, 18.98363517125436 ], [ 73.105540337444125, 18.983639059269485 ], [ 73.10553727246635, 18.983910041326073 ], [ 73.105157469955145, 18.983906153251311 ], [ 73.105160535546489, 18.98363517125436 ] ] ] } },
{ "type": "Feature", "properties": { "plot_id": "M-8089", "property_owner": "Mahesh Deshmukh", "plot_area": 1200.0, "property_type": "Commercial" }, "geometry": { "type": "Polygon", "coordinates": [ [ [ 73.105540337444125, 18.983639059269485 ], [ 73.105920139434261, 18.983642946506276 ], [ 73.105917075070067, 18.983913928622471 ], [ 73.10553727246635, 18.983910041326073 ], [ 73.105540337444125, 18.983639059269485 ] ] ] } },
{ "type": "Feature", "properties": { "plot_id": "M-8090", "property_owner": "Mahesh Deshmukh", "plot_area": 1200.0, "property_type": "Commercial" }, "geometry": { "type": "Polygon", "coordinates": [ [ [ 73.105920139434261, 18.983642946506276 ], [ 73.106299941516937, 18.983646832964713 ], [ 73.106296877766312, 18.983917815140511 ], [ 73.105917075070067, 18.983913928622471 ], [ 73.105920139434261, 18.983642946506276 ] ] ] } },
{ "type": "Feature", "properties": { "plot_id": "M-8091", "property_owner": "Rajesh Kumar", "plot_area": 1200.0, "property_type": "Residential" }, "geometry": { "type": "Polygon", "coordinates": [ [ [ 73.106299941516937, 18.983646832964713 ], [ 73.106679743692112, 18.9836507186448 ], [ 73.106676680555054, 18.983921700880192 ], [ 73.106296877766312, 18.983917815140511 ], [ 73.106299941516937, 18.983646832964713 ] ] ] } },
{ "type": "Feature", "properties": { "plot_id": "M-8092", "property_owner": "Rajesh Kumar", "plot_area": 1200.0, "property_type": "Commercial" }, "geometry": { "type": "Polygon", "coordinates": [ [ [ 73.106679743692112, 18.9836507186448 ], [ 73.107059545959757, 18.98365460354653 ], [ 73.107056483436281, 18.983925585841508 ], [ 73.106676680555054, 18.983921700880192 ], [ 73.106679743692112, 18.9836507186448 ] ] ] } },
{ "type": "Feature", "properties": { "plot_id": "M-8093", "property_owner": "Suresh Patil", "plot_area": 1200.0, "property_type": "Residential" }, "geometry": { "type": "Polygon", "coordinates": [ [ [ 73.107059545959757, 18.98365460354653 ], [ 73.107439348319872, 18.983658487669917 ], [ 73.107436286409964, 18.983929470024457 ], [ 73.107056483436281, 18.983925585841508 ], [ 73.107059545959757, 18.98365460354653 ] ] ] } },
{ "type": "Feature", "properties": { "plot_id": "M-8094", "property_owner": "Vijay More", "plot_area": 1200.0, "property_type": "Residential" }, "geometry": { "type": "Polygon", "coordinates": [ [ [ 73.107439348319872, 18.983658487669917 ], [ 73.107819150772428, 18.983662371014951 ], [ 73.107816089476103, 18.983933353429048 ], [ 73.107436286409964, 18.983929470024457 ], [ 73.107439348319872, 18.983658487669917 ] ] ] } },
{ "type": "Feature", "properties": { "plot_id": "M-8095", "property_owner": "Sunita Pawar", "plot_area": 1200.0, "property_type": "Commercial" }, "geometry": { "type": "Polygon", "coordinates": [ [ [ 73.107819150772428, 18.983662371014951 ], [ 73.108198953317412, 18.983666253581628 ], [ 73.108195892634654, 18.983937236055276 ], [ 73.107816089476103, 18.983933353429048 ], [ 73.107819150772428, 18.983662371014951 ] ] ] } },
{ "type": "Feature", "properties": { "plot_id": "M-8096", "property_owner": "Neha Verma", "plot_area": 1200.0, "property_type": "Vacant" }, "geometry": { "type": "Polygon", "coordinates": [ [ [ 73.108198953317412, 18.983666253581628 ], [ 73.108578755954809, 18.983670135369955 ], [ 73.108575695885619, 18.983941117903132 ], [ 73.108195892634654, 18.983937236055276 ], [ 73.108198953317412, 18.983666253581628 ] ] ] } },
{ "type": "Feature", "properties": { "plot_id": "M-8097", "property_owner": "Priya Singh", "plot_area": 1200.0, "property_type": "Commercial" }, "geometry": { "type": "Polygon", "coordinates": [ [ [ 73.108578755954809, 18.983670135369955 ], [ 73.108958558684577, 18.983674016379929 ], [ 73.108955499228969, 18.983944998972621 ], [ 73.108575695885619, 18.983941117903132 ], [ 73.108578755954809, 18.983670135369955 ] ] ] } },
{ "type": "Feature", "properties": { "plot_id": "M-8098", "property_owner": "Mahesh Deshmukh", "plot_area": 1200.0, "property_type": "Vacant" }, "geometry": { "type": "Polygon", "coordinates": [ [ [ 73.108958558684577, 18.983674016379929 ], [ 73.109338361506715, 18.983677896611542 ], [ 73.109335302664704, 18.983948879263743 ], [ 73.108955499228969, 18.983944998972621 ], [ 73.108958558684577, 18.983674016379929 ] ] ] } },
{ "type": "Feature", "properties": { "plot_id": "M-8099", "property_owner": "Priya Singh", "plot_area": 1200.0, "property_type": "Vacant" }, "geometry": { "type": "Polygon", "coordinates": [ [ [ 73.109338361506715, 18.983677896611542 ], [ 73.10971816442121, 18.983681776064802 ], [ 73.109715106192766, 18.9839527587765 ], [ 73.109335302664704, 18.983948879263743 ], [ 73.109338361506715, 18.983677896611542 ] ] ] } },
{ "type": "Feature", "properties": { "plot_id": "M-8100", "property_owner": "Anita Joshi", "plot_area": 1248.0, "property_type": "Commercial" }, "geometry": { "type": "Polygon", "coordinates": [ [ [ 73.100220045738951, 18.983855537449035 ], [ 73.100599847045473, 18.983859435642401 ], [ 73.100596774039133, 18.984130416914482 ], [ 73.100216972119028, 18.984126518661331 ], [ 73.100220045738951, 18.983855537449035 ] ] ] } },
{ "type": "Feature", "properties": { "plot_id": "M-8101", "property_owner": "Suresh Patil", "plot_area": 1200.0, "property_type": "Residential" }, "geometry": { "type": "Polygon", "coordinates": [ [ [ 73.100599847045473, 18.983859435642401 ], [ 73.100979648444778, 18.983863333057418 ], [ 73.10097657605202, 18.984134314389269 ], [ 73.100596774039133, 18.984130416914482 ], [ 73.100599847045473, 18.983859435642401 ] ] ] } },
{ "type": "Feature", "properties": { "plot_id": "M-8102", "property_owner": "Anita Joshi", "plot_area": 1200.0, "property_type": "Mixed Use" }, "geometry": { "type": "Polygon", "coordinates": [ [ [ 73.100979648444778, 18.983863333057418 ], [ 73.101359449936837, 18.983867229694081 ], [ 73.101356378157647, 18.984138211085696 ], [ 73.10097657605202, 18.984134314389269 ], [ 73.100979648444778, 18.983863333057418 ] ] ] } },
{ "type": "Feature", "properties": { "plot_id": "M-8103", "property_owner": "Anita Joshi", "plot_area": 1200.0, "property_type": "Vacant" }, "geometry": { "type": "Polygon", "coordinates": [ [ [ 73.101359449936837, 18.983867229694081 ], [ 73.10173925152165, 18.983871125552401 ], [ 73.101736180356028, 18.984142107003759 ], [ 73.101356378157647, 18.984138211085696 ], [ 73.101359449936837, 18.983867229694081 ] ] ] } },
{ "type": "Feature", "properties": { "plot_id": "M-8104", "property_owner": "Rohit Kulkarni", "plot_area": 1200.0, "property_type": "Residential" }, "geometry": { "type": "Polygon", "coordinates": [ [ [ 73.10173925152165, 18.983871125552401 ], [ 73.102119053199175, 18.983875020632361 ], [ 73.102115982647135, 18.984146002143461 ], [ 73.101736180356028, 18.984142107003759 ], [ 73.10173925152165, 18.983871125552401 ] ] ] } },
{ "type": "Feature", "properties": { "plot_id": "M-8105", "property_owner": "Suresh Patil", "plot_area": 1200.0, "property_type": "Residential" }, "geometry": { "type": "Polygon", "coordinates": [ [ [ 73.102119053199175, 18.983875020632361 ], [ 73.102498854969411, 18.983878914933975 ], [ 73.102495785030939, 18.984149896504789 ], [ 73.102115982647135, 18.984146002143461 ], [ 73.102119053199175, 18.983875020632361 ] ] ] } },
{ "type": "Feature", "properties": { "plot_id": "M-8106", "property_owner": "Anita Joshi", "plot_area": 1200.0, "property_type": "Mixed Use" }, "geometry": { "type": "Polygon", "coordinates": [ [ [ 73.102498854969411, 18.983878914933975 ], [ 73.102878656832317, 18.983882808457231 ], [ 73.102875587507427, 18.984153790087763 ], [ 73.102495785030939, 18.984149896504789 ], [ 73.102498854969411, 18.983878914933975 ] ] ] } },
{ "type": "Feature", "properties": { "plot_id": "M-8107", "property_owner": "Suresh Patil", "plot_area": 1200.0, "property_type": "Commercial" }, "geometry": { "type": "Polygon", "coordinates": [ [ [ 73.102878656832317, 18.983882808457231 ], [ 73.103258458787906, 18.983886701202131 ], [ 73.103255390076583, 18.984157682892366 ], [ 73.102875587507427, 18.984153790087763 ], [ 73.102878656832317, 18.983882808457231 ] ] ] } },
{ "type": "Feature", "properties": { "plot_id": "M-8108", "property_owner": "Priya Singh", "plot_area": 1200.0, "property_type": "Commercial" }, "geometry": { "type": "Polygon", "coordinates": [ [ [ 73.103258458787906, 18.983886701202131 ], [ 73.103638260836121, 18.983890593168685 ], [ 73.103635192738395, 18.984161574918602 ], [ 73.103255390076583, 18.984157682892366 ], [ 73.103258458787906, 18.983886701202131 ] ] ] } },
{ "type": "Feature", "properties": { "plot_id": "M-8109", "property_owner": "Sunita Pawar", "plot_area": 1200.0, "property_type": "Vacant" }, "geometry": { "type": "Polygon", "coordinates": [ [ [ 73.103638260836121, 18.983890593168685 ], [ 73.104018062976991, 18.983894484356874 ], [ 73.104014995492832, 18.98416546616647 ], [ 73.103635192738395, 18.984161574918602 ], [ 73.103638260836121, 18.983890593168685 ] ] ] } },
{ "type": "Feature", "properties": { "plot_id": "M-8110", "property_owner": "Amit Sharma", "plot_area": 1200.0, "property_type": "Vacant" }, "geometry": { "type": "Polygon", "coordinates": [ [ [ 73.104018062976991, 18.983894484356874 ], [ 73.104397865210458, 18.983898374766714 ], [ 73.104394798339882, 18.984169356635974 ], [ 73.104014995492832, 18.98416546616647 ], [ 73.104018062976991, 18.983894484356874 ] ] ] } },
{ "type": "Feature", "properties": { "plot_id": "M-8111", "property_owner": "Amit Sharma", "plot_area": 1200.0, "property_type": "Mixed Use" }, "geometry": { "type": "Polygon", "coordinates": [ [ [ 73.104397865210458, 18.983898374766714 ], [ 73.10477766753651, 18.983902264398189 ], [ 73.10477460127953, 18.984173246327103 ], [ 73.104394798339882, 18.984169356635974 ], [ 73.104397865210458, 18.983898374766714 ] ] ] } },
{ "type": "Feature", "properties": { "plot_id": "M-8112", "property_owner": "Rohit Kulkarni", "plot_area": 1200.0, "property_type": "Commercial" }, "geometry": { "type": "Polygon", "coordinates": [ [ [ 73.10477766753651, 18.983902264398189 ], [ 73.105157469955145, 18.983906153251311 ], [ 73.105154404311733, 18.984177135239861 ], [ 73.10477460127953, 18.984173246327103 ], [ 73.10477766753651, 18.983902264398189 ] ] ] } },
{ "type": "Feature", "properties": { "plot_id": "M-8113", "property_owner": "Suresh Patil", "plot_area": 1200.0, "property_type": "Vacant" }, "geometry": { "type": "Polygon", "coordinates": [ [ [ 73.105157469955145, 18.983906153251311 ], [ 73.10553727246635, 18.983910041326073 ], [ 73.105534207436506, 18.984181023374251 ], [ 73.105154404311733, 18.984177135239861 ], [ 73.105157469955145, 18.983906153251311 ] ] ] } },
{ "type": "Feature", "properties": { "plot_id": "M-8114", "property_owner": "Sunita Pawar", "plot_area": 1200.0, "property_type": "Residential" }, "geometry": { "type": "Polygon", "coordinates": [ [ [ 73.10553727246635, 18.983910041326073 ], [ 73.105917075070067, 18.983913928622471 ], [ 73.105914010653819, 18.984184910730267 ], [ 73.105534207436506, 18.984181023374251 ], [ 73.10553727246635, 18.983910041326073 ] ] ] } },
{ "type": "Feature", "properties": { "plot_id": "M-8115", "property_owner": "Rajesh Kumar", "plot_area": 1200.0, "property_type": "Residential" }, "geometry": { "type": "Polygon", "coordinates": [ [ [ 73.105917075070067, 18.983913928622471 ], [ 73.106296877766312, 18.983917815140511 ], [ 73.106293813963646, 18.984188797307912 ], [ 73.105914010653819, 18.984184910730267 ], [ 73.105917075070067, 18.983913928622471 ] ] ] } },
{ "type": "Feature", "properties": { "plot_id": "M-8116", "property_owner": "Suresh Patil", "plot_area": 1200.0, "property_type": "Commercial" }, "geometry": { "type": "Polygon", "coordinates": [ [ [ 73.106296877766312, 18.983917815140511 ], [ 73.106676680555054, 18.983921700880192 ], [ 73.106673617365971, 18.984192683107178 ], [ 73.106293813963646, 18.984188797307912 ], [ 73.106296877766312, 18.983917815140511 ] ] ] } },
{ "type": "Feature", "properties": { "plot_id": "M-8117", "property_owner": "Amit Sharma", "plot_area": 1200.0, "property_type": "Vacant" }, "geometry": { "type": "Polygon", "coordinates": [ [ [ 73.106676680555054, 18.983921700880192 ], [ 73.107056483436281, 18.983925585841508 ], [ 73.107053420860794, 18.984196568128077 ], [ 73.106673617365971, 18.984192683107178 ], [ 73.106676680555054, 18.983921700880192 ] ] ] } },
{ "type": "Feature", "properties": { "plot_id": "M-8118", "property_owner": "Rohit Kulkarni", "plot_area": 1200.0, "property_type": "Vacant" }, "geometry": { "type": "Polygon", "coordinates": [ [ [ 73.107056483436281, 18.983925585841508 ], [ 73.107436286409964, 18.983929470024457 ], [ 73.107433224448059, 18.984200452370597 ], [ 73.107053420860794, 18.984196568128077 ], [ 73.107056483436281, 18.983925585841508 ] ] ] } },
{ "type": "Feature", "properties": { "plot_id": "M-8119", "property_owner": "Priya Singh", "plot_area": 1200.0, "property_type": "Vacant" }, "geometry": { "type": "Polygon", "coordinates": [ [ [ 73.107436286409964, 18.983929470024457 ], [ 73.107816089476103, 18.983933353429048 ], [ 73.107813028127779, 18.984204335834747 ], [ 73.107433224448059, 18.984200452370597 ], [ 73.107436286409964, 18.983929470024457 ] ] ] } },
{ "type": "Feature", "properties": { "plot_id": "M-8120", "property_owner": "Rajesh Kumar", "plot_area": 1200.0, "property_type": "Commercial" }, "geometry": { "type": "Polygon", "coordinates": [ [ [ 73.107816089476103, 18.983933353429048 ], [ 73.108195892634654, 18.983937236055276 ], [ 73.108192831899927, 18.984208218520511 ], [ 73.107813028127779, 18.984204335834747 ], [ 73.107816089476103, 18.983933353429048 ] ] ] } },
{ "type": "Feature", "properties": { "plot_id": "M-8121", "property_owner": "Anita Joshi", "plot_area": 1200.0, "property_type": "Residential" }, "geometry": { "type": "Polygon", "coordinates": [ [ [ 73.108195892634654, 18.983937236055276 ], [ 73.108575695885619, 18.983941117903132 ], [ 73.108572635764475, 18.9842121004279 ], [ 73.108192831899927, 18.984208218520511 ], [ 73.108195892634654, 18.983937236055276 ] ] ] } },
{ "type": "Feature", "properties": { "plot_id": "M-8122", "property_owner": "Anita Joshi", "plot_area": 1200.0, "property_type": "Mixed Use" }, "geometry": { "type": "Polygon", "coordinates": [ [ [ 73.108575695885619, 18.983941117903132 ], [ 73.108955499228969, 18.983944998972621 ], [ 73.108952439721421, 18.984215981556915 ], [ 73.108572635764475, 18.9842121004279 ], [ 73.108575695885619, 18.983941117903132 ] ] ] } },
{ "type": "Feature", "properties": { "plot_id": "M-8123", "property_owner": "Rohit Kulkarni", "plot_area": 1200.0, "property_type": "Mixed Use" }, "geometry": { "type": "Polygon", "coordinates": [ [ [ 73.108955499228969, 18.983944998972621 ], [ 73.109335302664704, 18.983948879263743 ], [ 73.109332243770723, 18.984219861907548 ], [ 73.108952439721421, 18.984215981556915 ], [ 73.108955499228969, 18.983944998972621 ] ] ] } },
{ "type": "Feature", "properties": { "plot_id": "M-8124", "property_owner": "Anita Joshi", "plot_area": 1200.0, "property_type": "Vacant" }, "geometry": { "type": "Polygon", "coordinates": [ [ [ 73.109335302664704, 18.983948879263743 ], [ 73.109715106192766, 18.9839527587765 ], [ 73.109712047912382, 18.984223741479802 ], [ 73.109332243770723, 18.984219861907548 ], [ 73.109335302664704, 18.983948879263743 ] ] ] } },
{ "type": "Feature", "properties": { "plot_id": "M-8125", "property_owner": "Amit Sharma", "plot_area": 1200.0, "property_type": "Commercial" }, "geometry": { "type": "Polygon", "coordinates": [ [ [ 73.100216972119028, 18.984126518661331 ], [ 73.100596774039133, 18.984130416914482 ], [ 73.100593700980596, 18.984401398178161 ], [ 73.100213898446924, 18.984397499865228 ], [ 73.100216972119028, 18.984126518661331 ] ] ] } },
{ "type": "Feature", "properties": { "plot_id": "M-8126", "property_owner": "Neha Verma", "plot_area": 1200.0, "property_type": "Commercial" }, "geometry": { "type": "Polygon", "coordinates": [ [ [ 73.100596774039133, 18.984130416914482 ], [ 73.10097657605202, 18.984134314389269 ], [ 73.100973503607065, 18.984405295712719 ], [ 73.100593700980596, 18.984401398178161 ], [ 73.100596774039133, 18.984130416914482 ] ] ] } },
{ "type": "Feature", "properties": { "plot_id": "M-8127", "property_owner": "Rajesh Kumar", "plot_area": 1200.0, "property_type": "Residential" }, "geometry": { "type": "Polygon", "coordinates": [ [ [ 73.10097657605202, 18.984134314389269 ], [ 73.101356378157647, 18.984138211085696 ], [ 73.101353306326303, 18.984409192468902 ], [ 73.100973503607065, 18.984405295712719 ], [ 73.10097657605202, 18.984134314389269 ] ] ] } },
{ "type": "Feature", "properties": { "plot_id": "M-8128", "property_owner": "Vijay More", "plot_area": 1200.0, "property_type": "Residential" }, "geometry": { "type": "Polygon", "coordinates": [ [ [ 73.101356378157647, 18.984138211085696 ], [ 73.101736180356028, 18.984142107003759 ], [ 73.101733109138252, 18.984413088446715 ], [ 73.101353306326303, 18.984409192468902 ], [ 73.101356378157647, 18.984138211085696 ] ] ] } },
{ "type": "Feature", "properties": { "plot_id": "M-8129", "property_owner": "Rajesh Kumar", "plot_area": 1200.0, "property_type": "Vacant" }, "geometry": { "type": "Polygon", "coordinates": [ [ [ 73.101736180356028, 18.984142107003759 ], [ 73.102115982647135, 18.984146002143461 ], [ 73.102112912042941, 18.984416983646149 ], [ 73.101733109138252, 18.984413088446715 ], [ 73.101736180356028, 18.984142107003759 ] ] ] } },
{ "type": "Feature", "properties": { "plot_id": "M-8130", "property_owner": "Sunita Pawar", "plot_area": 1200.0, "property_type": "Commercial" }, "geometry": { "type": "Polygon", "coordinates": [ [ [ 73.102115982647135, 18.984146002143461 ], [ 73.102495785030939, 18.984149896504789 ], [ 73.102492715040327, 18.984420878067212 ], [ 73.102112912042941, 18.984416983646149 ], [ 73.102115982647135, 18.984146002143461 ] ] ] } },
{ "type": "Feature", "properties": { "plot_id": "M-8131", "property_owner": "Rajesh Kumar", "plot_area": 1200.0, "property_type": "Residential" }, "geometry": { "type": "Polygon", "coordinates": [ [ [ 73.102495785030939, 18.984149896504789 ], [ 73.102875587507427, 18.984153790087763 ], [ 73.102872518130411, 18.984424771709893 ], [ 73.102492715040327, 18.984420878067212 ], [ 73.102495785030939, 18.984149896504789 ] ] ] } },
{ "type": "Feature", "properties": { "plot_id": "M-8132", "property_owner": "Amit Sharma", "plot_area": 1200.0, "property_type": "Residential" }, "geometry": { "type": "Polygon", "coordinates": [ [ [ 73.102875587507427, 18.984153790087763 ], [ 73.103255390076583, 18.984157682892366 ], [ 73.103252321313164, 18.9844286645742 ], [ 73.102872518130411, 18.984424771709893 ], [ 73.102875587507427, 18.984153790087763 ] ] ] } },
{ "type": "Feature", "properties": { "plot_id": "M-8133", "property_owner": "Mahesh Deshmukh", "plot_area": 1200.0, "property_type": "Residential" }, "geometry": { "type": "Polygon", "coordinates": [ [ [ 73.103255390076583, 18.984157682892366 ], [ 73.103635192738395, 18.984161574918602 ], [ 73.103632124588572, 18.984432556660124 ], [ 73.103252321313164, 18.9844286645742 ], [ 73.103255390076583, 18.984157682892366 ] ] ] } },
{ "type": "Feature", "properties": { "plot_id": "M-8134", "property_owner": "Priya Singh", "plot_area": 1200.0, "property_type": "Vacant" }, "geometry": { "type": "Polygon", "coordinates": [ [ [ 73.103635192738395, 18.984161574918602 ], [ 73.104014995492832, 18.98416546616647 ], [ 73.104011927956591, 18.984436447967663 ], [ 73.103632124588572, 18.984432556660124 ], [ 73.103635192738395, 18.984161574918602 ] ] ] } },
{ "type": "Feature", "properties": { "plot_id": "M-8135", "property_owner": "Suresh Patil", "plot_area": 1200.0, "property_type": "Commercial" }, "geometry": { "type": "Polygon", "coordinates": [ [ [ 73.104014995492832, 18.98416546616647 ], [ 73.104394798339882, 18.984169356635974 ], [ 73.104391731417223, 18.984440338496825 ], [ 73.104011927956591, 18.984436447967663 ], [ 73.104014995492832, 18.98416546616647 ] ] ] } },
{ "type": "Feature", "properties": { "plot_id": "M-8136", "property_owner": "Mahesh Deshmukh", "plot_area": 1200.0, "property_type": "Residential" }, "geometry": { "type": "Polygon", "coordinates": [ [ [ 73.104394798339882, 18.984169356635974 ], [ 73.10477460127953, 18.984173246327103 ], [ 73.104771534970453, 18.984444228247611 ], [ 73.104391731417223, 18.984440338496825 ], [ 73.104394798339882, 18.984169356635974 ] ] ] } },
{ "type": "Feature", "properties": { "plot_id": "M-8137", "property_owner": "Mahesh Deshmukh", "plot_area": 1200.0, "property_type": "Residential" }, "geometry": { "type": "Polygon", "coordinates": [ [ [ 73.10477460127953, 18.984173246327103 ], [ 73.105154404311733, 18.984177135239861 ], [ 73.105151338616267, 18.984448117220012 ], [ 73.104771534970453, 18.984444228247611 ], [ 73.10477460127953, 18.984173246327103 ] ] ] } },
{ "type": "Feature", "properties": { "plot_id": "M-8138", "property_owner": "Anita Joshi", "plot_area": 1200.0, "property_type": "Mixed Use" }, "geometry": { "type": "Polygon", "coordinates": [ [ [ 73.105154404311733, 18.984177135239861 ], [ 73.105534207436506, 18.984181023374251 ], [ 73.105531142354621, 18.984452005414024 ], [ 73.105151338616267, 18.984448117220012 ], [ 73.105154404311733, 18.984177135239861 ] ] ] } },
{ "type": "Feature", "properties": { "plot_id": "M-8139", "property_owner": "Neha Verma", "plot_area": 1200.0, "property_type": "Commercial" }, "geometry": { "type": "Polygon", "coordinates": [ [ [ 73.105534207436506, 18.984181023374251 ], [ 73.105914010653819, 18.984184910730267 ], [ 73.105910946185531, 18.984455892829658 ], [ 73.105531142354621, 18.984452005414024 ], [ 73.105534207436506, 18.984181023374251 ] ] ] } },
{ "type": "Feature", "properties": { "plot_id": "M-8140", "property_owner": "Vijay More", "plot_area": 1200.0, "property_type": "Commercial" }, "geometry": { "type": "Polygon", "coordinates": [ [ [ 73.105914010653819, 18.984184910730267 ], [ 73.106293813963646, 18.984188797307912 ], [ 73.106290750108954, 18.984459779466906 ], [ 73.105910946185531, 18.984455892829658 ], [ 73.105914010653819, 18.984184910730267 ] ] ] } },
{ "type": "Feature", "properties": { "plot_id": "M-8141", "property_owner": "Neha Verma", "plot_area": 1200.0, "property_type": "Vacant" }, "geometry": { "type": "Polygon", "coordinates": [ [ [ 73.106293813963646, 18.984188797307912 ], [ 73.106673617365971, 18.984192683107178 ], [ 73.106670554124875, 18.984463665325773 ], [ 73.106290750108954, 18.984459779466906 ], [ 73.106293813963646, 18.984188797307912 ] ] ] } },
{ "type": "Feature", "properties": { "plot_id": "M-8142", "property_owner": "Amit Sharma", "plot_area": 1200.0, "property_type": "Mixed Use" }, "geometry": { "type": "Polygon", "coordinates": [ [ [ 73.106673617365971, 18.984192683107178 ], [ 73.107053420860794, 18.984196568128077 ], [ 73.10705035823328, 18.984467550406251 ], [ 73.106670554124875, 18.984463665325773 ], [ 73.106673617365971, 18.984192683107178 ] ] ] } },
{ "type": "Feature", "properties": { "plot_id": "M-8143", "property_owner": "Rohit Kulkarni", "plot_area": 1200.0, "property_type": "Mixed Use" }, "geometry": { "type": "Polygon", "coordinates": [ [ [ 73.107053420860794, 18.984196568128077 ], [ 73.107433224448059, 18.984200452370597 ], [ 73.107430162434142, 18.984471434708343 ], [ 73.10705035823328, 18.984467550406251 ], [ 73.107053420860794, 18.984196568128077 ] ] ] } },
{ "type": "Feature", "properties": { "plot_id": "M-8144", "property_owner": "Suresh Patil", "plot_area": 1200.0, "property_type": "Residential" }, "geometry": { "type": "Polygon", "coordinates": [ [ [ 73.107433224448059, 18.984200452370597 ], [ 73.107813028127779, 18.984204335834747 ], [ 73.107809966727473, 18.98447531823204 ], [ 73.107430162434142, 18.984471434708343 ], [ 73.107433224448059, 18.984200452370597 ] ] ] } },
{ "type": "Feature", "properties": { "plot_id": "M-8145", "property_owner": "Rohit Kulkarni", "plot_area": 1200.0, "property_type": "Residential" }, "geometry": { "type": "Polygon", "coordinates": [ [ [ 73.107813028127779, 18.984204335834747 ], [ 73.108192831899927, 18.984208218520511 ], [ 73.108189771113203, 18.984479200977354 ], [ 73.107809966727473, 18.98447531823204 ], [ 73.107813028127779, 18.984204335834747 ] ] ] } },
{ "type": "Feature", "properties": { "plot_id": "M-8146", "property_owner": "Suresh Patil", "plot_area": 1200.0, "property_type": "Commercial" }, "geometry": { "type": "Polygon", "coordinates": [ [ [ 73.108192831899927, 18.984208218520511 ], [ 73.108572635764475, 18.9842121004279 ], [ 73.108569575591346, 18.98448308294428 ], [ 73.108189771113203, 18.984479200977354 ], [ 73.108192831899927, 18.984208218520511 ] ] ] } },
{ "type": "Feature", "properties": { "plot_id": "M-8147", "property_owner": "Sunita Pawar", "plot_area": 1200.0, "property_type": "Mixed Use" }, "geometry": { "type": "Polygon", "coordinates": [ [ [ 73.108572635764475, 18.9842121004279 ], [ 73.108952439721421, 18.984215981556915 ], [ 73.108949380161889, 18.984486964132813 ], [ 73.108569575591346, 18.98448308294428 ], [ 73.108572635764475, 18.9842121004279 ] ] ] } },
{ "type": "Feature", "properties": { "plot_id": "M-8148", "property_owner": "Amit Sharma", "plot_area": 1200.0, "property_type": "Mixed Use" }, "geometry": { "type": "Polygon", "coordinates": [ [ [ 73.108952439721421, 18.984215981556915 ], [ 73.109332243770723, 18.984219861907548 ], [ 73.109329184824801, 18.984490844542954 ], [ 73.108949380161889, 18.984486964132813 ], [ 73.108952439721421, 18.984215981556915 ] ] ] } },
{ "type": "Feature", "properties": { "plot_id": "M-8149", "property_owner": "Suresh Patil", "plot_area": 1200.0, "property_type": "Commercial" }, "geometry": { "type": "Polygon", "coordinates": [ [ [ 73.109332243770723, 18.984219861907548 ], [ 73.109712047912382, 18.984223741479802 ], [ 73.109708989580071, 18.984494724174699 ], [ 73.109329184824801, 18.984490844542954 ], [ 73.109332243770723, 18.984219861907548 ] ] ] } },
{ "type": "Feature", "properties": { "plot_id": "M-8150", "property_owner": "Vijay More", "plot_area": 1140.0, "property_type": "Mixed Use" }, "geometry": { "type": "Polygon", "coordinates": [ [ [ 73.100213898446924, 18.984397499865228 ], [ 73.100593700980596, 18.984401398178161 ], [ 73.100590627869892, 18.984672379433441 ], [ 73.100210824722609, 18.984668481060719 ], [ 73.100213898446924, 18.984397499865228 ] ] ] } },
{ "type": "Feature", "properties": { "plot_id": "M-8151", "property_owner": "Amit Sharma", "plot_area": 1200.0, "property_type": "Vacant" }, "geometry": { "type": "Polygon", "coordinates": [ [ [ 73.100593700980596, 18.984401398178161 ], [ 73.100973503607065, 18.984405295712719 ], [ 73.100970431109957, 18.98467627702777 ], [ 73.100590627869892, 18.984672379433441 ], [ 73.100593700980596, 18.984401398178161 ] ] ] } },
{ "type": "Feature", "properties": { "plot_id": "M-8152", "property_owner": "Sunita Pawar", "plot_area": 1200.0, "property_type": "Mixed Use" }, "geometry": { "type": "Polygon", "coordinates": [ [ [ 73.100973503607065, 18.984405295712719 ], [ 73.101353306326303, 18.984409192468902 ], [ 73.101350234442762, 18.984680173843714 ], [ 73.100970431109957, 18.98467627702777 ], [ 73.100973503607065, 18.984405295712719 ] ] ] } },
{ "type": "Feature", "properties": { "plot_id": "M-8153", "property_owner": "Mahesh Deshmukh", "plot_area": 1200.0, "property_type": "Residential" }, "geometry": { "type": "Polygon", "coordinates": [ [ [ 73.101353306326303, 18.984409192468902 ], [ 73.101733109138252, 18.984413088446715 ], [ 73.101730037868322, 18.984684069881272 ], [ 73.101350234442762, 18.984680173843714 ], [ 73.101353306326303, 18.984409192468902 ] ] ] } },
{ "type": "Feature", "properties": { "plot_id": "M-8154", "property_owner": "Sunita Pawar", "plot_area": 1200.0, "property_type": "Mixed Use" }, "geometry": { "type": "Polygon", "coordinates": [ [ [ 73.101733109138252, 18.984413088446715 ], [ 73.102112912042941, 18.984416983646149 ], [ 73.102109841386607, 18.984687965140445 ], [ 73.101730037868322, 18.984684069881272 ], [ 73.101733109138252, 18.984413088446715 ] ] ] } },
{ "type": "Feature", "properties": { "plot_id": "M-8155", "property_owner": "Suresh Patil", "plot_area": 1200.0, "property_type": "Commercial" }, "geometry": { "type": "Polygon", "coordinates": [ [ [ 73.102112912042941, 18.984416983646149 ], [ 73.102492715040327, 18.984420878067212 ], [ 73.102489644997604, 18.984691859621229 ], [ 73.102109841386607, 18.984687965140445 ], [ 73.102112912042941, 18.984416983646149 ] ] ] } },
{ "type": "Feature", "properties": { "plot_id": "M-8156", "property_owner": "Neha Verma", "plot_area": 1200.0, "property_type": "Residential" }, "geometry": { "type": "Polygon", "coordinates": [ [ [ 73.102492715040327, 18.984420878067212 ], [ 73.102872518130411, 18.984424771709893 ], [ 73.102869448701284, 18.984695753323621 ], [ 73.102489644997604, 18.984691859621229 ], [ 73.102492715040327, 18.984420878067212 ] ] ] } },
{ "type": "Feature", "properties": { "plot_id": "M-8157", "property_owner": "Suresh Patil", "plot_area": 1200.0, "property_type": "Commercial" }, "geometry": { "type": "Polygon", "coordinates": [ [ [ 73.102872518130411, 18.984424771709893 ], [ 73.103252321313164, 18.9844286645742 ], [ 73.103249252497619, 18.984699646247627 ], [ 73.102869448701284, 18.984695753323621 ], [ 73.102872518130411, 18.984424771709893 ] ] ] } },
{ "type": "Feature", "properties": { "plot_id": "M-8158", "property_owner": "Neha Verma", "plot_area": 1200.0, "property_type": "Mixed Use" }, "geometry": { "type": "Polygon", "coordinates": [ [ [ 73.103252321313164, 18.9844286645742 ], [ 73.103632124588572, 18.984432556660124 ], [ 73.103629056386623, 18.984703538393241 ], [ 73.103249252497619, 18.984699646247627 ], [ 73.103252321313164, 18.9844286645742 ] ] ] } },
{ "type": "Feature", "properties": { "plot_id": "M-8159", "property_owner": "Mahesh Deshmukh", "plot_area": 1200.0, "property_type": "Commercial" }, "geometry": { "type": "Polygon", "coordinates": [ [ [ 73.103632124588572, 18.984432556660124 ], [ 73.104011927956591, 18.984436447967663 ], [ 73.104008860368253, 18.984707429760455 ], [ 73.103629056386623, 18.984703538393241 ], [ 73.103632124588572, 18.984432556660124 ] ] ] } },
{ "type": "Feature", "properties": { "plot_id": "M-8160", "property_owner": "Vijay More", "plot_area": 1200.0, "property_type": "Commercial" }, "geometry": { "type": "Polygon", "coordinates": [ [ [ 73.104011927956591, 18.984436447967663 ], [ 73.104391731417223, 18.984440338496825 ], [ 73.104388664442482, 18.984711320349284 ], [ 73.104008860368253, 18.984707429760455 ], [ 73.104011927956591, 18.984436447967663 ] ] ] } },
{ "type": "Feature", "properties": { "plot_id": "M-8161", "property_owner": "Neha Verma", "plot_area": 1200.0, "property_type": "Vacant" }, "geometry": { "type": "Polygon", "coordinates": [ [ [ 73.104391731417223, 18.984440338496825 ], [ 73.104771534970453, 18.984444228247611 ], [ 73.104768468609322, 18.98471521015972 ], [ 73.104388664442482, 18.984711320349284 ], [ 73.104391731417223, 18.984440338496825 ] ] ] } },
{ "type": "Feature", "properties": { "plot_id": "M-8162", "property_owner": "Neha Verma", "plot_area": 1200.0, "property_type": "Residential" }, "geometry": { "type": "Polygon", "coordinates": [ [ [ 73.104771534970453, 18.984444228247611 ], [ 73.105151338616267, 18.984448117220012 ], [ 73.105148272868718, 18.984719099191761 ], [ 73.104768468609322, 18.98471521015972 ], [ 73.104771534970453, 18.984444228247611 ] ] ] } },
{ "type": "Feature", "properties": { "plot_id": "M-8163", "property_owner": "Suresh Patil", "plot_area": 1200.0, "property_type": "Vacant" }, "geometry": { "type": "Polygon", "coordinates": [ [ [ 73.105151338616267, 18.984448117220012 ], [ 73.105531142354621, 18.984452005414024 ], [ 73.105528077220697, 18.984722987445402 ], [ 73.105148272868718, 18.984719099191761 ], [ 73.105151338616267, 18.984448117220012 ] ] ] } },
{ "type": "Feature", "properties": { "plot_id": "M-8164", "property_owner": "Neha Verma", "plot_area": 1200.0, "property_type": "Residential" }, "geometry": { "type": "Polygon", "coordinates": [ [ [ 73.105531142354621, 18.984452005414024 ], [ 73.105910946185531, 18.984455892829658 ], [ 73.105907881665189, 18.984726874920657 ], [ 73.105528077220697, 18.984722987445402 ], [ 73.105531142354621, 18.984452005414024 ] ] ] } },
{ "type": "Feature", "properties": { "plot_id": "M-8165", "property_owner": "Rajesh Kumar", "plot_area": 1200.0, "property_type": "Mixed Use" }, "geometry": { "type": "Polygon", "coordinates": [ [ [ 73.105910946185531, 18.984455892829658 ], [ 73.106290750108954, 18.984459779466906 ], [ 73.106287686202222, 18.984730761617509 ], [ 73.105907881665189, 18.984726874920657 ], [ 73.105910946185531, 18.984455892829658 ] ] ] } },
{ "type": "Feature", "properties": { "plot_id": "M-8166", "property_owner": "Amit Sharma", "plot_area": 1200.0, "property_type": "Mixed Use" }, "geometry": { "type": "Polygon", "coordinates": [ [ [ 73.106290750108954, 18.984459779466906 ], [ 73.106670554124875, 18.984463665325773 ], [ 73.106667490831754, 18.984734647535962 ], [ 73.106287686202222, 18.984730761617509 ], [ 73.106290750108954, 18.984459779466906 ] ] ] } },
{ "type": "Feature", "properties": { "plot_id": "M-8167", "property_owner": "Amit Sharma", "plot_area": 1200.0, "property_type": "Vacant" }, "geometry": { "type": "Polygon", "coordinates": [ [ [ 73.106670554124875, 18.984463665325773 ], [ 73.10705035823328, 18.984467550406251 ], [ 73.10704729555377, 18.984738532676023 ], [ 73.106667490831754, 18.984734647535962 ], [ 73.106670554124875, 18.984463665325773 ] ] ] } },
{ "type": "Feature", "properties": { "plot_id": "M-8168", "property_owner": "Sunita Pawar", "plot_area": 1200.0, "property_type": "Vacant" }, "geometry": { "type": "Polygon", "coordinates": [ [ [ 73.10705035823328, 18.984467550406251 ], [ 73.107430162434142, 18.984471434708343 ], [ 73.107427100368241, 18.984742417037687 ], [ 73.10704729555377, 18.984738532676023 ], [ 73.10705035823328, 18.984467550406251 ] ] ] } },
{ "type": "Feature", "properties": { "plot_id": "M-8169", "property_owner": "Sunita Pawar", "plot_area": 1200.0, "property_type": "Residential" }, "geometry": { "type": "Polygon", "coordinates": [ [ [ 73.107430162434142, 18.984471434708343 ], [ 73.107809966727473, 18.98447531823204 ], [ 73.107806905275154, 18.984746300620941 ], [ 73.107427100368241, 18.984742417037687 ], [ 73.107430162434142, 18.984471434708343 ] ] ] } },
{ "type": "Feature", "properties": { "plot_id": "M-8170", "property_owner": "Suresh Patil", "plot_area": 1200.0, "property_type": "Residential" }, "geometry": { "type": "Polygon", "coordinates": [ [ [ 73.107809966727473, 18.98447531823204 ], [ 73.108189771113203, 18.984479200977354 ], [ 73.108186710274509, 18.984750183425799 ], [ 73.107806905275154, 18.984746300620941 ], [ 73.107809966727473, 18.98447531823204 ] ] ] } },
{ "type": "Feature", "properties": { "plot_id": "M-8171", "property_owner": "Amit Sharma", "plot_area": 1200.0, "property_type": "Residential" }, "geometry": { "type": "Polygon", "coordinates": [ [ [ 73.108189771113203, 18.984479200977354 ], [ 73.108569575591346, 18.98448308294428 ], [ 73.108566515366263, 18.984754065452254 ], [ 73.108186710274509, 18.984750183425799 ], [ 73.108189771113203, 18.984479200977354 ] ] ] } },
{ "type": "Feature", "properties": { "plot_id": "M-8172", "property_owner": "Vijay More", "plot_area": 1200.0, "property_type": "Commercial" }, "geometry": { "type": "Polygon", "coordinates": [ [ [ 73.108569575591346, 18.98448308294428 ], [ 73.108949380161889, 18.984486964132813 ], [ 73.108946320550416, 18.984757946700309 ], [ 73.108566515366263, 18.984754065452254 ], [ 73.108569575591346, 18.98448308294428 ] ] ] } },
{ "type": "Feature", "properties": { "plot_id": "M-8173", "property_owner": "Anita Joshi", "plot_area": 1200.0, "property_type": "Commercial" }, "geometry": { "type": "Polygon", "coordinates": [ [ [ 73.108949380161889, 18.984486964132813 ], [ 73.109329184824801, 18.984490844542954 ], [ 73.109326125826925, 18.984761827169962 ], [ 73.108946320550416, 18.984757946700309 ], [ 73.108949380161889, 18.984486964132813 ] ] ] } },
{ "type": "Feature", "properties": { "plot_id": "M-8174", "property_owner": "Rajesh Kumar", "plot_area": 1200.0, "property_type": "Mixed Use" }, "geometry": { "type": "Polygon", "coordinates": [ [ [ 73.109329184824801, 18.984490844542954 ], [ 73.109708989580071, 18.984494724174699 ], [ 73.109705931195819, 18.984765706861207 ], [ 73.109326125826925, 18.984761827169962 ], [ 73.109329184824801, 18.984490844542954 ] ] ] } },
{ "type": "Feature", "properties": { "plot_id": "M-8175", "property_owner": "Vijay More", "plot_area": 1200.0, "property_type": "Residential" }, "geometry": { "type": "Polygon", "coordinates": [ [ [ 73.100210824722609, 18.984668481060719 ], [ 73.100590627869892, 18.984672379433441 ], [ 73.100587554706976, 18.984943360680312 ], [ 73.100207750946097, 18.984939462247809 ], [ 73.100210824722609, 18.984668481060719 ] ] ] } },
{ "type": "Feature", "properties": { "plot_id": "M-8176", "property_owner": "Vijay More", "plot_area": 1200.0, "property_type": "Commercial" }, "geometry": { "type": "Polygon", "coordinates": [ [ [ 73.100590627869892, 18.984672379433441 ], [ 73.100970431109957, 18.98467627702777 ], [ 73.100967358560652, 18.984947258334415 ], [ 73.100587554706976, 18.984943360680312 ], [ 73.100590627869892, 18.984672379433441 ] ] ] } },
{ "type": "Feature", "properties": { "plot_id": "M-8177", "property_owner": "Priya Singh", "plot_area": 1200.0, "property_type": "Residential" }, "geometry": { "type": "Polygon", "coordinates": [ [ [ 73.100970431109957, 18.98467627702777 ], [ 73.101350234442762, 18.984680173843714 ], [ 73.101347162507068, 18.984951155210116 ], [ 73.100967358560652, 18.984947258334415 ], [ 73.100970431109957, 18.98467627702777 ] ] ] } },
{ "type": "Feature", "properties": { "plot_id": "M-8178", "property_owner": "Vijay More", "plot_area": 1200.0, "property_type": "Vacant" }, "geometry": { "type": "Polygon", "coordinates": [ [ [ 73.101350234442762, 18.984680173843714 ], [ 73.101730037868322, 18.984684069881272 ], [ 73.101726966546238, 18.984955051307431 ], [ 73.101347162507068, 18.984951155210116 ], [ 73.101350234442762, 18.984680173843714 ] ] ] } },
{ "type": "Feature", "properties": { "plot_id": "M-8179", "property_owner": "Mahesh Deshmukh", "plot_area": 1200.0, "property_type": "Commercial" }, "geometry": { "type": "Polygon", "coordinates": [ [ [ 73.101730037868322, 18.984684069881272 ], [ 73.102109841386607, 18.984687965140445 ], [ 73.102106770678134, 18.984958946626335 ], [ 73.101726966546238, 18.984955051307431 ], [ 73.101730037868322, 18.984684069881272 ] ] ] } },
{ "type": "Feature", "properties": { "plot_id": "M-8180", "property_owner": "Priya Singh", "plot_area": 1200.0, "property_type": "Commercial" }, "geometry": { "type": "Polygon", "coordinates": [ [ [ 73.102109841386607, 18.984687965140445 ], [ 73.102489644997604, 18.984691859621229 ], [ 73.102486574902727, 18.984962841166841 ], [ 73.102106770678134, 18.984958946626335 ], [ 73.102109841386607, 18.984687965140445 ] ] ] } },
{ "type": "Feature", "properties": { "plot_id": "M-8181", "property_owner": "Amit Sharma", "plot_area": 1200.0, "property_type": "Vacant" }, "geometry": { "type": "Polygon", "coordinates": [ [ [ 73.102489644997604, 18.984691859621229 ], [ 73.102869448701284, 18.984695753323621 ], [ 73.102866379220018, 18.984966734928946 ], [ 73.102486574902727, 18.984962841166841 ], [ 73.102489644997604, 18.984691859621229 ] ] ] } },
{ "type": "Feature", "properties": { "plot_id": "M-8182", "property_owner": "Rajesh Kumar", "plot_area": 1200.0, "property_type": "Commercial" }, "geometry": { "type": "Polygon", "coordinates": [ [ [ 73.102869448701284, 18.984695753323621 ], [ 73.103249252497619, 18.984699646247627 ], [ 73.103246183629963, 18.984970627912652 ], [ 73.102866379220018, 18.984966734928946 ], [ 73.102869448701284, 18.984695753323621 ] ] ] } },
{ "type": "Feature", "properties": { "plot_id": "M-8183", "property_owner": "Vijay More", "plot_area": 1200.0, "property_type": "Vacant" }, "geometry": { "type": "Polygon", "coordinates": [ [ [ 73.103249252497619, 18.984699646247627 ], [ 73.103629056386623, 18.984703538393241 ], [ 73.103625988132563, 18.984974520117952 ], [ 73.103246183629963, 18.984970627912652 ], [ 73.103249252497619, 18.984699646247627 ] ] ] } },
{ "type": "Feature", "properties": { "plot_id": "M-8184", "property_owner": "Priya Singh", "plot_area": 1200.0, "property_type": "Mixed Use" }, "geometry": { "type": "Polygon", "coordinates": [ [ [ 73.103629056386623, 18.984703538393241 ], [ 73.104008860368253, 18.984707429760455 ], [ 73.104005792727818, 18.984978411544848 ], [ 73.103625988132563, 18.984974520117952 ], [ 73.103629056386623, 18.984703538393241 ] ] ] } },
{ "type": "Feature", "properties": { "plot_id": "M-8185", "property_owner": "Amit Sharma", "plot_area": 1200.0, "property_type": "Residential" }, "geometry": { "type": "Polygon", "coordinates": [ [ [ 73.104008860368253, 18.984707429760455 ], [ 73.104388664442482, 18.984711320349284 ], [ 73.104385597415671, 18.984982302193345 ], [ 73.104005792727818, 18.984978411544848 ], [ 73.104008860368253, 18.984707429760455 ] ] ] } },
{ "type": "Feature", "properties": { "plot_id": "M-8186", "property_owner": "Anita Joshi", "plot_area": 1200.0, "property_type": "Residential" }, "geometry": { "type": "Polygon", "coordinates": [ [ [ 73.104388664442482, 18.984711320349284 ], [ 73.104768468609322, 18.98471521015972 ], [ 73.104765402196108, 18.984986192063431 ], [ 73.104385597415671, 18.984982302193345 ], [ 73.104388664442482, 18.984711320349284 ] ] ] } },
{ "type": "Feature", "properties": { "plot_id": "M-8187", "property_owner": "Rohit Kulkarni", "plot_area": 1200.0, "property_type": "Commercial" }, "geometry": { "type": "Polygon", "coordinates": [ [ [ 73.104768468609322, 18.98471521015972 ], [ 73.105148272868718, 18.984719099191761 ], [ 73.105145207069128, 18.984990081155114 ], [ 73.104765402196108, 18.984986192063431 ], [ 73.104768468609322, 18.98471521015972 ] ] ] } },
{ "type": "Feature", "properties": { "plot_id": "M-8188", "property_owner": "Priya Singh", "plot_area": 1200.0, "property_type": "Vacant" }, "geometry": { "type": "Polygon", "coordinates": [ [ [ 73.105148272868718, 18.984719099191761 ], [ 73.105528077220697, 18.984722987445402 ], [ 73.105525012034704, 18.984993969468388 ], [ 73.105145207069128, 18.984990081155114 ], [ 73.105148272868718, 18.984719099191761 ] ] ] } },
{ "type": "Feature", "properties": { "plot_id": "M-8189", "property_owner": "Vijay More", "plot_area": 1200.0, "property_type": "Mixed Use" }, "geometry": { "type": "Polygon", "coordinates": [ [ [ 73.105528077220697, 18.984722987445402 ], [ 73.105907881665189, 18.984726874920657 ], [ 73.105904817092821, 18.98499785700325 ], [ 73.105525012034704, 18.984993969468388 ], [ 73.105528077220697, 18.984722987445402 ] ] ] } },
{ "type": "Feature", "properties": { "plot_id": "M-8190", "property_owner": "Priya Singh", "plot_area": 1200.0, "property_type": "Commercial" }, "geometry": { "type": "Polygon", "coordinates": [ [ [ 73.105907881665189, 18.984726874920657 ], [ 73.106287686202222, 18.984730761617509 ], [ 73.106284622243479, 18.98500174375971 ], [ 73.105904817092821, 18.98499785700325 ], [ 73.105907881665189, 18.984726874920657 ] ] ] } },
{ "type": "Feature", "properties": { "plot_id": "M-8191", "property_owner": "Rajesh Kumar", "plot_area": 1200.0, "property_type": "Commercial" }, "geometry": { "type": "Polygon", "coordinates": [ [ [ 73.106287686202222, 18.984730761617509 ], [ 73.106667490831754, 18.984734647535962 ], [ 73.106664427486606, 18.985005629737756 ], [ 73.106284622243479, 18.98500174375971 ], [ 73.106287686202222, 18.984730761617509 ] ] ] } },
{ "type": "Feature", "properties": { "plot_id": "M-8192", "property_owner": "Anita Joshi", "plot_area": 1200.0, "property_type": "Mixed Use" }, "geometry": { "type": "Polygon", "coordinates": [ [ [ 73.106667490831754, 18.984734647535962 ], [ 73.10704729555377, 18.984738532676023 ], [ 73.107044232822233, 18.985009514937396 ], [ 73.106664427486606, 18.985005629737756 ], [ 73.106667490831754, 18.984734647535962 ] ] ] } },
{ "type": "Feature", "properties": { "plot_id": "M-8193", "property_owner": "Neha Verma", "plot_area": 1200.0, "property_type": "Residential" }, "geometry": { "type": "Polygon", "coordinates": [ [ [ 73.10704729555377, 18.984738532676023 ], [ 73.107427100368241, 18.984742417037687 ], [ 73.107424038250329, 18.985013399358621 ], [ 73.107044232822233, 18.985009514937396 ], [ 73.10704729555377, 18.984738532676023 ] ] ] } },
{ "type": "Feature", "properties": { "plot_id": "M-8194", "property_owner": "Neha Verma", "plot_area": 1200.0, "property_type": "Mixed Use" }, "geometry": { "type": "Polygon", "coordinates": [ [ [ 73.107427100368241, 18.984742417037687 ], [ 73.107806905275154, 18.984746300620941 ], [ 73.107803843770867, 18.98501728300144 ], [ 73.107424038250329, 18.985013399358621 ], [ 73.107427100368241, 18.984742417037687 ] ] ] } },
{ "type": "Feature", "properties": { "plot_id": "M-8195", "property_owner": "Sunita Pawar", "plot_area": 1200.0, "property_type": "Vacant" }, "geometry": { "type": "Polygon", "coordinates": [ [ [ 73.107806905275154, 18.984746300620941 ], [ 73.108186710274509, 18.984750183425799 ], [ 73.108183649383832, 18.985021165865845 ], [ 73.107803843770867, 18.98501728300144 ], [ 73.107806905275154, 18.984746300620941 ] ] ] } },
{ "type": "Feature", "properties": { "plot_id": "M-8196", "property_owner": "Sunita Pawar", "plot_area": 1200.0, "property_type": "Mixed Use" }, "geometry": { "type": "Polygon", "coordinates": [ [ [ 73.108186710274509, 18.984750183425799 ], [ 73.108566515366263, 18.984754065452254 ], [ 73.108563455089211, 18.985025047951833 ], [ 73.108183649383832, 18.985021165865845 ], [ 73.108186710274509, 18.984750183425799 ] ] ] } },
{ "type": "Feature", "properties": { "plot_id": "M-8197", "property_owner": "Rajesh Kumar", "plot_area": 1200.0, "property_type": "Residential" }, "geometry": { "type": "Polygon", "coordinates": [ [ [ 73.108566515366263, 18.984754065452254 ], [ 73.108946320550416, 18.984757946700309 ], [ 73.108943260886988, 18.985028929259411 ], [ 73.108563455089211, 18.985025047951833 ], [ 73.108566515366263, 18.984754065452254 ] ] ] } },
{ "type": "Feature", "properties": { "plot_id": "M-8198", "property_owner": "Neha Verma", "plot_area": 1200.0, "property_type": "Commercial" }, "geometry": { "type": "Polygon", "coordinates": [ [ [ 73.108946320550416, 18.984757946700309 ], [ 73.109326125826925, 18.984761827169962 ], [ 73.109323066777122, 18.985032809788567 ], [ 73.108943260886988, 18.985028929259411 ], [ 73.108946320550416, 18.984757946700309 ] ] ] } },
{ "type": "Feature", "properties": { "plot_id": "M-8199", "property_owner": "Mahesh Deshmukh", "plot_area": 1200.0, "property_type": "Mixed Use" }, "geometry": { "type": "Polygon", "coordinates": [ [ [ 73.109326125826925, 18.984761827169962 ], [ 73.109705931195819, 18.984765706861207 ], [ 73.109702872759613, 18.985036689539317 ], [ 73.109323066777122, 18.985032809788567 ], [ 73.109326125826925, 18.984761827169962 ] ] ] } },
{ "type": "Feature", "properties": { "plot_id": "M-8200", "property_owner": "Rajesh Kumar", "plot_area": 1200.0, "property_type": "Residential" }, "geometry": { "type": "Polygon", "coordinates": [ [ [ 73.100207750946097, 18.984939462247809 ], [ 73.100587554706976, 18.984943360680312 ], [ 73.100584481491879, 18.98521434191878 ], [ 73.100204677117389, 18.985210443426499 ], [ 73.100207750946097, 18.984939462247809 ] ] ] } },
{ "type": "Feature", "properties": { "plot_id": "M-8201", "property_owner": "Mahesh Deshmukh", "plot_area": 1200.0, "property_type": "Vacant" }, "geometry": { "type": "Polygon", "coordinates": [ [ [ 73.100587554706976, 18.984943360680312 ], [ 73.100967358560652, 18.984947258334415 ], [ 73.100964285959165, 18.985218239632655 ], [ 73.100584481491879, 18.98521434191878 ], [ 73.100587554706976, 18.984943360680312 ] ] ] } },
{ "type": "Feature", "properties": { "plot_id": "M-8202", "property_owner": "Vijay More", "plot_area": 1200.0, "property_type": "Mixed Use" }, "geometry": { "type": "Polygon", "coordinates": [ [ [ 73.100967358560652, 18.984947258334415 ], [ 73.101347162507068, 18.984951155210116 ], [ 73.10134409051922, 18.985222136568122 ], [ 73.100964285959165, 18.985218239632655 ], [ 73.100967358560652, 18.984947258334415 ] ] ] } },
{ "type": "Feature", "properties": { "plot_id": "M-8203", "property_owner": "Anita Joshi", "plot_area": 1200.0, "property_type": "Residential" }, "geometry": { "type": "Polygon", "coordinates": [ [ [ 73.101347162507068, 18.984951155210116 ], [ 73.101726966546238, 18.984955051307431 ], [ 73.101723895171986, 18.985226032725176 ], [ 73.10134409051922, 18.985222136568122 ], [ 73.101347162507068, 18.984951155210116 ] ] ] } },
{ "type": "Feature", "properties": { "plot_id": "M-8204", "property_owner": "Anita Joshi", "plot_area": 1200.0, "property_type": "Commercial" }, "geometry": { "type": "Polygon", "coordinates": [ [ [ 73.101726966546238, 18.984955051307431 ], [ 73.102106770678134, 18.984958946626335 ], [ 73.102103699917492, 18.985229928103816 ], [ 73.101723895171986, 18.985226032725176 ], [ 73.101726966546238, 18.984955051307431 ] ] ] } },
{ "type": "Feature", "properties": { "plot_id": "M-8205", "property_owner": "Neha Verma", "plot_area": 1200.0, "property_type": "Residential" }, "geometry": { "type": "Polygon", "coordinates": [ [ [ 73.102106770678134, 18.984958946626335 ], [ 73.102486574902727, 18.984962841166841 ], [ 73.102483504755725, 18.985233822704053 ], [ 73.102103699917492, 18.985229928103816 ], [ 73.102106770678134, 18.984958946626335 ] ] ] } },
{ "type": "Feature", "properties": { "plot_id": "M-8206", "property_owner": "Anita Joshi", "plot_area": 1200.0, "property_type": "Residential" }, "geometry": { "type": "Polygon", "coordinates": [ [ [ 73.102486574902727, 18.984962841166841 ], [ 73.102866379220018, 18.984966734928946 ], [ 73.102863309686626, 18.985237716525869 ], [ 73.102483504755725, 18.985233822704053 ], [ 73.102486574902727, 18.984962841166841 ] ] ] } },
{ "type": "Feature", "properties": { "plot_id": "M-8207", "property_owner": "Sunita Pawar", "plot_area": 1200.0, "property_type": "Commercial" }, "geometry": { "type": "Polygon", "coordinates": [ [ [ 73.102866379220018, 18.984966734928946 ], [ 73.103246183629963, 18.984970627912652 ], [ 73.103243114710196, 18.985241609569272 ], [ 73.102863309686626, 18.985237716525869 ], [ 73.102866379220018, 18.984966734928946 ] ] ] } },
{ "type": "Feature", "properties": { "plot_id": "M-8208", "property_owner": "Vijay More", "plot_area": 1200.0, "property_type": "Vacant" }, "geometry": { "type": "Polygon", "coordinates": [ [ [ 73.103246183629963, 18.984970627912652 ], [ 73.103625988132563, 18.984974520117952 ], [ 73.103622919826421, 18.985245501834264 ], [ 73.103243114710196, 18.985241609569272 ], [ 73.103246183629963, 18.984970627912652 ] ] ] } },
{ "type": "Feature", "properties": { "plot_id": "M-8209", "property_owner": "Suresh Patil", "plot_area": 1200.0, "property_type": "Mixed Use" }, "geometry": { "type": "Polygon", "coordinates": [ [ [ 73.103625988132563, 18.984974520117952 ], [ 73.104005792727818, 18.984978411544848 ], [ 73.104002725035286, 18.985249393320839 ], [ 73.103622919826421, 18.985245501834264 ], [ 73.103625988132563, 18.984974520117952 ] ] ] } },
{ "type": "Feature", "properties": { "plot_id": "M-8210", "property_owner": "Mahesh Deshmukh", "plot_area": 1200.0, "property_type": "Mixed Use" }, "geometry": { "type": "Polygon", "coordinates": [ [ [ 73.104005792727818, 18.984978411544848 ], [ 73.104385597415671, 18.984982302193345 ], [ 73.10438253033675, 18.985253284028992 ], [ 73.104002725035286, 18.985249393320839 ], [ 73.104005792727818, 18.984978411544848 ] ] ] } },
{ "type": "Feature", "properties": { "plot_id": "M-8211", "property_owner": "Suresh Patil", "plot_area": 1200.0, "property_type": "Mixed Use" }, "geometry": { "type": "Polygon", "coordinates": [ [ [ 73.104385597415671, 18.984982302193345 ], [ 73.104765402196108, 18.984986192063431 ], [ 73.104762335730825, 18.985257173958733 ], [ 73.10438253033675, 18.985253284028992 ], [ 73.104385597415671, 18.984982302193345 ] ] ] } },
{ "type": "Feature", "properties": { "plot_id": "M-8212", "property_owner": "Sunita Pawar", "plot_area": 1200.0, "property_type": "Mixed Use" }, "geometry": { "type": "Polygon", "coordinates": [ [ [ 73.104765402196108, 18.984986192063431 ], [ 73.105145207069128, 18.984990081155114 ], [ 73.10514214121747, 18.985261063110055 ], [ 73.104762335730825, 18.985257173958733 ], [ 73.104765402196108, 18.984986192063431 ] ] ] } },
{ "type": "Feature", "properties": { "plot_id": "M-8213", "property_owner": "Anita Joshi", "plot_area": 1200.0, "property_type": "Mixed Use" }, "geometry": { "type": "Polygon", "coordinates": [ [ [ 73.105145207069128, 18.984990081155114 ], [ 73.105525012034704, 18.984993969468388 ], [ 73.105521946796671, 18.985264951482957 ], [ 73.10514214121747, 18.985261063110055 ], [ 73.105145207069128, 18.984990081155114 ] ] ] } },
{ "type": "Feature", "properties": { "plot_id": "M-8214", "property_owner": "Anita Joshi", "plot_area": 1200.0, "property_type": "Mixed Use" }, "geometry": { "type": "Polygon", "coordinates": [ [ [ 73.105525012034704, 18.984993969468388 ], [ 73.105904817092821, 18.98499785700325 ], [ 73.105901752468412, 18.985268839077438 ], [ 73.105521946796671, 18.985264951482957 ], [ 73.105525012034704, 18.984993969468388 ] ] ] } },
{ "type": "Feature", "properties": { "plot_id": "M-8215", "property_owner": "Sunita Pawar", "plot_area": 1200.0, "property_type": "Commercial" }, "geometry": { "type": "Polygon", "coordinates": [ [ [ 73.105904817092821, 18.98499785700325 ], [ 73.106284622243479, 18.98500174375971 ], [ 73.106281558232666, 18.985272725893505 ], [ 73.105901752468412, 18.985268839077438 ], [ 73.105904817092821, 18.98499785700325 ] ] ] } },
{ "type": "Feature", "properties": { "plot_id": "M-8216", "property_owner": "Priya Singh", "plot_area": 1200.0, "property_type": "Vacant" }, "geometry": { "type": "Polygon", "coordinates": [ [ [ 73.106284622243479, 18.98500174375971 ], [ 73.106664427486606, 18.985005629737756 ], [ 73.106661364089433, 18.985276611931148 ], [ 73.106281558232666, 18.985272725893505 ], [ 73.106284622243479, 18.98500174375971 ] ] ] } },
{ "type": "Feature", "properties": { "plot_id": "M-8217", "property_owner": "Anita Joshi", "plot_area": 1200.0, "property_type": "Commercial" }, "geometry": { "type": "Polygon", "coordinates": [ [ [ 73.106664427486606, 18.985005629737756 ], [ 73.107044232822233, 18.985009514937396 ], [ 73.107041170038698, 18.985280497190367 ], [ 73.106661364089433, 18.985276611931148 ], [ 73.106664427486606, 18.985005629737756 ] ] ] } },
{ "type": "Feature", "properties": { "plot_id": "M-8218", "property_owner": "Mahesh Deshmukh", "plot_area": 1200.0, "property_type": "Mixed Use" }, "geometry": { "type": "Polygon", "coordinates": [ [ [ 73.107044232822233, 18.985009514937396 ], [ 73.107424038250329, 18.985013399358621 ], [ 73.107420976080419, 18.985284381671168 ], [ 73.107041170038698, 18.985280497190367 ], [ 73.107044232822233, 18.985009514937396 ] ] ] } },
{ "type": "Feature", "properties": { "plot_id": "M-8219", "property_owner": "Anita Joshi", "plot_area": 1200.0, "property_type": "Residential" }, "geometry": { "type": "Polygon", "coordinates": [ [ [ 73.107424038250329, 18.985013399358621 ], [ 73.107803843770867, 18.98501728300144 ], [ 73.107800782214582, 18.985288265373537 ], [ 73.107420976080419, 18.985284381671168 ], [ 73.107424038250329, 18.985013399358621 ] ] ] } },
{ "type": "Feature", "properties": { "plot_id": "M-8220", "property_owner": "Neha Verma", "plot_area": 1200.0, "property_type": "Mixed Use" }, "geometry": { "type": "Polygon", "coordinates": [ [ [ 73.107803843770867, 18.98501728300144 ], [ 73.108183649383832, 18.985021165865845 ], [ 73.108180588441172, 18.985292148297486 ], [ 73.107800782214582, 18.985288265373537 ], [ 73.107803843770867, 18.98501728300144 ] ] ] } },
{ "type": "Feature", "properties": { "plot_id": "M-8221", "property_owner": "Priya Singh", "plot_area": 1200.0, "property_type": "Vacant" }, "geometry": { "type": "Polygon", "coordinates": [ [ [ 73.108183649383832, 18.985021165865845 ], [ 73.108563455089211, 18.985025047951833 ], [ 73.108560394760175, 18.98529603044301 ], [ 73.108180588441172, 18.985292148297486 ], [ 73.108183649383832, 18.985021165865845 ] ] ] } },
{ "type": "Feature", "properties": { "plot_id": "M-8222", "property_owner": "Mahesh Deshmukh", "plot_area": 1200.0, "property_type": "Mixed Use" }, "geometry": { "type": "Polygon", "coordinates": [ [ [ 73.108563455089211, 18.985025047951833 ], [ 73.108943260886988, 18.985028929259411 ], [ 73.108940201171592, 18.985299911810099 ], [ 73.108560394760175, 18.98529603044301 ], [ 73.108563455089211, 18.985025047951833 ] ] ] } },
{ "type": "Feature", "properties": { "plot_id": "M-8223", "property_owner": "Rohit Kulkarni", "plot_area": 1200.0, "property_type": "Vacant" }, "geometry": { "type": "Polygon", "coordinates": [ [ [ 73.108943260886988, 18.985028929259411 ], [ 73.109323066777122, 18.985032809788567 ], [ 73.10932000767535, 18.985303792398781 ], [ 73.108940201171592, 18.985299911810099 ], [ 73.108943260886988, 18.985028929259411 ] ] ] } },
{ "type": "Feature", "properties": { "plot_id": "M-8224", "property_owner": "Rohit Kulkarni", "plot_area": 1200.0, "property_type": "Commercial" }, "geometry": { "type": "Polygon", "coordinates": [ [ [ 73.109323066777122, 18.985032809788567 ], [ 73.109702872759613, 18.985036689539317 ], [ 73.10969981427148, 18.985307672209014 ], [ 73.10932000767535, 18.985303792398781 ], [ 73.109323066777122, 18.985032809788567 ] ] ] } },
{ "type": "Feature", "properties": { "plot_id": "M-8225", "property_owner": "Sunita Pawar", "plot_area": 1200.0, "property_type": "Vacant" }, "geometry": { "type": "Polygon", "coordinates": [ [ [ 73.100204677117389, 18.985210443426499 ], [ 73.100584481491879, 18.98521434191878 ], [ 73.100581408224599, 18.985485323148851 ], [ 73.100201603236485, 18.985481424596781 ], [ 73.100204677117389, 18.985210443426499 ] ] ] } },
{ "type": "Feature", "properties": { "plot_id": "M-8226", "property_owner": "Amit Sharma", "plot_area": 1200.0, "property_type": "Residential" }, "geometry": { "type": "Polygon", "coordinates": [ [ [ 73.100584481491879, 18.98521434191878 ], [ 73.100964285959165, 18.985218239632655 ], [ 73.10096121330551, 18.985489220922496 ], [ 73.100581408224599, 18.985485323148851 ], [ 73.100584481491879, 18.98521434191878 ] ] ] } },
{ "type": "Feature", "properties": { "plot_id": "M-8227", "property_owner": "Neha Verma", "plot_area": 1200.0, "property_type": "Mixed Use" }, "geometry": { "type": "Polygon", "coordinates": [ [ [ 73.100964285959165, 18.985218239632655 ], [ 73.10134409051922, 18.985222136568122 ], [ 73.101341018479175, 18.985493117917727 ], [ 73.10096121330551, 18.985489220922496 ], [ 73.100964285959165, 18.985218239632655 ] ] ] } },
{ "type": "Feature", "properties": { "plot_id": "M-8228", "property_owner": "Suresh Patil", "plot_area": 1200.0, "property_type": "Commercial" }, "geometry": { "type": "Polygon", "coordinates": [ [ [ 73.10134409051922, 18.985222136568122 ], [ 73.101723895171986, 18.985226032725176 ], [ 73.10172082374558, 18.985497014134527 ], [ 73.101341018479175, 18.985493117917727 ], [ 73.10134409051922, 18.985222136568122 ] ] ] } },
{ "type": "Feature", "properties": { "plot_id": "M-8229", "property_owner": "Neha Verma", "plot_area": 1200.0, "property_type": "Commercial" }, "geometry": { "type": "Polygon", "coordinates": [ [ [ 73.101723895171986, 18.985226032725176 ], [ 73.102103699917492, 18.985229928103816 ], [ 73.102100629104726, 18.985500909572906 ], [ 73.10172082374558, 18.985497014134527 ], [ 73.101723895171986, 18.985226032725176 ] ] ] } },
{ "type": "Feature", "properties": { "plot_id": "M-8230", "property_owner": "Priya Singh", "plot_area": 1200.0, "property_type": "Commercial" }, "geometry": { "type": "Polygon", "coordinates": [ [ [ 73.102103699917492, 18.985229928103816 ], [ 73.102483504755725, 18.985233822704053 ], [ 73.102480434556568, 18.98550480423286 ], [ 73.102100629104726, 18.985500909572906 ], [ 73.102103699917492, 18.985229928103816 ] ] ] } },
{ "type": "Feature", "properties": { "plot_id": "M-8231", "property_owner": "Rajesh Kumar", "plot_area": 1200.0, "property_type": "Residential" }, "geometry": { "type": "Polygon", "coordinates": [ [ [ 73.102483504755725, 18.985233822704053 ], [ 73.102863309686626, 18.985237716525869 ], [ 73.102860240101109, 18.985508698114398 ], [ 73.102480434556568, 18.98550480423286 ], [ 73.102483504755725, 18.985233822704053 ] ] ] } },
{ "type": "Feature", "properties": { "plot_id": "M-8232", "property_owner": "Priya Singh", "plot_area": 1200.0, "property_type": "Vacant" }, "geometry": { "type": "Polygon", "coordinates": [ [ [ 73.102863309686626, 18.985237716525869 ], [ 73.103243114710196, 18.985241609569272 ], [ 73.103240045738303, 18.9855125912175 ], [ 73.102860240101109, 18.985508698114398 ], [ 73.102863309686626, 18.985237716525869 ] ] ] } },
{ "type": "Feature", "properties": { "plot_id": "M-8233", "property_owner": "Mahesh Deshmukh", "plot_area": 1200.0, "property_type": "Residential" }, "geometry": { "type": "Polygon", "coordinates": [ [ [ 73.103243114710196, 18.985241609569272 ], [ 73.103622919826421, 18.985245501834264 ], [ 73.103619851468167, 18.985516483542177 ], [ 73.103240045738303, 18.9855125912175 ], [ 73.103243114710196, 18.985241609569272 ] ] ] } },
{ "type": "Feature", "properties": { "plot_id": "M-8234", "property_owner": "Rohit Kulkarni", "plot_area": 1200.0, "property_type": "Vacant" }, "geometry": { "type": "Polygon", "coordinates": [ [ [ 73.103622919826421, 18.985245501834264 ], [ 73.104002725035286, 18.985249393320839 ], [ 73.103999657290643, 18.985520375088431 ], [ 73.103619851468167, 18.985516483542177 ], [ 73.103622919826421, 18.985245501834264 ] ] ] } },
{ "type": "Feature", "properties": { "plot_id": "M-8235", "property_owner": "Mahesh Deshmukh", "plot_area": 1200.0, "property_type": "Commercial" }, "geometry": { "type": "Polygon", "coordinates": [ [ [ 73.104002725035286, 18.985249393320839 ], [ 73.10438253033675, 18.985253284028992 ], [ 73.10437946320576, 18.985524265856252 ], [ 73.103999657290643, 18.985520375088431 ], [ 73.104002725035286, 18.985249393320839 ] ] ] } },
{ "type": "Feature", "properties": { "plot_id": "M-8236", "property_owner": "Anita Joshi", "plot_area": 1200.0, "property_type": "Vacant" }, "geometry": { "type": "Polygon", "coordinates": [ [ [ 73.10438253033675, 18.985253284028992 ], [ 73.104762335730825, 18.985257173958733 ], [ 73.10475926921346, 18.985528155845639 ], [ 73.10437946320576, 18.985524265856252 ], [ 73.10438253033675, 18.985253284028992 ] ] ] } },
{ "type": "Feature", "properties": { "plot_id": "M-8237", "property_owner": "Anita Joshi", "plot_area": 1200.0, "property_type": "Commercial" }, "geometry": { "type": "Polygon", "coordinates": [ [ [ 73.104762335730825, 18.985257173958733 ], [ 73.10514214121747, 18.985261063110055 ], [ 73.105139075313744, 18.985532045056605 ], [ 73.10475926921346, 18.985528155845639 ], [ 73.104762335730825, 18.985257173958733 ] ] ] } },
{ "type": "Feature", "properties": { "plot_id": "M-8238", "property_owner": "Amit Sharma", "plot_area": 1200.0, "property_type": "Residential" }, "geometry": { "type": "Polygon", "coordinates": [ [ [ 73.10514214121747, 18.985261063110055 ], [ 73.105521946796671, 18.985264951482957 ], [ 73.105518881506583, 18.985535933489139 ], [ 73.105139075313744, 18.985532045056605 ], [ 73.10514214121747, 18.985261063110055 ] ] ] } },
{ "type": "Feature", "properties": { "plot_id": "M-8239", "property_owner": "Suresh Patil", "plot_area": 1200.0, "property_type": "Vacant" }, "geometry": { "type": "Polygon", "coordinates": [ [ [ 73.105521946796671, 18.985264951482957 ], [ 73.105901752468412, 18.985268839077438 ], [ 73.105898687791949, 18.985539821143238 ], [ 73.105518881506583, 18.985535933489139 ], [ 73.105521946796671, 18.985264951482957 ] ] ] } },
{ "type": "Feature", "properties": { "plot_id": "M-8240", "property_owner": "Priya Singh", "plot_area": 1200.0, "property_type": "Commercial" }, "geometry": { "type": "Polygon", "coordinates": [ [ [ 73.105901752468412, 18.985268839077438 ], [ 73.106281558232666, 18.985272725893505 ], [ 73.106278494169857, 18.985543708018902 ], [ 73.105898687791949, 18.985539821143238 ], [ 73.105901752468412, 18.985268839077438 ] ] ] } },
{ "type": "Feature", "properties": { "plot_id": "M-8241", "property_owner": "Sunita Pawar", "plot_area": 1200.0, "property_type": "Vacant" }, "geometry": { "type": "Polygon", "coordinates": [ [ [ 73.106281558232666, 18.985272725893505 ], [ 73.106661364089433, 18.985276611931148 ], [ 73.106658300640262, 18.985547594116142 ], [ 73.106278494169857, 18.985543708018902 ], [ 73.106281558232666, 18.985272725893505 ] ] ] } },
{ "type": "Feature", "properties": { "plot_id": "M-8242", "property_owner": "Rajesh Kumar", "plot_area": 1200.0, "property_type": "Commercial" }, "geometry": { "type": "Polygon", "coordinates": [ [ [ 73.106661364089433, 18.985276611931148 ], [ 73.107041170038698, 18.985280497190367 ], [ 73.107038107203152, 18.985551479434942 ], [ 73.106658300640262, 18.985547594116142 ], [ 73.106661364089433, 18.985276611931148 ] ] ] } },
{ "type": "Feature", "properties": { "plot_id": "M-8243", "property_owner": "Suresh Patil", "plot_area": 1200.0, "property_type": "Vacant" }, "geometry": { "type": "Polygon", "coordinates": [ [ [ 73.107041170038698, 18.985280497190367 ], [ 73.107420976080419, 18.985284381671168 ], [ 73.107417913858512, 18.985555363975305 ], [ 73.107038107203152, 18.985551479434942 ], [ 73.107041170038698, 18.985280497190367 ] ] ] } },
{ "type": "Feature", "properties": { "plot_id": "M-8244", "property_owner": "Amit Sharma", "plot_area": 1200.0, "property_type": "Vacant" }, "geometry": { "type": "Polygon", "coordinates": [ [ [ 73.107420976080419, 18.985284381671168 ], [ 73.107800782214582, 18.985288265373537 ], [ 73.107797720606314, 18.985559247737239 ], [ 73.107417913858512, 18.985555363975305 ], [ 73.107420976080419, 18.985284381671168 ] ] ] } },
{ "type": "Feature", "properties": { "plot_id": "M-8245", "property_owner": "Sunita Pawar", "plot_area": 1200.0, "property_type": "Mixed Use" }, "geometry": { "type": "Polygon", "coordinates": [ [ [ 73.107800782214582, 18.985288265373537 ], [ 73.108180588441172, 18.985292148297486 ], [ 73.108177527446543, 18.985563130720731 ], [ 73.107797720606314, 18.985559247737239 ], [ 73.107800782214582, 18.985288265373537 ] ] ] } },
{ "type": "Feature", "properties": { "plot_id": "M-8246", "property_owner": "Rohit Kulkarni", "plot_area": 1200.0, "property_type": "Vacant" }, "geometry": { "type": "Polygon", "coordinates": [ [ [ 73.108180588441172, 18.985292148297486 ], [ 73.108560394760175, 18.98529603044301 ], [ 73.108557334379185, 18.985567012925788 ], [ 73.108177527446543, 18.985563130720731 ], [ 73.108180588441172, 18.985292148297486 ] ] ] } },
{ "type": "Feature", "properties": { "plot_id": "M-8247", "property_owner": "Sunita Pawar", "plot_area": 1200.0, "property_type": "Vacant" }, "geometry": { "type": "Polygon", "coordinates": [ [ [ 73.108560394760175, 18.98529603044301 ], [ 73.108940201171592, 18.985299911810099 ], [ 73.108937141404226, 18.98557089435241 ], [ 73.108557334379185, 18.985567012925788 ], [ 73.108560394760175, 18.98529603044301 ] ] ] } },
{ "type": "Feature", "properties": { "plot_id": "M-8248", "property_owner": "Amit Sharma", "plot_area": 1200.0, "property_type": "Vacant" }, "geometry": { "type": "Polygon", "coordinates": [ [ [ 73.108940201171592, 18.985299911810099 ], [ 73.10932000767535, 18.985303792398781 ], [ 73.109316948521638, 18.98557477500059 ], [ 73.108937141404226, 18.98557089435241 ], [ 73.108940201171592, 18.985299911810099 ] ] ] } },
{ "type": "Feature", "properties": { "plot_id": "M-8249", "property_owner": "Rohit Kulkarni", "plot_area": 1200.0, "property_type": "Mixed Use" }, "geometry": { "type": "Polygon", "coordinates": [ [ [ 73.10932000767535, 18.985303792398781 ], [ 73.10969981427148, 18.985307672209014 ], [ 73.109696755731406, 18.985578654870331 ], [ 73.109316948521638, 18.98557477500059 ], [ 73.10932000767535, 18.985303792398781 ] ] ] } },
{ "type": "Feature", "properties": { "plot_id": "M-8250", "property_owner": "Priya Singh", "plot_area": 1224.0, "property_type": "Mixed Use" }, "geometry": { "type": "Polygon", "coordinates": [ [ [ 73.100201603236485, 18.985481424596781 ], [ 73.100581408224599, 18.985485323148851 ], [ 73.100578334905137, 18.985756304370515 ], [ 73.100198529303384, 18.98575240575866 ], [ 73.100201603236485, 18.985481424596781 ] ] ] } },
{ "type": "Feature", "properties": { "plot_id": "M-8251", "property_owner": "Sunita Pawar", "plot_area": 1200.0, "property_type": "Vacant" }, "geometry": { "type": "Polygon", "coordinates": [ [ [ 73.100581408224599, 18.985485323148851 ], [ 73.10096121330551, 18.985489220922496 ], [ 73.100958140599687, 18.985760202203934 ], [ 73.100578334905137, 18.985756304370515 ], [ 73.100581408224599, 18.985485323148851 ] ] ] } },
{ "type": "Feature", "properties": { "plot_id": "M-8252", "property_owner": "Priya Singh", "plot_area": 1200.0, "property_type": "Mixed Use" }, "geometry": { "type": "Polygon", "coordinates": [ [ [ 73.10096121330551, 18.985489220922496 ], [ 73.101341018479175, 18.985493117917727 ], [ 73.101337946386977, 18.985764099258919 ], [ 73.100958140599687, 18.985760202203934 ], [ 73.10096121330551, 18.985489220922496 ] ] ] } },
{ "type": "Feature", "properties": { "plot_id": "M-8253", "property_owner": "Rohit Kulkarni", "plot_area": 1200.0, "property_type": "Residential" }, "geometry": { "type": "Polygon", "coordinates": [ [ [ 73.101341018479175, 18.985493117917727 ], [ 73.10172082374558, 18.985497014134527 ], [ 73.101717752267021, 18.985767995535475 ], [ 73.101337946386977, 18.985764099258919 ], [ 73.101341018479175, 18.985493117917727 ] ] ] } },
{ "type": "Feature", "properties": { "plot_id": "M-8254", "property_owner": "Neha Verma", "plot_area": 1200.0, "property_type": "Commercial" }, "geometry": { "type": "Polygon", "coordinates": [ [ [ 73.10172082374558, 18.985497014134527 ], [ 73.102100629104726, 18.985500909572906 ], [ 73.102097558239805, 18.98577189103359 ], [ 73.101717752267021, 18.985767995535475 ], [ 73.10172082374558, 18.985497014134527 ] ] ] } },
{ "type": "Feature", "properties": { "plot_id": "M-8255", "property_owner": "Neha Verma", "plot_area": 1200.0, "property_type": "Mixed Use" }, "geometry": { "type": "Polygon", "coordinates": [ [ [ 73.102100629104726, 18.985500909572906 ], [ 73.102480434556568, 18.98550480423286 ], [ 73.102477364305287, 18.985775785753269 ], [ 73.102097558239805, 18.98577189103359 ], [ 73.102100629104726, 18.985500909572906 ] ] ] } },
{ "type": "Feature", "properties": { "plot_id": "M-8256", "property_owner": "Vijay More", "plot_area": 1200.0, "property_type": "Residential" }, "geometry": { "type": "Polygon", "coordinates": [ [ [ 73.102480434556568, 18.98550480423286 ], [ 73.102860240101109, 18.985508698114398 ], [ 73.102857170463466, 18.985779679694513 ], [ 73.102477364305287, 18.985775785753269 ], [ 73.102480434556568, 18.98550480423286 ] ] ] } },
{ "type": "Feature", "properties": { "plot_id": "M-8257", "property_owner": "Amit Sharma", "plot_area": 1200.0, "property_type": "Commercial" }, "geometry": { "type": "Polygon", "coordinates": [ [ [ 73.102860240101109, 18.985508698114398 ], [ 73.103240045738303, 18.9855125912175 ], [ 73.1032369767143, 18.985783572857326 ], [ 73.102857170463466, 18.985779679694513 ], [ 73.102860240101109, 18.985508698114398 ] ] ] } },
{ "type": "Feature", "properties": { "plot_id": "M-8258", "property_owner": "Priya Singh", "plot_area": 1200.0, "property_type": "Vacant" }, "geometry": { "type": "Polygon", "coordinates": [ [ [ 73.103240045738303, 18.9855125912175 ], [ 73.103619851468167, 18.985516483542177 ], [ 73.103616783057802, 18.985787465241685 ], [ 73.1032369767143, 18.985783572857326 ], [ 73.103240045738303, 18.9855125912175 ] ] ] } },
{ "type": "Feature", "properties": { "plot_id": "M-8259", "property_owner": "Amit Sharma", "plot_area": 1200.0, "property_type": "Commercial" }, "geometry": { "type": "Polygon", "coordinates": [ [ [ 73.103619851468167, 18.985516483542177 ], [ 73.103999657290643, 18.985520375088431 ], [ 73.103996589493931, 18.985791356847617 ], [ 73.103616783057802, 18.985787465241685 ], [ 73.103619851468167, 18.985516483542177 ] ] ] } },
{ "type": "Feature", "properties": { "plot_id": "M-8260", "property_owner": "Suresh Patil", "plot_area": 1200.0, "property_type": "Vacant" }, "geometry": { "type": "Polygon", "coordinates": [ [ [ 73.103999657290643, 18.985520375088431 ], [ 73.10437946320576, 18.985524265856252 ], [ 73.104376396022673, 18.985795247675103 ], [ 73.103996589493931, 18.985791356847617 ], [ 73.103999657290643, 18.985520375088431 ] ] ] } },
{ "type": "Feature", "properties": { "plot_id": "M-8261", "property_owner": "Anita Joshi", "plot_area": 1200.0, "property_type": "Mixed Use" }, "geometry": { "type": "Polygon", "coordinates": [ [ [ 73.10437946320576, 18.985524265856252 ], [ 73.10475926921346, 18.985528155845639 ], [ 73.104756202644026, 18.985799137724154 ], [ 73.104376396022673, 18.985795247675103 ], [ 73.10437946320576, 18.985524265856252 ] ] ] } },
{ "type": "Feature", "properties": { "plot_id": "M-8262", "property_owner": "Sunita Pawar", "plot_area": 1200.0, "property_type": "Vacant" }, "geometry": { "type": "Polygon", "coordinates": [ [ [ 73.10475926921346, 18.985528155845639 ], [ 73.105139075313744, 18.985532045056605 ], [ 73.105136009357935, 18.985803026994752 ], [ 73.104756202644026, 18.985799137724154 ], [ 73.10475926921346, 18.985528155845639 ] ] ] } },
{ "type": "Feature", "properties": { "plot_id": "M-8263", "property_owner": "Anita Joshi", "plot_area": 1200.0, "property_type": "Residential" }, "geometry": { "type": "Polygon", "coordinates": [ [ [ 73.105139075313744, 18.985532045056605 ], [ 73.105518881506583, 18.985535933489139 ], [ 73.105515816164427, 18.985806915486915 ], [ 73.105136009357935, 18.985803026994752 ], [ 73.105139075313744, 18.985532045056605 ] ] ] } },
{ "type": "Feature", "properties": { "plot_id": "M-8264", "property_owner": "Priya Singh", "plot_area": 1200.0, "property_type": "Vacant" }, "geometry": { "type": "Polygon", "coordinates": [ [ [ 73.105518881506583, 18.985535933489139 ], [ 73.105898687791949, 18.985539821143238 ], [ 73.105895623063446, 18.985810803200632 ], [ 73.105515816164427, 18.985806915486915 ], [ 73.105518881506583, 18.985535933489139 ] ] ] } },
{ "type": "Feature", "properties": { "plot_id": "M-8265", "property_owner": "Anita Joshi", "plot_area": 1200.0, "property_type": "Residential" }, "geometry": { "type": "Polygon", "coordinates": [ [ [ 73.105898687791949, 18.985539821143238 ], [ 73.106278494169857, 18.985543708018902 ], [ 73.106275430054993, 18.985814690135907 ], [ 73.105895623063446, 18.985810803200632 ], [ 73.105898687791949, 18.985539821143238 ] ] ] } },
{ "type": "Feature", "properties": { "plot_id": "M-8266", "property_owner": "Mahesh Deshmukh", "plot_area": 1200.0, "property_type": "Vacant" }, "geometry": { "type": "Polygon", "coordinates": [ [ [ 73.106278494169857, 18.985543708018902 ], [ 73.106658300640262, 18.985547594116142 ], [ 73.106655237139051, 18.98581857629274 ], [ 73.106275430054993, 18.985814690135907 ], [ 73.106278494169857, 18.985543708018902 ] ] ] } },
{ "type": "Feature", "properties": { "plot_id": "M-8267", "property_owner": "Rohit Kulkarni", "plot_area": 1200.0, "property_type": "Residential" }, "geometry": { "type": "Polygon", "coordinates": [ [ [ 73.106658300640262, 18.985547594116142 ], [ 73.107038107203152, 18.985551479434942 ], [ 73.10703504431558, 18.985822461671113 ], [ 73.106655237139051, 18.98581857629274 ], [ 73.106658300640262, 18.985547594116142 ] ] ] } },
{ "type": "Feature", "properties": { "plot_id": "M-8268", "property_owner": "Vijay More", "plot_area": 1200.0, "property_type": "Mixed Use" }, "geometry": { "type": "Polygon", "coordinates": [ [ [ 73.107038107203152, 18.985551479434942 ], [ 73.107417913858512, 18.985555363975305 ], [ 73.107414851584579, 18.985826346271054 ], [ 73.10703504431558, 18.985822461671113 ], [ 73.107038107203152, 18.985551479434942 ] ] ] } },
{ "type": "Feature", "properties": { "plot_id": "M-8269", "property_owner": "Anita Joshi", "plot_area": 1200.0, "property_type": "Vacant" }, "geometry": { "type": "Polygon", "coordinates": [ [ [ 73.107417913858512, 18.985555363975305 ], [ 73.107797720606314, 18.985559247737239 ], [ 73.107794658946048, 18.985830230092546 ], [ 73.107414851584579, 18.985826346271054 ], [ 73.107417913858512, 18.985555363975305 ] ] ] } },
{ "type": "Feature", "properties": { "plot_id": "M-8270", "property_owner": "Sunita Pawar", "plot_area": 1200.0, "property_type": "Commercial" }, "geometry": { "type": "Polygon", "coordinates": [ [ [ 73.107797720606314, 18.985559247737239 ], [ 73.108177527446543, 18.985563130720731 ], [ 73.108174466399916, 18.985834113135581 ], [ 73.107794658946048, 18.985830230092546 ], [ 73.107797720606314, 18.985559247737239 ] ] ] } },
{ "type": "Feature", "properties": { "plot_id": "M-8271", "property_owner": "Rohit Kulkarni", "plot_area": 1200.0, "property_type": "Commercial" }, "geometry": { "type": "Polygon", "coordinates": [ [ [ 73.108177527446543, 18.985563130720731 ], [ 73.108557334379185, 18.985567012925788 ], [ 73.108554273946211, 18.985837995400171 ], [ 73.108174466399916, 18.985834113135581 ], [ 73.108177527446543, 18.985563130720731 ] ] ] } },
{ "type": "Feature", "properties": { "plot_id": "M-8272", "property_owner": "Neha Verma", "plot_area": 1200.0, "property_type": "Vacant" }, "geometry": { "type": "Polygon", "coordinates": [ [ [ 73.108557334379185, 18.985567012925788 ], [ 73.108937141404226, 18.98557089435241 ], [ 73.108934081584906, 18.985841876886312 ], [ 73.108554273946211, 18.985837995400171 ], [ 73.108557334379185, 18.985567012925788 ] ] ] } },
{ "type": "Feature", "properties": { "plot_id": "M-8273", "property_owner": "Rohit Kulkarni", "plot_area": 1200.0, "property_type": "Residential" }, "geometry": { "type": "Polygon", "coordinates": [ [ [ 73.108937141404226, 18.98557089435241 ], [ 73.109316948521638, 18.98557477500059 ], [ 73.10931388931597, 18.985845757593999 ], [ 73.108934081584906, 18.985841876886312 ], [ 73.108937141404226, 18.98557089435241 ] ] ] } },
{ "type": "Feature", "properties": { "plot_id": "M-8274", "property_owner": "Anita Joshi", "plot_area": 1200.0, "property_type": "Mixed Use" }, "geometry": { "type": "Polygon", "coordinates": [ [ [ 73.109316948521638, 18.98557477500059 ], [ 73.109696755731406, 18.985578654870331 ], [ 73.109693697139392, 18.985849637523241 ], [ 73.10931388931597, 18.985845757593999 ], [ 73.109316948521638, 18.98557477500059 ] ] ] } },
{ "type": "Feature", "properties": { "plot_id": "M-8275", "property_owner": "Anita Joshi", "plot_area": 1200.0, "property_type": "Commercial" }, "geometry": { "type": "Polygon", "coordinates": [ [ [ 73.100198529303384, 18.98575240575866 ], [ 73.100578334905137, 18.985756304370515 ], [ 73.100575261533464, 18.986027285583777 ], [ 73.100195455318072, 18.986023386912141 ], [ 73.100198529303384, 18.98575240575866 ] ] ] } },
{ "type": "Feature", "properties": { "plot_id": "M-8276", "property_owner": "Rohit Kulkarni", "plot_area": 1200.0, "property_type": "Commercial" }, "geometry": { "type": "Polygon", "coordinates": [ [ [ 73.100578334905137, 18.985756304370515 ], [ 73.100958140599687, 18.985760202203934 ], [ 73.100955067841653, 18.986031183476971 ], [ 73.100575261533464, 18.986027285583777 ], [ 73.100578334905137, 18.985756304370515 ] ] ] } },
{ "type": "Feature", "properties": { "plot_id": "M-8277", "property_owner": "Mahesh Deshmukh", "plot_area": 1200.0, "property_type": "Residential" }, "geometry": { "type": "Polygon", "coordinates": [ [ [ 73.100958140599687, 18.985760202203934 ], [ 73.101337946386977, 18.985764099258919 ], [ 73.10133487424261, 18.986035080591712 ], [ 73.100955067841653, 18.986031183476971 ], [ 73.100958140599687, 18.985760202203934 ] ] ] } },
{ "type": "Feature", "properties": { "plot_id": "M-8278", "property_owner": "Anita Joshi", "plot_area": 1200.0, "property_type": "Residential" }, "geometry": { "type": "Polygon", "coordinates": [ [ [ 73.101337946386977, 18.985764099258919 ], [ 73.101717752267021, 18.985767995535475 ], [ 73.101714680736308, 18.986038976928018 ], [ 73.10133487424261, 18.986035080591712 ], [ 73.101337946386977, 18.985764099258919 ] ] ] } },
{ "type": "Feature", "properties": { "plot_id": "M-8279", "property_owner": "Suresh Patil", "plot_area": 1200.0, "property_type": "Vacant" }, "geometry": { "type": "Polygon", "coordinates": [ [ [ 73.101717752267021, 18.985767995535475 ], [ 73.102097558239805, 18.98577189103359 ], [ 73.102094487322731, 18.986042872485871 ], [ 73.101714680736308, 18.986038976928018 ], [ 73.101717752267021, 18.985767995535475 ] ] ] } },
{ "type": "Feature", "properties": { "plot_id": "M-8280", "property_owner": "Amit Sharma", "plot_area": 1200.0, "property_type": "Vacant" }, "geometry": { "type": "Polygon", "coordinates": [ [ [ 73.102097558239805, 18.98577189103359 ], [ 73.102477364305287, 18.985775785753269 ], [ 73.102474294001865, 18.986046767265275 ], [ 73.102094487322731, 18.986042872485871 ], [ 73.102097558239805, 18.98577189103359 ] ] ] } },
{ "type": "Feature", "properties": { "plot_id": "M-8281", "property_owner": "Amit Sharma", "plot_area": 1200.0, "property_type": "Residential" }, "geometry": { "type": "Polygon", "coordinates": [ [ [ 73.102477364305287, 18.985775785753269 ], [ 73.102857170463466, 18.985779679694513 ], [ 73.102854100773683, 18.98605066126623 ], [ 73.102474294001865, 18.986046767265275 ], [ 73.102477364305287, 18.985775785753269 ] ] ] } },
{ "type": "Feature", "properties": { "plot_id": "M-8282", "property_owner": "Neha Verma", "plot_area": 1200.0, "property_type": "Vacant" }, "geometry": { "type": "Polygon", "coordinates": [ [ [ 73.102857170463466, 18.985779679694513 ], [ 73.1032369767143, 18.985783572857326 ], [ 73.10323390763817, 18.986054554488739 ], [ 73.102854100773683, 18.98605066126623 ], [ 73.102857170463466, 18.985779679694513 ] ] ] } },
{ "type": "Feature", "properties": { "plot_id": "M-8283", "property_owner": "Vijay More", "plot_area": 1200.0, "property_type": "Commercial" }, "geometry": { "type": "Polygon", "coordinates": [ [ [ 73.1032369767143, 18.985783572857326 ], [ 73.103616783057802, 18.985787465241685 ], [ 73.103613714595326, 18.986058446932798 ], [ 73.10323390763817, 18.986054554488739 ], [ 73.1032369767143, 18.985783572857326 ] ] ] } },
{ "type": "Feature", "properties": { "plot_id": "M-8284", "property_owner": "Rohit Kulkarni", "plot_area": 1200.0, "property_type": "Mixed Use" }, "geometry": { "type": "Polygon", "coordinates": [ [ [ 73.103616783057802, 18.985787465241685 ], [ 73.103996589493931, 18.985791356847617 ], [ 73.103993521645108, 18.986062338598398 ], [ 73.103613714595326, 18.986058446932798 ], [ 73.103616783057802, 18.985787465241685 ] ] ] } },
{ "type": "Feature", "properties": { "plot_id": "M-8285", "property_owner": "Vijay More", "plot_area": 1200.0, "property_type": "Vacant" }, "geometry": { "type": "Polygon", "coordinates": [ [ [ 73.103996589493931, 18.985791356847617 ], [ 73.104376396022673, 18.985795247675103 ], [ 73.104373328787503, 18.986066229485555 ], [ 73.103993521645108, 18.986062338598398 ], [ 73.103996589493931, 18.985791356847617 ] ] ] } },
{ "type": "Feature", "properties": { "plot_id": "M-8286", "property_owner": "Neha Verma", "plot_area": 1200.0, "property_type": "Vacant" }, "geometry": { "type": "Polygon", "coordinates": [ [ [ 73.104376396022673, 18.985795247675103 ], [ 73.104756202644026, 18.985799137724154 ], [ 73.104753136022509, 18.986070119594253 ], [ 73.104373328787503, 18.986066229485555 ], [ 73.104376396022673, 18.985795247675103 ] ] ] } },
{ "type": "Feature", "properties": { "plot_id": "M-8287", "property_owner": "Neha Verma", "plot_area": 1200.0, "property_type": "Residential" }, "geometry": { "type": "Polygon", "coordinates": [ [ [ 73.104756202644026, 18.985799137724154 ], [ 73.105136009357935, 18.985803026994752 ], [ 73.105132943350085, 18.986074008924497 ], [ 73.104753136022509, 18.986070119594253 ], [ 73.104756202644026, 18.985799137724154 ] ] ] } },
{ "type": "Feature", "properties": { "plot_id": "M-8288", "property_owner": "Rohit Kulkarni", "plot_area": 1200.0, "property_type": "Residential" }, "geometry": { "type": "Polygon", "coordinates": [ [ [ 73.105136009357935, 18.985803026994752 ], [ 73.105515816164427, 18.985806915486915 ], [ 73.105512750770217, 18.986077897476289 ], [ 73.105132943350085, 18.986074008924497 ], [ 73.105136009357935, 18.985803026994752 ] ] ] } },
{ "type": "Feature", "properties": { "plot_id": "M-8289", "property_owner": "Sunita Pawar", "plot_area": 1200.0, "property_type": "Residential" }, "geometry": { "type": "Polygon", "coordinates": [ [ [ 73.105515816164427, 18.985806915486915 ], [ 73.105895623063446, 18.985810803200632 ], [ 73.105892558282903, 18.986081785249628 ], [ 73.105512750770217, 18.986077897476289 ], [ 73.105515816164427, 18.985806915486915 ] ] ] } },
{ "type": "Feature", "properties": { "plot_id": "M-8290", "property_owner": "Vijay More", "plot_area": 1200.0, "property_type": "Commercial" }, "geometry": { "type": "Polygon", "coordinates": [ [ [ 73.105895623063446, 18.985810803200632 ], [ 73.106275430054993, 18.985814690135907 ], [ 73.106272365888103, 18.986085672244499 ], [ 73.105892558282903, 18.986081785249628 ], [ 73.105895623063446, 18.985810803200632 ] ] ] } },
{ "type": "Feature", "properties": { "plot_id": "M-8291", "property_owner": "Suresh Patil", "plot_area": 1200.0, "property_type": "Residential" }, "geometry": { "type": "Polygon", "coordinates": [ [ [ 73.106275430054993, 18.985814690135907 ], [ 73.106655237139051, 18.98581857629274 ], [ 73.106652173585815, 18.986089558460925 ], [ 73.106272365888103, 18.986085672244499 ], [ 73.106275430054993, 18.985814690135907 ] ] ] } },
{ "type": "Feature", "properties": { "plot_id": "M-8292", "property_owner": "Rajesh Kumar", "plot_area": 1200.0, "property_type": "Commercial" }, "geometry": { "type": "Polygon", "coordinates": [ [ [ 73.106655237139051, 18.98581857629274 ], [ 73.10703504431558, 18.985822461671113 ], [ 73.107031981376011, 18.986093443898891 ], [ 73.106652173585815, 18.986089558460925 ], [ 73.106655237139051, 18.98581857629274 ] ] ] } },
{ "type": "Feature", "properties": { "plot_id": "M-8293", "property_owner": "Priya Singh", "plot_area": 1200.0, "property_type": "Residential" }, "geometry": { "type": "Polygon", "coordinates": [ [ [ 73.10703504431558, 18.985822461671113 ], [ 73.107414851584579, 18.985826346271054 ], [ 73.107411789258677, 18.986097328558397 ], [ 73.107031981376011, 18.986093443898891 ], [ 73.10703504431558, 18.985822461671113 ] ] ] } },
{ "type": "Feature", "properties": { "plot_id": "M-8294", "property_owner": "Mahesh Deshmukh", "plot_area": 1200.0, "property_type": "Commercial" }, "geometry": { "type": "Polygon", "coordinates": [ [ [ 73.107414851584579, 18.985826346271054 ], [ 73.107794658946048, 18.985830230092546 ], [ 73.107791597233785, 18.98610121243944 ], [ 73.107411789258677, 18.986097328558397 ], [ 73.107414851584579, 18.985826346271054 ] ] ] } },
{ "type": "Feature", "properties": { "plot_id": "M-8295", "property_owner": "Priya Singh", "plot_area": 1200.0, "property_type": "Commercial" }, "geometry": { "type": "Polygon", "coordinates": [ [ [ 73.107794658946048, 18.985830230092546 ], [ 73.108174466399916, 18.985834113135581 ], [ 73.108171405301334, 18.986105095542026 ], [ 73.107791597233785, 18.98610121243944 ], [ 73.107794658946048, 18.985830230092546 ] ] ] } },
{ "type": "Feature", "properties": { "plot_id": "M-8296", "property_owner": "Rohit Kulkarni", "plot_area": 1200.0, "property_type": "Residential" }, "geometry": { "type": "Polygon", "coordinates": [ [ [ 73.108174466399916, 18.985834113135581 ], [ 73.108554273946211, 18.985837995400171 ], [ 73.108551213461283, 18.986108977866152 ], [ 73.108171405301334, 18.986105095542026 ], [ 73.108174466399916, 18.985834113135581 ] ] ] } },
{ "type": "Feature", "properties": { "plot_id": "M-8297", "property_owner": "Mahesh Deshmukh", "plot_area": 1200.0, "property_type": "Commercial" }, "geometry": { "type": "Polygon", "coordinates": [ [ [ 73.108554273946211, 18.985837995400171 ], [ 73.108934081584906, 18.985841876886312 ], [ 73.10893102171363, 18.986112859411811 ], [ 73.108551213461283, 18.986108977866152 ], [ 73.108554273946211, 18.985837995400171 ] ] ] } },
{ "type": "Feature", "properties": { "plot_id": "M-8298", "property_owner": "Rohit Kulkarni", "plot_area": 1200.0, "property_type": "Mixed Use" }, "geometry": { "type": "Polygon", "coordinates": [ [ [ 73.108934081584906, 18.985841876886312 ], [ 73.10931388931597, 18.985845757593999 ], [ 73.109310830058348, 18.986116740179011 ], [ 73.10893102171363, 18.986112859411811 ], [ 73.108934081584906, 18.985841876886312 ] ] ] } },
{ "type": "Feature", "properties": { "plot_id": "M-8299", "property_owner": "Vijay More", "plot_area": 1200.0, "property_type": "Commercial" }, "geometry": { "type": "Polygon", "coordinates": [ [ [ 73.10931388931597, 18.985845757593999 ], [ 73.109693697139392, 18.985849637523241 ], [ 73.109690638495437, 18.98612062016775 ], [ 73.109310830058348, 18.986116740179011 ], [ 73.10931388931597, 18.985845757593999 ] ] ] } },
{ "type": "Feature", "properties": { "plot_id": "M-8300", "property_owner": "Mahesh Deshmukh", "plot_area": 1200.0, "property_type": "Residential" }, "geometry": { "type": "Polygon", "coordinates": [ [ [ 73.100195455318072, 18.986023386912141 ], [ 73.100575261533464, 18.986027285583777 ], [ 73.100572188109624, 18.986298266788641 ], [ 73.100192381280564, 18.986294368057216 ], [ 73.100195455318072, 18.986023386912141 ] ] ] } },
{ "type": "Feature", "properties": { "plot_id": "M-8301", "property_owner": "Amit Sharma", "plot_area": 1200.0, "property_type": "Mixed Use" }, "geometry": { "type": "Polygon", "coordinates": [ [ [ 73.100575261533464, 18.986027285583777 ], [ 73.100955067841653, 18.986031183476971 ], [ 73.100951995031451, 18.986302164741609 ], [ 73.100572188109624, 18.986298266788641 ], [ 73.100575261533464, 18.986027285583777 ] ] ] } },
{ "type": "Feature", "properties": { "plot_id": "M-8302", "property_owner": "Suresh Patil", "plot_area": 1200.0, "property_type": "Residential" }, "geometry": { "type": "Polygon", "coordinates": [ [ [ 73.100955067841653, 18.986031183476971 ], [ 73.10133487424261, 18.986035080591712 ], [ 73.101331802046076, 18.986306061916114 ], [ 73.100951995031451, 18.986302164741609 ], [ 73.100955067841653, 18.986031183476971 ] ] ] } },
{ "type": "Feature", "properties": { "plot_id": "M-8303", "property_owner": "Neha Verma", "plot_area": 1200.0, "property_type": "Vacant" }, "geometry": { "type": "Polygon", "coordinates": [ [ [ 73.10133487424261, 18.986035080591712 ], [ 73.101714680736308, 18.986038976928018 ], [ 73.101711609153426, 18.986309958312162 ], [ 73.101331802046076, 18.986306061916114 ], [ 73.10133487424261, 18.986035080591712 ] ] ] } },
{ "type": "Feature", "properties": { "plot_id": "M-8304", "property_owner": "Anita Joshi", "plot_area": 1200.0, "property_type": "Commercial" }, "geometry": { "type": "Polygon", "coordinates": [ [ [ 73.101714680736308, 18.986038976928018 ], [ 73.102094487322731, 18.986042872485871 ], [ 73.102091416353502, 18.986313853929754 ], [ 73.101711609153426, 18.986309958312162 ], [ 73.101714680736308, 18.986038976928018 ] ] ] } },
{ "type": "Feature", "properties": { "plot_id": "M-8305", "property_owner": "Suresh Patil", "plot_area": 1200.0, "property_type": "Commercial" }, "geometry": { "type": "Polygon", "coordinates": [ [ [ 73.102094487322731, 18.986042872485871 ], [ 73.102474294001865, 18.986046767265275 ], [ 73.102471223646305, 18.986317748768883 ], [ 73.102091416353502, 18.986313853929754 ], [ 73.102094487322731, 18.986042872485871 ] ] ] } },
{ "type": "Feature", "properties": { "plot_id": "M-8306", "property_owner": "Suresh Patil", "plot_area": 1200.0, "property_type": "Mixed Use" }, "geometry": { "type": "Polygon", "coordinates": [ [ [ 73.102474294001865, 18.986046767265275 ], [ 73.102854100773683, 18.98605066126623 ], [ 73.10285103103179, 18.986321642829548 ], [ 73.102471223646305, 18.986317748768883 ], [ 73.102474294001865, 18.986046767265275 ] ] ] } },
{ "type": "Feature", "properties": { "plot_id": "M-8307", "property_owner": "Mahesh Deshmukh", "plot_area": 1200.0, "property_type": "Residential" }, "geometry": { "type": "Polygon", "coordinates": [ [ [ 73.102854100773683, 18.98605066126623 ], [ 73.10323390763817, 18.986054554488739 ], [ 73.103230838509944, 18.98632553611176 ], [ 73.10285103103179, 18.986321642829548 ], [ 73.102854100773683, 18.98605066126623 ] ] ] } },
{ "type": "Feature", "properties": { "plot_id": "M-8308", "property_owner": "Mahesh Deshmukh", "plot_area": 1200.0, "property_type": "Residential" }, "geometry": { "type": "Polygon", "coordinates": [ [ [ 73.10323390763817, 18.986054554488739 ], [ 73.103613714595326, 18.986058446932798 ], [ 73.103610646080753, 18.986329428615505 ], [ 73.103230838509944, 18.98632553611176 ], [ 73.10323390763817, 18.986054554488739 ] ] ] } },
{ "type": "Feature", "properties": { "plot_id": "M-8309", "property_owner": "Vijay More", "plot_area": 1200.0, "property_type": "Vacant" }, "geometry": { "type": "Polygon", "coordinates": [ [ [ 73.103613714595326, 18.986058446932798 ], [ 73.103993521645108, 18.986062338598398 ], [ 73.103990453744203, 18.986333320340787 ], [ 73.103610646080753, 18.986329428615505 ], [ 73.103613714595326, 18.986058446932798 ] ] ] } },
{ "type": "Feature", "properties": { "plot_id": "M-8310", "property_owner": "Vijay More", "plot_area": 1200.0, "property_type": "Residential" }, "geometry": { "type": "Polygon", "coordinates": [ [ [ 73.103993521645108, 18.986062338598398 ], [ 73.104373328787503, 18.986066229485555 ], [ 73.104370261500264, 18.986337211287601 ], [ 73.103990453744203, 18.986333320340787 ], [ 73.103993521645108, 18.986062338598398 ] ] ] } },
{ "type": "Feature", "properties": { "plot_id": "M-8311", "property_owner": "Sunita Pawar", "plot_area": 1200.0, "property_type": "Mixed Use" }, "geometry": { "type": "Polygon", "coordinates": [ [ [ 73.104373328787503, 18.986066229485555 ], [ 73.104753136022509, 18.986070119594253 ], [ 73.104750069348924, 18.986341101455956 ], [ 73.104370261500264, 18.986337211287601 ], [ 73.104373328787503, 18.986066229485555 ] ] ] } },
{ "type": "Feature", "properties": { "plot_id": "M-8312", "property_owner": "Rajesh Kumar", "plot_area": 1200.0, "property_type": "Vacant" }, "geometry": { "type": "Polygon", "coordinates": [ [ [ 73.104753136022509, 18.986070119594253 ], [ 73.105132943350085, 18.986074008924497 ], [ 73.105129877290167, 18.986344990845843 ], [ 73.104750069348924, 18.986341101455956 ], [ 73.104753136022509, 18.986070119594253 ] ] ] } },
{ "type": "Feature", "properties": { "plot_id": "M-8313", "property_owner": "Rohit Kulkarni", "plot_area": 1200.0, "property_type": "Residential" }, "geometry": { "type": "Polygon", "coordinates": [ [ [ 73.105132943350085, 18.986074008924497 ], [ 73.105512750770217, 18.986077897476289 ], [ 73.105509685323966, 18.986348879457267 ], [ 73.105129877290167, 18.986344990845843 ], [ 73.105132943350085, 18.986074008924497 ] ] ] } },
{ "type": "Feature", "properties": { "plot_id": "M-8314", "property_owner": "Anita Joshi", "plot_area": 1200.0, "property_type": "Mixed Use" }, "geometry": { "type": "Polygon", "coordinates": [ [ [ 73.105512750770217, 18.986077897476289 ], [ 73.105892558282903, 18.986081785249628 ], [ 73.105889493450306, 18.986352767290217 ], [ 73.105509685323966, 18.986348879457267 ], [ 73.105512750770217, 18.986077897476289 ] ] ] } },
{ "type": "Feature", "properties": { "plot_id": "M-8315", "property_owner": "Rohit Kulkarni", "plot_area": 1200.0, "property_type": "Commercial" }, "geometry": { "type": "Polygon", "coordinates": [ [ [ 73.105892558282903, 18.986081785249628 ], [ 73.106272365888103, 18.986085672244499 ], [ 73.106269301669187, 18.986356654344704 ], [ 73.105889493450306, 18.986352767290217 ], [ 73.105892558282903, 18.986081785249628 ] ] ] } },
{ "type": "Feature", "properties": { "plot_id": "M-8316", "property_owner": "Anita Joshi", "plot_area": 1200.0, "property_type": "Commercial" }, "geometry": { "type": "Polygon", "coordinates": [ [ [ 73.106272365888103, 18.986085672244499 ], [ 73.106652173585815, 18.986089558460925 ], [ 73.106649109980552, 18.986360540620716 ], [ 73.106269301669187, 18.986356654344704 ], [ 73.106272365888103, 18.986085672244499 ] ] ] } },
{ "type": "Feature", "properties": { "plot_id": "M-8317", "property_owner": "Sunita Pawar", "plot_area": 1200.0, "property_type": "Mixed Use" }, "geometry": { "type": "Polygon", "coordinates": [ [ [ 73.106652173585815, 18.986089558460925 ], [ 73.107031981376011, 18.986093443898891 ], [ 73.107028918384415, 18.986364426118264 ], [ 73.106649109980552, 18.986360540620716 ], [ 73.106652173585815, 18.986089558460925 ] ] ] } },
{ "type": "Feature", "properties": { "plot_id": "M-8318", "property_owner": "Mahesh Deshmukh", "plot_area": 1200.0, "property_type": "Vacant" }, "geometry": { "type": "Polygon", "coordinates": [ [ [ 73.107031981376011, 18.986093443898891 ], [ 73.107411789258677, 18.986097328558397 ], [ 73.107408726880749, 18.986368310837339 ], [ 73.107028918384415, 18.986364426118264 ], [ 73.107031981376011, 18.986093443898891 ] ] ] } },
{ "type": "Feature", "properties": { "plot_id": "M-8319", "property_owner": "Rohit Kulkarni", "plot_area": 1200.0, "property_type": "Vacant" }, "geometry": { "type": "Polygon", "coordinates": [ [ [ 73.107411789258677, 18.986097328558397 ], [ 73.107791597233785, 18.98610121243944 ], [ 73.107788535469538, 18.986372194777946 ], [ 73.107408726880749, 18.986368310837339 ], [ 73.107411789258677, 18.986097328558397 ] ] ] } },
{ "type": "Feature", "properties": { "plot_id": "M-8320", "property_owner": "Mahesh Deshmukh", "plot_area": 1200.0, "property_type": "Mixed Use" }, "geometry": { "type": "Polygon", "coordinates": [ [ [ 73.107791597233785, 18.98610121243944 ], [ 73.108171405301334, 18.986105095542026 ], [ 73.108168344150741, 18.986376077940072 ], [ 73.107788535469538, 18.986372194777946 ], [ 73.107791597233785, 18.98610121243944 ] ] ] } },
{ "type": "Feature", "properties": { "plot_id": "M-8321", "property_owner": "Vijay More", "plot_area": 1200.0, "property_type": "Commercial" }, "geometry": { "type": "Polygon", "coordinates": [ [ [ 73.108171405301334, 18.986105095542026 ], [ 73.108551213461283, 18.986108977866152 ], [ 73.108548152924371, 18.986379960323738 ], [ 73.108168344150741, 18.986376077940072 ], [ 73.108171405301334, 18.986105095542026 ] ] ] } },
{ "type": "Feature", "properties": { "plot_id": "M-8322", "property_owner": "Suresh Patil", "plot_area": 1200.0, "property_type": "Mixed Use" }, "geometry": { "type": "Polygon", "coordinates": [ [ [ 73.108551213461283, 18.986108977866152 ], [ 73.10893102171363, 18.986112859411811 ], [ 73.108927961790386, 18.986383841928916 ], [ 73.108548152924371, 18.986379960323738 ], [ 73.108551213461283, 18.986108977866152 ] ] ] } },
{ "type": "Feature", "properties": { "plot_id": "M-8323", "property_owner": "Rohit Kulkarni", "plot_area": 1200.0, "property_type": "Commercial" }, "geometry": { "type": "Polygon", "coordinates": [ [ [ 73.10893102171363, 18.986112859411811 ], [ 73.109310830058348, 18.986116740179011 ], [ 73.109307770748799, 18.986387722755623 ], [ 73.108927961790386, 18.986383841928916 ], [ 73.10893102171363, 18.986112859411811 ] ] ] } },
{ "type": "Feature", "properties": { "plot_id": "M-8324", "property_owner": "Rohit Kulkarni", "plot_area": 1200.0, "property_type": "Vacant" }, "geometry": { "type": "Polygon", "coordinates": [ [ [ 73.109310830058348, 18.986116740179011 ], [ 73.109690638495437, 18.98612062016775 ], [ 73.109687579799555, 18.98639160280386 ], [ 73.109307770748799, 18.986387722755623 ], [ 73.109310830058348, 18.986116740179011 ] ] ] } },
{ "type": "Feature", "properties": { "plot_id": "M-8325", "property_owner": "Vijay More", "plot_area": 1200.0, "property_type": "Residential" }, "geometry": { "type": "Polygon", "coordinates": [ [ [ 73.100192381280564, 18.986294368057216 ], [ 73.100572188109624, 18.986298266788641 ], [ 73.100569114633572, 18.986569247985095 ], [ 73.100189307190846, 18.986565349193889 ], [ 73.100192381280564, 18.986294368057216 ] ] ] } },
{ "type": "Feature", "properties": { "plot_id": "M-8326", "property_owner": "Rohit Kulkarni", "plot_area": 1200.0, "property_type": "Mixed Use" }, "geometry": { "type": "Polygon", "coordinates": [ [ [ 73.100572188109624, 18.986298266788641 ], [ 73.100951995031451, 18.986302164741609 ], [ 73.100948922169081, 18.986573145997834 ], [ 73.100569114633572, 18.986569247985095 ], [ 73.100572188109624, 18.986298266788641 ] ] ] } },
{ "type": "Feature", "properties": { "plot_id": "M-8327", "property_owner": "Amit Sharma", "plot_area": 1200.0, "property_type": "Vacant" }, "geometry": { "type": "Polygon", "coordinates": [ [ [ 73.100951995031451, 18.986302164741609 ], [ 73.101331802046076, 18.986306061916114 ], [ 73.101328729797359, 18.986577043232099 ], [ 73.100948922169081, 18.986573145997834 ], [ 73.100951995031451, 18.986302164741609 ] ] ] } },
{ "type": "Feature", "properties": { "plot_id": "M-8328", "property_owner": "Priya Singh", "plot_area": 1200.0, "property_type": "Mixed Use" }, "geometry": { "type": "Polygon", "coordinates": [ [ [ 73.101331802046076, 18.986306061916114 ], [ 73.101711609153426, 18.986309958312162 ], [ 73.101708537518391, 18.986580939687901 ], [ 73.101328729797359, 18.986577043232099 ], [ 73.101331802046076, 18.986306061916114 ] ] ] } },
{ "type": "Feature", "properties": { "plot_id": "M-8329", "property_owner": "Neha Verma", "plot_area": 1200.0, "property_type": "Mixed Use" }, "geometry": { "type": "Polygon", "coordinates": [ [ [ 73.101711609153426, 18.986309958312162 ], [ 73.102091416353502, 18.986313853929754 ], [ 73.102088345332135, 18.986584835365232 ], [ 73.101708537518391, 18.986580939687901 ], [ 73.101711609153426, 18.986309958312162 ] ] ] } },
{ "type": "Feature", "properties": { "plot_id": "M-8330", "property_owner": "Neha Verma", "plot_area": 1200.0, "property_type": "Mixed Use" }, "geometry": { "type": "Polygon", "coordinates": [ [ [ 73.102091416353502, 18.986313853929754 ], [ 73.102471223646305, 18.986317748768883 ], [ 73.102468153238604, 18.986588730264085 ], [ 73.102088345332135, 18.986584835365232 ], [ 73.102091416353502, 18.986313853929754 ] ] ] } },
{ "type": "Feature", "properties": { "plot_id": "M-8331", "property_owner": "Sunita Pawar", "plot_area": 1200.0, "property_type": "Residential" }, "geometry": { "type": "Polygon", "coordinates": [ [ [ 73.102471223646305, 18.986317748768883 ], [ 73.10285103103179, 18.986321642829548 ], [ 73.102847961237757, 18.986592624384468 ], [ 73.102468153238604, 18.986588730264085 ], [ 73.102471223646305, 18.986317748768883 ] ] ] } },
{ "type": "Feature", "properties": { "plot_id": "M-8332", "property_owner": "Sunita Pawar", "plot_area": 1200.0, "property_type": "Commercial" }, "geometry": { "type": "Polygon", "coordinates": [ [ [ 73.10285103103179, 18.986321642829548 ], [ 73.103230838509944, 18.98632553611176 ], [ 73.103227769329578, 18.986596517726372 ], [ 73.102847961237757, 18.986592624384468 ], [ 73.10285103103179, 18.986321642829548 ] ] ] } },
{ "type": "Feature", "properties": { "plot_id": "M-8333", "property_owner": "Suresh Patil", "plot_area": 1200.0, "property_type": "Commercial" }, "geometry": { "type": "Polygon", "coordinates": [ [ [ 73.103230838509944, 18.98632553611176 ], [ 73.103610646080753, 18.986329428615505 ], [ 73.103607577514069, 18.98660041028981 ], [ 73.103227769329578, 18.986596517726372 ], [ 73.103230838509944, 18.98632553611176 ] ] ] } },
{ "type": "Feature", "properties": { "plot_id": "M-8334", "property_owner": "Anita Joshi", "plot_area": 1200.0, "property_type": "Vacant" }, "geometry": { "type": "Polygon", "coordinates": [ [ [ 73.103610646080753, 18.986329428615505 ], [ 73.103990453744203, 18.986333320340787 ], [ 73.103987385791186, 18.98660430207477 ], [ 73.103607577514069, 18.98660041028981 ], [ 73.103610646080753, 18.986329428615505 ] ] ] } },
{ "type": "Feature", "properties": { "plot_id": "M-8335", "property_owner": "Sunita Pawar", "plot_area": 1200.0, "property_type": "Commercial" }, "geometry": { "type": "Polygon", "coordinates": [ [ [ 73.103990453744203, 18.986333320340787 ], [ 73.104370261500264, 18.986337211287601 ], [ 73.104367194160929, 18.986608193081256 ], [ 73.103987385791186, 18.98660430207477 ], [ 73.103990453744203, 18.986333320340787 ] ] ] } },
{ "type": "Feature", "properties": { "plot_id": "M-8336", "property_owner": "Rohit Kulkarni", "plot_area": 1200.0, "property_type": "Vacant" }, "geometry": { "type": "Polygon", "coordinates": [ [ [ 73.104370261500264, 18.986337211287601 ], [ 73.104750069348924, 18.986341101455956 ], [ 73.104747002623256, 18.986612083309261 ], [ 73.104367194160929, 18.986608193081256 ], [ 73.104370261500264, 18.986337211287601 ] ] ] } },
{ "type": "Feature", "properties": { "plot_id": "M-8337", "property_owner": "Rohit Kulkarni", "plot_area": 1200.0, "property_type": "Residential" }, "geometry": { "type": "Polygon", "coordinates": [ [ [ 73.104750069348924, 18.986341101455956 ], [ 73.105129877290167, 18.986344990845843 ], [ 73.105126811178181, 18.986615972758791 ], [ 73.104747002623256, 18.986612083309261 ], [ 73.104750069348924, 18.986341101455956 ] ] ] } },
{ "type": "Feature", "properties": { "plot_id": "M-8338", "property_owner": "Suresh Patil", "plot_area": 1200.0, "property_type": "Mixed Use" }, "geometry": { "type": "Polygon", "coordinates": [ [ [ 73.105129877290167, 18.986344990845843 ], [ 73.105509685323966, 18.986348879457267 ], [ 73.105506619825661, 18.98661986142984 ], [ 73.105126811178181, 18.986615972758791 ], [ 73.105129877290167, 18.986344990845843 ] ] ] } },
{ "type": "Feature", "properties": { "plot_id": "M-8339", "property_owner": "Priya Singh", "plot_area": 1200.0, "property_type": "Vacant" }, "geometry": { "type": "Polygon", "coordinates": [ [ [ 73.105509685323966, 18.986348879457267 ], [ 73.105889493450306, 18.986352767290217 ], [ 73.105886428565668, 18.986623749322405 ], [ 73.105506619825661, 18.98661986142984 ], [ 73.105509685323966, 18.986348879457267 ] ] ] } },
{ "type": "Feature", "properties": { "plot_id": "M-8340", "property_owner": "Priya Singh", "plot_area": 1200.0, "property_type": "Mixed Use" }, "geometry": { "type": "Polygon", "coordinates": [ [ [ 73.105889493450306, 18.986352767290217 ], [ 73.106269301669187, 18.986356654344704 ], [ 73.106266237398216, 18.986627636436499 ], [ 73.105886428565668, 18.986623749322405 ], [ 73.105889493450306, 18.986352767290217 ] ] ] } },
{ "type": "Feature", "properties": { "plot_id": "M-8341", "property_owner": "Mahesh Deshmukh", "plot_area": 1200.0, "property_type": "Mixed Use" }, "geometry": { "type": "Polygon", "coordinates": [ [ [ 73.106269301669187, 18.986356654344704 ], [ 73.106649109980552, 18.986360540620716 ], [ 73.106646046323277, 18.986631522772107 ], [ 73.106266237398216, 18.986627636436499 ], [ 73.106269301669187, 18.986356654344704 ] ] ] } },
{ "type": "Feature", "properties": { "plot_id": "M-8342", "property_owner": "Rohit Kulkarni", "plot_area": 1200.0, "property_type": "Mixed Use" }, "geometry": { "type": "Polygon", "coordinates": [ [ [ 73.106649109980552, 18.986360540620716 ], [ 73.107028918384415, 18.986364426118264 ], [ 73.107025855340822, 18.986635408329235 ], [ 73.106646046323277, 18.986631522772107 ], [ 73.106649109980552, 18.986360540620716 ] ] ] } },
{ "type": "Feature", "properties": { "plot_id": "M-8343", "property_owner": "Anita Joshi", "plot_area": 1200.0, "property_type": "Mixed Use" }, "geometry": { "type": "Polygon", "coordinates": [ [ [ 73.107028918384415, 18.986364426118264 ], [ 73.107408726880749, 18.986368310837339 ], [ 73.107405664450823, 18.986639293107881 ], [ 73.107025855340822, 18.986635408329235 ], [ 73.107028918384415, 18.986364426118264 ] ] ] } },
{ "type": "Feature", "properties": { "plot_id": "M-8344", "property_owner": "Vijay More", "plot_area": 1200.0, "property_type": "Vacant" }, "geometry": { "type": "Polygon", "coordinates": [ [ [ 73.107408726880749, 18.986368310837339 ], [ 73.107788535469538, 18.986372194777946 ], [ 73.10778547365328, 18.986643177108043 ], [ 73.107405664450823, 18.986639293107881 ], [ 73.107408726880749, 18.986368310837339 ] ] ] } },
{ "type": "Feature", "properties": { "plot_id": "M-8345", "property_owner": "Neha Verma", "plot_area": 1200.0, "property_type": "Mixed Use" }, "geometry": { "type": "Polygon", "coordinates": [ [ [ 73.107788535469538, 18.986372194777946 ], [ 73.108168344150741, 18.986376077940072 ], [ 73.108165282948178, 18.986647060329719 ], [ 73.10778547365328, 18.986643177108043 ], [ 73.107788535469538, 18.986372194777946 ] ] ] } },
{ "type": "Feature", "properties": { "plot_id": "M-8346", "property_owner": "Neha Verma", "plot_area": 1200.0, "property_type": "Commercial" }, "geometry": { "type": "Polygon", "coordinates": [ [ [ 73.108168344150741, 18.986376077940072 ], [ 73.108548152924371, 18.986379960323738 ], [ 73.10854509233549, 18.986650942772915 ], [ 73.108165282948178, 18.986647060329719 ], [ 73.108168344150741, 18.986376077940072 ] ] ] } },
{ "type": "Feature", "properties": { "plot_id": "M-8347", "property_owner": "Suresh Patil", "plot_area": 1200.0, "property_type": "Commercial" }, "geometry": { "type": "Polygon", "coordinates": [ [ [ 73.108548152924371, 18.986379960323738 ], [ 73.108927961790386, 18.986383841928916 ], [ 73.108924901815186, 18.986654824437622 ], [ 73.10854509233549, 18.986650942772915 ], [ 73.108548152924371, 18.986379960323738 ] ] ] } },
{ "type": "Feature", "properties": { "plot_id": "M-8348", "property_owner": "Vijay More", "plot_area": 1200.0, "property_type": "Residential" }, "geometry": { "type": "Polygon", "coordinates": [ [ [ 73.108927961790386, 18.986383841928916 ], [ 73.109307770748799, 18.986387722755623 ], [ 73.109304711387281, 18.986658705323844 ], [ 73.108924901815186, 18.986654824437622 ], [ 73.108927961790386, 18.986383841928916 ] ] ] } },
{ "type": "Feature", "properties": { "plot_id": "M-8349", "property_owner": "Sunita Pawar", "plot_area": 1200.0, "property_type": "Commercial" }, "geometry": { "type": "Polygon", "coordinates": [ [ [ 73.109307770748799, 18.986387722755623 ], [ 73.109687579799555, 18.98639160280386 ], [ 73.109684521051705, 18.986662585431578 ], [ 73.109304711387281, 18.986658705323844 ], [ 73.109307770748799, 18.986387722755623 ] ] ] } },
{ "type": "Feature", "properties": { "plot_id": "M-8350", "property_owner": "Priya Singh", "plot_area": 1200.0, "property_type": "Commercial" }, "geometry": { "type": "Polygon", "coordinates": [ [ [ 73.100189307190846, 18.986565349193889 ], [ 73.100569114633572, 18.986569247985095 ], [ 73.100566041105338, 18.986840229173144 ], [ 73.100186233048944, 18.986836330322156 ], [ 73.100189307190846, 18.986565349193889 ] ] ] } },
{ "type": "Feature", "properties": { "plot_id": "M-8351", "property_owner": "Rohit Kulkarni", "plot_area": 1200.0, "property_type": "Mixed Use" }, "geometry": { "type": "Polygon", "coordinates": [ [ [ 73.100569114633572, 18.986569247985095 ], [ 73.100948922169081, 18.986573145997834 ], [ 73.100945849254529, 18.986844127245657 ], [ 73.100566041105338, 18.986840229173144 ], [ 73.100569114633572, 18.986569247985095 ] ] ] } },
{ "type": "Feature", "properties": { "plot_id": "M-8352", "property_owner": "Mahesh Deshmukh", "plot_area": 1200.0, "property_type": "Mixed Use" }, "geometry": { "type": "Polygon", "coordinates": [ [ [ 73.100948922169081, 18.986573145997834 ], [ 73.101328729797359, 18.986577043232099 ], [ 73.101325657496488, 18.986848024539686 ], [ 73.100945849254529, 18.986844127245657 ], [ 73.100948922169081, 18.986573145997834 ] ] ] } },
{ "type": "Feature", "properties": { "plot_id": "M-8353", "property_owner": "Suresh Patil", "plot_area": 1200.0, "property_type": "Commercial" }, "geometry": { "type": "Polygon", "coordinates": [ [ [ 73.101328729797359, 18.986577043232099 ], [ 73.101708537518391, 18.986580939687901 ], [ 73.101705465831202, 18.986851921055241 ], [ 73.101325657496488, 18.986848024539686 ], [ 73.101328729797359, 18.986577043232099 ] ] ] } },
{ "type": "Feature", "properties": { "plot_id": "M-8354", "property_owner": "Neha Verma", "plot_area": 1200.0, "property_type": "Commercial" }, "geometry": { "type": "Polygon", "coordinates": [ [ [ 73.101708537518391, 18.986580939687901 ], [ 73.102088345332135, 18.986584835365232 ], [ 73.102085274258627, 18.9868558167923 ], [ 73.101705465831202, 18.986851921055241 ], [ 73.101708537518391, 18.986580939687901 ] ] ] } },
{ "type": "Feature", "properties": { "plot_id": "M-8355", "property_owner": "Vijay More", "plot_area": 1200.0, "property_type": "Commercial" }, "geometry": { "type": "Polygon", "coordinates": [ [ [ 73.102088345332135, 18.986584835365232 ], [ 73.102468153238604, 18.986588730264085 ], [ 73.102465082778764, 18.986859711750885 ], [ 73.102085274258627, 18.9868558167923 ], [ 73.102088345332135, 18.986584835365232 ] ] ] } },
{ "type": "Feature", "properties": { "plot_id": "M-8356", "property_owner": "Neha Verma", "plot_area": 1200.0, "property_type": "Residential" }, "geometry": { "type": "Polygon", "coordinates": [ [ [ 73.102468153238604, 18.986588730264085 ], [ 73.102847961237757, 18.986592624384468 ], [ 73.102844891391598, 18.986863605930981 ], [ 73.102465082778764, 18.986859711750885 ], [ 73.102468153238604, 18.986588730264085 ] ] ] } },
{ "type": "Feature", "properties": { "plot_id": "M-8357", "property_owner": "Sunita Pawar", "plot_area": 1200.0, "property_type": "Commercial" }, "geometry": { "type": "Polygon", "coordinates": [ [ [ 73.102847961237757, 18.986592624384468 ], [ 73.103227769329578, 18.986596517726372 ], [ 73.103224700097115, 18.986867499332586 ], [ 73.102844891391598, 18.986863605930981 ], [ 73.102847961237757, 18.986592624384468 ] ] ] } },
{ "type": "Feature", "properties": { "plot_id": "M-8358", "property_owner": "Neha Verma", "plot_area": 1200.0, "property_type": "Residential" }, "geometry": { "type": "Polygon", "coordinates": [ [ [ 73.103227769329578, 18.986596517726372 ], [ 73.103607577514069, 18.98660041028981 ], [ 73.103604508895273, 18.986871391955713 ], [ 73.103224700097115, 18.986867499332586 ], [ 73.103227769329578, 18.986596517726372 ] ] ] } },
{ "type": "Feature", "properties": { "plot_id": "M-8359", "property_owner": "Rajesh Kumar", "plot_area": 1200.0, "property_type": "Mixed Use" }, "geometry": { "type": "Polygon", "coordinates": [ [ [ 73.103607577514069, 18.98660041028981 ], [ 73.103987385791186, 18.98660430207477 ], [ 73.103984317786072, 18.986875283800348 ], [ 73.103604508895273, 18.986871391955713 ], [ 73.103607577514069, 18.98660041028981 ] ] ] } },
{ "type": "Feature", "properties": { "plot_id": "M-8360", "property_owner": "Amit Sharma", "plot_area": 1200.0, "property_type": "Vacant" }, "geometry": { "type": "Polygon", "coordinates": [ [ [ 73.103987385791186, 18.98660430207477 ], [ 73.104367194160929, 18.986608193081256 ], [ 73.104364126769511, 18.986879174866498 ], [ 73.103984317786072, 18.986875283800348 ], [ 73.103987385791186, 18.98660430207477 ] ] ] } },
{ "type": "Feature", "properties": { "plot_id": "M-8361", "property_owner": "Suresh Patil", "plot_area": 1200.0, "property_type": "Residential" }, "geometry": { "type": "Polygon", "coordinates": [ [ [ 73.104367194160929, 18.986608193081256 ], [ 73.104747002623256, 18.986612083309261 ], [ 73.104743935845519, 18.98688306515416 ], [ 73.104364126769511, 18.986879174866498 ], [ 73.104367194160929, 18.986608193081256 ] ] ] } },
{ "type": "Feature", "properties": { "plot_id": "M-8362", "property_owner": "Mahesh Deshmukh", "plot_area": 1200.0, "property_type": "Mixed Use" }, "geometry": { "type": "Polygon", "coordinates": [ [ [ 73.104747002623256, 18.986612083309261 ], [ 73.105126811178181, 18.986615972758791 ], [ 73.105123745014112, 18.98688695466333 ], [ 73.104743935845519, 18.98688306515416 ], [ 73.104747002623256, 18.986612083309261 ] ] ] } },
{ "type": "Feature", "properties": { "plot_id": "M-8363", "property_owner": "Rohit Kulkarni", "plot_area": 1200.0, "property_type": "Vacant" }, "geometry": { "type": "Polygon", "coordinates": [ [ [ 73.105126811178181, 18.986615972758791 ], [ 73.105506619825661, 18.98661986142984 ], [ 73.105503554275288, 18.986890843394008 ], [ 73.105123745014112, 18.98688695466333 ], [ 73.105126811178181, 18.986615972758791 ] ] ] } },
{ "type": "Feature", "properties": { "plot_id": "M-8364", "property_owner": "Rohit Kulkarni", "plot_area": 1200.0, "property_type": "Mixed Use" }, "geometry": { "type": "Polygon", "coordinates": [ [ [ 73.105506619825661, 18.98661986142984 ], [ 73.105886428565668, 18.986623749322405 ], [ 73.10588336362899, 18.986894731346201 ], [ 73.105503554275288, 18.986890843394008 ], [ 73.105506619825661, 18.98661986142984 ] ] ] } },
{ "type": "Feature", "properties": { "plot_id": "M-8365", "property_owner": "Amit Sharma", "plot_area": 1200.0, "property_type": "Residential" }, "geometry": { "type": "Polygon", "coordinates": [ [ [ 73.105886428565668, 18.986623749322405 ], [ 73.106266237398216, 18.986627636436499 ], [ 73.106263173075234, 18.986898618519898 ], [ 73.10588336362899, 18.986894731346201 ], [ 73.105886428565668, 18.986623749322405 ] ] ] } },
{ "type": "Feature", "properties": { "plot_id": "M-8366", "property_owner": "Neha Verma", "plot_area": 1200.0, "property_type": "Vacant" }, "geometry": { "type": "Polygon", "coordinates": [ [ [ 73.106266237398216, 18.986627636436499 ], [ 73.106646046323277, 18.986631522772107 ], [ 73.106642982613977, 18.986902504915101 ], [ 73.106263173075234, 18.986898618519898 ], [ 73.106266237398216, 18.986627636436499 ] ] ] } },
{ "type": "Feature", "properties": { "plot_id": "M-8367", "property_owner": "Suresh Patil", "plot_area": 1200.0, "property_type": "Residential" }, "geometry": { "type": "Polygon", "coordinates": [ [ [ 73.106646046323277, 18.986631522772107 ], [ 73.107025855340822, 18.986635408329235 ], [ 73.107022792245189, 18.986906390531807 ], [ 73.106642982613977, 18.986902504915101 ], [ 73.106646046323277, 18.986631522772107 ] ] ] } },
{ "type": "Feature", "properties": { "plot_id": "M-8368", "property_owner": "Anita Joshi", "plot_area": 1200.0, "property_type": "Vacant" }, "geometry": { "type": "Polygon", "coordinates": [ [ [ 73.107025855340822, 18.986635408329235 ], [ 73.107405664450823, 18.986639293107881 ], [ 73.107402601968886, 18.986910275370025 ], [ 73.107022792245189, 18.986906390531807 ], [ 73.107025855340822, 18.986635408329235 ] ] ] } },
{ "type": "Feature", "properties": { "plot_id": "M-8369", "property_owner": "Suresh Patil", "plot_area": 1200.0, "property_type": "Residential" }, "geometry": { "type": "Polygon", "coordinates": [ [ [ 73.107405664450823, 18.986639293107881 ], [ 73.10778547365328, 18.986643177108043 ], [ 73.107782411785053, 18.986914159429748 ], [ 73.107402601968886, 18.986910275370025 ], [ 73.107405664450823, 18.986639293107881 ] ] ] } },
{ "type": "Feature", "properties": { "plot_id": "M-8370", "property_owner": "Amit Sharma", "plot_area": 1200.0, "property_type": "Commercial" }, "geometry": { "type": "Polygon", "coordinates": [ [ [ 73.10778547365328, 18.986643177108043 ], [ 73.108165282948178, 18.986647060329719 ], [ 73.108162221693632, 18.986918042710968 ], [ 73.107782411785053, 18.986914159429748 ], [ 73.10778547365328, 18.986643177108043 ] ] ] } },
{ "type": "Feature", "properties": { "plot_id": "M-8371", "property_owner": "Mahesh Deshmukh", "plot_area": 1200.0, "property_type": "Mixed Use" }, "geometry": { "type": "Polygon", "coordinates": [ [ [ 73.108165282948178, 18.986647060329719 ], [ 73.10854509233549, 18.986650942772915 ], [ 73.108542031694626, 18.986921925213696 ], [ 73.108162221693632, 18.986918042710968 ], [ 73.108165282948178, 18.986647060329719 ] ] ] } },
{ "type": "Feature", "properties": { "plot_id": "M-8372", "property_owner": "Suresh Patil", "plot_area": 1200.0, "property_type": "Commercial" }, "geometry": { "type": "Polygon", "coordinates": [ [ [ 73.10854509233549, 18.986650942772915 ], [ 73.108924901815186, 18.986654824437622 ], [ 73.108921841788032, 18.986925806937922 ], [ 73.108542031694626, 18.986921925213696 ], [ 73.10854509233549, 18.986650942772915 ] ] ] } },
{ "type": "Feature", "properties": { "plot_id": "M-8373", "property_owner": "Suresh Patil", "plot_area": 1200.0, "property_type": "Vacant" }, "geometry": { "type": "Polygon", "coordinates": [ [ [ 73.108924901815186, 18.986654824437622 ], [ 73.109304711387281, 18.986658705323844 ], [ 73.109301651973809, 18.986929687883659 ], [ 73.108921841788032, 18.986925806937922 ], [ 73.108924901815186, 18.986654824437622 ] ] ] } },
{ "type": "Feature", "properties": { "plot_id": "M-8374", "property_owner": "Mahesh Deshmukh", "plot_area": 1200.0, "property_type": "Commercial" }, "geometry": { "type": "Polygon", "coordinates": [ [ [ 73.109304711387281, 18.986658705323844 ], [ 73.109684521051705, 18.986662585431578 ], [ 73.109681462251942, 18.986933568050887 ], [ 73.109301651973809, 18.986929687883659 ], [ 73.109304711387281, 18.986658705323844 ] ] ] } },
{ "type": "Feature", "properties": { "plot_id": "M-8375", "property_owner": "Sunita Pawar", "plot_area": 1200.0, "property_type": "Vacant" }, "geometry": { "type": "Polygon", "coordinates": [ [ [ 73.100186233048944, 18.986836330322156 ], [ 73.100566041105338, 18.986840229173144 ], [ 73.100562967524922, 18.987111210352801 ], [ 73.100183158854819, 18.987107311442024 ], [ 73.100186233048944, 18.986836330322156 ] ] ] } },
{ "type": "Feature", "properties": { "plot_id": "M-8376", "property_owner": "Rohit Kulkarni", "plot_area": 1200.0, "property_type": "Vacant" }, "geometry": { "type": "Polygon", "coordinates": [ [ [ 73.100566041105338, 18.986840229173144 ], [ 73.100945849254529, 18.986844127245657 ], [ 73.100942776287795, 18.987115108485085 ], [ 73.100562967524922, 18.987111210352801 ], [ 73.100566041105338, 18.986840229173144 ] ] ] } },
{ "type": "Feature", "properties": { "plot_id": "M-8377", "property_owner": "Neha Verma", "plot_area": 1200.0, "property_type": "Vacant" }, "geometry": { "type": "Polygon", "coordinates": [ [ [ 73.100945849254529, 18.986844127245657 ], [ 73.101325657496488, 18.986848024539686 ], [ 73.101322585143436, 18.987119005838874 ], [ 73.100942776287795, 18.987115108485085 ], [ 73.100945849254529, 18.986844127245657 ] ] ] } },
{ "type": "Feature", "properties": { "plot_id": "M-8378", "property_owner": "Neha Verma", "plot_area": 1200.0, "property_type": "Residential" }, "geometry": { "type": "Polygon", "coordinates": [ [ [ 73.101325657496488, 18.986848024539686 ], [ 73.101705465831202, 18.986851921055241 ], [ 73.101702394091831, 18.987122902414178 ], [ 73.101322585143436, 18.987119005838874 ], [ 73.101325657496488, 18.986848024539686 ] ] ] } },
{ "type": "Feature", "properties": { "plot_id": "M-8379", "property_owner": "Mahesh Deshmukh", "plot_area": 1200.0, "property_type": "Residential" }, "geometry": { "type": "Polygon", "coordinates": [ [ [ 73.101705465831202, 18.986851921055241 ], [ 73.102085274258627, 18.9868558167923 ], [ 73.102082203132952, 18.987126798210976 ], [ 73.101702394091831, 18.987122902414178 ], [ 73.101705465831202, 18.986851921055241 ] ] ] } },
{ "type": "Feature", "properties": { "plot_id": "M-8380", "property_owner": "Priya Singh", "plot_area": 1200.0, "property_type": "Commercial" }, "geometry": { "type": "Polygon", "coordinates": [ [ [ 73.102085274258627, 18.9868558167923 ], [ 73.102465082778764, 18.986859711750885 ], [ 73.102462012266784, 18.987130693229279 ], [ 73.102082203132952, 18.987126798210976 ], [ 73.102085274258627, 18.9868558167923 ] ] ] } },
{ "type": "Feature", "properties": { "plot_id": "M-8381", "property_owner": "Neha Verma", "plot_area": 1200.0, "property_type": "Residential" }, "geometry": { "type": "Polygon", "coordinates": [ [ [ 73.102465082778764, 18.986859711750885 ], [ 73.102844891391598, 18.986863605930981 ], [ 73.102841821493314, 18.98713458746909 ], [ 73.102462012266784, 18.987130693229279 ], [ 73.102465082778764, 18.986859711750885 ] ] ] } },
{ "type": "Feature", "properties": { "plot_id": "M-8382", "property_owner": "Amit Sharma", "plot_area": 1200.0, "property_type": "Commercial" }, "geometry": { "type": "Polygon", "coordinates": [ [ [ 73.102844891391598, 18.986863605930981 ], [ 73.103224700097115, 18.986867499332586 ], [ 73.103221630812527, 18.987138480930408 ], [ 73.102841821493314, 18.98713458746909 ], [ 73.102844891391598, 18.986863605930981 ] ] ] } },
{ "type": "Feature", "properties": { "plot_id": "M-8383", "property_owner": "Amit Sharma", "plot_area": 1200.0, "property_type": "Residential" }, "geometry": { "type": "Polygon", "coordinates": [ [ [ 73.103224700097115, 18.986867499332586 ], [ 73.103604508895273, 18.986871391955713 ], [ 73.103601440224381, 18.987142373613217 ], [ 73.103221630812527, 18.987138480930408 ], [ 73.103224700097115, 18.986867499332586 ] ] ] } },
{ "type": "Feature", "properties": { "plot_id": "M-8384", "property_owner": "Amit Sharma", "plot_area": 1200.0, "property_type": "Residential" }, "geometry": { "type": "Polygon", "coordinates": [ [ [ 73.103604508895273, 18.986871391955713 ], [ 73.103984317786072, 18.986875283800348 ], [ 73.103981249728875, 18.987146265517534 ], [ 73.103601440224381, 18.987142373613217 ], [ 73.103604508895273, 18.986871391955713 ] ] ] } },
{ "type": "Feature", "properties": { "plot_id": "M-8385", "property_owner": "Anita Joshi", "plot_area": 1200.0, "property_type": "Vacant" }, "geometry": { "type": "Polygon", "coordinates": [ [ [ 73.103984317786072, 18.986875283800348 ], [ 73.104364126769511, 18.986879174866498 ], [ 73.104361059325981, 18.987150156643345 ], [ 73.103981249728875, 18.987146265517534 ], [ 73.103984317786072, 18.986875283800348 ] ] ] } },
{ "type": "Feature", "properties": { "plot_id": "M-8386", "property_owner": "Mahesh Deshmukh", "plot_area": 1200.0, "property_type": "Vacant" }, "geometry": { "type": "Polygon", "coordinates": [ [ [ 73.104364126769511, 18.986879174866498 ], [ 73.104743935845519, 18.98688306515416 ], [ 73.1047408690157, 18.987154046990661 ], [ 73.104361059325981, 18.987150156643345 ], [ 73.104364126769511, 18.986879174866498 ] ] ] } },
{ "type": "Feature", "properties": { "plot_id": "M-8387", "property_owner": "Neha Verma", "plot_area": 1200.0, "property_type": "Residential" }, "geometry": { "type": "Polygon", "coordinates": [ [ [ 73.104743935845519, 18.98688306515416 ], [ 73.105123745014112, 18.98688695466333 ], [ 73.105120678798002, 18.987157936559473 ], [ 73.1047408690157, 18.987154046990661 ], [ 73.104743935845519, 18.98688306515416 ] ] ] } },
{ "type": "Feature", "properties": { "plot_id": "M-8388", "property_owner": "Priya Singh", "plot_area": 1200.0, "property_type": "Mixed Use" }, "geometry": { "type": "Polygon", "coordinates": [ [ [ 73.105123745014112, 18.98688695466333 ], [ 73.105503554275288, 18.986890843394008 ], [ 73.10550048867286, 18.987161825349784 ], [ 73.105120678798002, 18.987157936559473 ], [ 73.105123745014112, 18.98688695466333 ] ] ] } },
{ "type": "Feature", "properties": { "plot_id": "M-8389", "property_owner": "Neha Verma", "plot_area": 1200.0, "property_type": "Vacant" }, "geometry": { "type": "Polygon", "coordinates": [ [ [ 73.105503554275288, 18.986890843394008 ], [ 73.10588336362899, 18.986894731346201 ], [ 73.105880298640272, 18.987165713361591 ], [ 73.10550048867286, 18.987161825349784 ], [ 73.105503554275288, 18.986890843394008 ] ] ] } },
{ "type": "Feature", "properties": { "plot_id": "M-8390", "property_owner": "Suresh Patil", "plot_area": 1200.0, "property_type": "Commercial" }, "geometry": { "type": "Polygon", "coordinates": [ [ [ 73.10588336362899, 18.986894731346201 ], [ 73.106263173075234, 18.986898618519898 ], [ 73.106260108700198, 18.987169600594896 ], [ 73.105880298640272, 18.987165713361591 ], [ 73.10588336362899, 18.986894731346201 ] ] ] } },
{ "type": "Feature", "properties": { "plot_id": "M-8391", "property_owner": "Neha Verma", "plot_area": 1200.0, "property_type": "Commercial" }, "geometry": { "type": "Polygon", "coordinates": [ [ [ 73.106263173075234, 18.986898618519898 ], [ 73.106642982613977, 18.986902504915101 ], [ 73.106639918852636, 18.987173487049692 ], [ 73.106260108700198, 18.987169600594896 ], [ 73.106263173075234, 18.986898618519898 ] ] ] } },
{ "type": "Feature", "properties": { "plot_id": "M-8392", "property_owner": "Anita Joshi", "plot_area": 1200.0, "property_type": "Residential" }, "geometry": { "type": "Polygon", "coordinates": [ [ [ 73.106642982613977, 18.986902504915101 ], [ 73.107022792245189, 18.986906390531807 ], [ 73.107019729097573, 18.987177372725984 ], [ 73.106639918852636, 18.987173487049692 ], [ 73.106642982613977, 18.986902504915101 ] ] ] } },
{ "type": "Feature", "properties": { "plot_id": "M-8393", "property_owner": "Sunita Pawar", "plot_area": 1200.0, "property_type": "Commercial" }, "geometry": { "type": "Polygon", "coordinates": [ [ [ 73.107022792245189, 18.986906390531807 ], [ 73.107402601968886, 18.986910275370025 ], [ 73.107399539434965, 18.987181257623774 ], [ 73.107019729097573, 18.987177372725984 ], [ 73.107022792245189, 18.986906390531807 ] ] ] } },
{ "type": "Feature", "properties": { "plot_id": "M-8394", "property_owner": "Amit Sharma", "plot_area": 1200.0, "property_type": "Mixed Use" }, "geometry": { "type": "Polygon", "coordinates": [ [ [ 73.107402601968886, 18.986910275370025 ], [ 73.107782411785053, 18.986914159429748 ], [ 73.107779349864828, 18.987185141743051 ], [ 73.107399539434965, 18.987181257623774 ], [ 73.107402601968886, 18.986910275370025 ] ] ] } },
{ "type": "Feature", "properties": { "plot_id": "M-8395", "property_owner": "Amit Sharma", "plot_area": 1200.0, "property_type": "Residential" }, "geometry": { "type": "Polygon", "coordinates": [ [ [ 73.107782411785053, 18.986914159429748 ], [ 73.108162221693632, 18.986918042710968 ], [ 73.108159160387103, 18.987189025083822 ], [ 73.107779349864828, 18.987185141743051 ], [ 73.107782411785053, 18.986914159429748 ] ] ] } },
{ "type": "Feature", "properties": { "plot_id": "M-8396", "property_owner": "Rajesh Kumar", "plot_area": 1200.0, "property_type": "Commercial" }, "geometry": { "type": "Polygon", "coordinates": [ [ [ 73.108162221693632, 18.986918042710968 ], [ 73.108542031694626, 18.986921925213696 ], [ 73.108538971001806, 18.987192907646079 ], [ 73.108159160387103, 18.987189025083822 ], [ 73.108162221693632, 18.986918042710968 ] ] ] } },
{ "type": "Feature", "properties": { "plot_id": "M-8397", "property_owner": "Neha Verma", "plot_area": 1200.0, "property_type": "Mixed Use" }, "geometry": { "type": "Polygon", "coordinates": [ [ [ 73.108542031694626, 18.986921925213696 ], [ 73.108921841788032, 18.986925806937922 ], [ 73.108918781708908, 18.987196789429834 ], [ 73.108538971001806, 18.987192907646079 ], [ 73.108542031694626, 18.986921925213696 ] ] ] } },
{ "type": "Feature", "properties": { "plot_id": "M-8398", "property_owner": "Rohit Kulkarni", "plot_area": 1200.0, "property_type": "Residential" }, "geometry": { "type": "Polygon", "coordinates": [ [ [ 73.108921841788032, 18.986925806937922 ], [ 73.109301651973809, 18.986929687883659 ], [ 73.109298592508381, 18.987200670435076 ], [ 73.108918781708908, 18.987196789429834 ], [ 73.108921841788032, 18.986925806937922 ] ] ] } },
{ "type": "Feature", "properties": { "plot_id": "M-8399", "property_owner": "Rohit Kulkarni", "plot_area": 1200.0, "property_type": "Mixed Use" }, "geometry": { "type": "Polygon", "coordinates": [ [ [ 73.109301651973809, 18.986929687883659 ], [ 73.109681462251942, 18.986933568050887 ], [ 73.10967840340021, 18.987204550661808 ], [ 73.109298592508381, 18.987200670435076 ], [ 73.109301651973809, 18.986929687883659 ] ] ] } },
{ "type": "Feature", "properties": { "plot_id": "M-8400", "property_owner": "Anita Joshi", "plot_area": 1200.0, "property_type": "Mixed Use" }, "geometry": { "type": "Polygon", "coordinates": [ [ [ 73.100183158854819, 18.987107311442024 ], [ 73.100562967524922, 18.987111210352801 ], [ 73.100559893892296, 18.987382191524041 ], [ 73.10018008460851, 18.987378292553483 ], [ 73.100183158854819, 18.987107311442024 ] ] ] } },
{ "type": "Feature", "properties": { "plot_id": "M-8401", "property_owner": "Sunita Pawar", "plot_area": 1200.0, "property_type": "Vacant" }, "geometry": { "type": "Polygon", "coordinates": [ [ [ 73.100562967524922, 18.987111210352801 ], [ 73.100942776287795, 18.987115108485085 ], [ 73.100939703268878, 18.9873860897161 ], [ 73.100559893892296, 18.987382191524041 ], [ 73.100562967524922, 18.987111210352801 ] ] ] } },
{ "type": "Feature", "properties": { "plot_id": "M-8402", "property_owner": "Rohit Kulkarni", "plot_area": 1200.0, "property_type": "Residential" }, "geometry": { "type": "Polygon", "coordinates": [ [ [ 73.100942776287795, 18.987115108485085 ], [ 73.101322585143436, 18.987119005838874 ], [ 73.101319512738215, 18.987389987129657 ], [ 73.100939703268878, 18.9873860897161 ], [ 73.100942776287795, 18.987115108485085 ] ] ] } },
{ "type": "Feature", "properties": { "plot_id": "M-8403", "property_owner": "Mahesh Deshmukh", "plot_area": 1200.0, "property_type": "Residential" }, "geometry": { "type": "Polygon", "coordinates": [ [ [ 73.101322585143436, 18.987119005838874 ], [ 73.101702394091831, 18.987122902414178 ], [ 73.101699322300306, 18.987393883764703 ], [ 73.101319512738215, 18.987389987129657 ], [ 73.101322585143436, 18.987119005838874 ] ] ] } },
{ "type": "Feature", "properties": { "plot_id": "M-8404", "property_owner": "Anita Joshi", "plot_area": 1200.0, "property_type": "Mixed Use" }, "geometry": { "type": "Polygon", "coordinates": [ [ [ 73.101702394091831, 18.987122902414178 ], [ 73.102082203132952, 18.987126798210976 ], [ 73.102079131955122, 18.987397779621244 ], [ 73.101699322300306, 18.987393883764703 ], [ 73.101702394091831, 18.987122902414178 ] ] ] } },
{ "type": "Feature", "properties": { "plot_id": "M-8405", "property_owner": "Mahesh Deshmukh", "plot_area": 1200.0, "property_type": "Mixed Use" }, "geometry": { "type": "Polygon", "coordinates": [ [ [ 73.102082203132952, 18.987126798210976 ], [ 73.102462012266784, 18.987130693229279 ], [ 73.102458941702665, 18.987401674699274 ], [ 73.102079131955122, 18.987397779621244 ], [ 73.102082203132952, 18.987126798210976 ] ] ] } },
{ "type": "Feature", "properties": { "plot_id": "M-8406", "property_owner": "Rajesh Kumar", "plot_area": 1200.0, "property_type": "Residential" }, "geometry": { "type": "Polygon", "coordinates": [ [ [ 73.102462012266784, 18.987130693229279 ], [ 73.102841821493314, 18.98713458746909 ], [ 73.102838751542905, 18.987405568998799 ], [ 73.102458941702665, 18.987401674699274 ], [ 73.102462012266784, 18.987130693229279 ] ] ] } },
{ "type": "Feature", "properties": { "plot_id": "M-8407", "property_owner": "Priya Singh", "plot_area": 1200.0, "property_type": "Residential" }, "geometry": { "type": "Polygon", "coordinates": [ [ [ 73.102841821493314, 18.98713458746909 ], [ 73.103221630812527, 18.987138480930408 ], [ 73.103218561475813, 18.987409462519814 ], [ 73.102838751542905, 18.987405568998799 ], [ 73.102841821493314, 18.98713458746909 ] ] ] } },
{ "type": "Feature", "properties": { "plot_id": "M-8408", "property_owner": "Neha Verma", "plot_area": 1200.0, "property_type": "Residential" }, "geometry": { "type": "Polygon", "coordinates": [ [ [ 73.103221630812527, 18.987138480930408 ], [ 73.103601440224381, 18.987142373613217 ], [ 73.103598371501363, 18.987413355262316 ], [ 73.103218561475813, 18.987409462519814 ], [ 73.103221630812527, 18.987138480930408 ] ] ] } },
{ "type": "Feature", "properties": { "plot_id": "M-8409", "property_owner": "Amit Sharma", "plot_area": 1200.0, "property_type": "Vacant" }, "geometry": { "type": "Polygon", "coordinates": [ [ [ 73.103601440224381, 18.987142373613217 ], [ 73.103981249728875, 18.987146265517534 ], [ 73.103978181619567, 18.987417247226308 ], [ 73.103598371501363, 18.987413355262316 ], [ 73.103601440224381, 18.987142373613217 ] ] ] } },
{ "type": "Feature", "properties": { "plot_id": "M-8410", "property_owner": "Sunita Pawar", "plot_area": 1200.0, "property_type": "Vacant" }, "geometry": { "type": "Polygon", "coordinates": [ [ [ 73.103981249728875, 18.987146265517534 ], [ 73.104361059325981, 18.987150156643345 ], [ 73.104357991830383, 18.98742113841179 ], [ 73.103978181619567, 18.987417247226308 ], [ 73.103981249728875, 18.987146265517534 ] ] ] } },
{ "type": "Feature", "properties": { "plot_id": "M-8411", "property_owner": "Neha Verma", "plot_area": 1200.0, "property_type": "Commercial" }, "geometry": { "type": "Polygon", "coordinates": [ [ [ 73.104361059325981, 18.987150156643345 ], [ 73.1047408690157, 18.987154046990661 ], [ 73.104737802133798, 18.987425028818759 ], [ 73.104357991830383, 18.98742113841179 ], [ 73.104361059325981, 18.987150156643345 ] ] ] } },
{ "type": "Feature", "properties": { "plot_id": "M-8412", "property_owner": "Mahesh Deshmukh", "plot_area": 1200.0, "property_type": "Vacant" }, "geometry": { "type": "Polygon", "coordinates": [ [ [ 73.1047408690157, 18.987154046990661 ], [ 73.105120678798002, 18.987157936559473 ], [ 73.10511761252981, 18.987428918447215 ], [ 73.104737802133798, 18.987425028818759 ], [ 73.1047408690157, 18.987154046990661 ] ] ] } },
{ "type": "Feature", "properties": { "plot_id": "M-8413", "property_owner": "Rohit Kulkarni", "plot_area": 1200.0, "property_type": "Residential" }, "geometry": { "type": "Polygon", "coordinates": [ [ [ 73.105120678798002, 18.987157936559473 ], [ 73.10550048867286, 18.987161825349784 ], [ 73.105497423018377, 18.987432807297154 ], [ 73.10511761252981, 18.987428918447215 ], [ 73.105120678798002, 18.987157936559473 ] ] ] } },
{ "type": "Feature", "properties": { "plot_id": "M-8414", "property_owner": "Rohit Kulkarni", "plot_area": 1200.0, "property_type": "Mixed Use" }, "geometry": { "type": "Polygon", "coordinates": [ [ [ 73.10550048867286, 18.987161825349784 ], [ 73.105880298640272, 18.987165713361591 ], [ 73.105877233599486, 18.987436695368579 ], [ 73.105497423018377, 18.987432807297154 ], [ 73.10550048867286, 18.987161825349784 ] ] ] } },
{ "type": "Feature", "properties": { "plot_id": "M-8415", "property_owner": "Anita Joshi", "plot_area": 1200.0, "property_type": "Mixed Use" }, "geometry": { "type": "Polygon", "coordinates": [ [ [ 73.105880298640272, 18.987165713361591 ], [ 73.106260108700198, 18.987169600594896 ], [ 73.106257044273136, 18.987440582661488 ], [ 73.105877233599486, 18.987436695368579 ], [ 73.105880298640272, 18.987165713361591 ] ] ] } },
{ "type": "Feature", "properties": { "plot_id": "M-8416", "property_owner": "Vijay More", "plot_area": 1200.0, "property_type": "Residential" }, "geometry": { "type": "Polygon", "coordinates": [ [ [ 73.106260108700198, 18.987169600594896 ], [ 73.106639918852636, 18.987173487049692 ], [ 73.106636855039284, 18.987444469175884 ], [ 73.106257044273136, 18.987440582661488 ], [ 73.106260108700198, 18.987169600594896 ] ] ] } },
{ "type": "Feature", "properties": { "plot_id": "M-8417", "property_owner": "Amit Sharma", "plot_area": 1200.0, "property_type": "Mixed Use" }, "geometry": { "type": "Polygon", "coordinates": [ [ [ 73.106639918852636, 18.987173487049692 ], [ 73.107019729097573, 18.987177372725984 ], [ 73.107016665897916, 18.987448354911756 ], [ 73.106636855039284, 18.987444469175884 ], [ 73.106639918852636, 18.987173487049692 ] ] ] } },
{ "type": "Feature", "properties": { "plot_id": "M-8418", "property_owner": "Anita Joshi", "plot_area": 1200.0, "property_type": "Vacant" }, "geometry": { "type": "Polygon", "coordinates": [ [ [ 73.107019729097573, 18.987177372725984 ], [ 73.107399539434965, 18.987181257623774 ], [ 73.107396476849033, 18.987452239869118 ], [ 73.107016665897916, 18.987448354911756 ], [ 73.107019729097573, 18.987177372725984 ] ] ] } },
{ "type": "Feature", "properties": { "plot_id": "M-8419", "property_owner": "Neha Verma", "plot_area": 1200.0, "property_type": "Vacant" }, "geometry": { "type": "Polygon", "coordinates": [ [ [ 73.107399539434965, 18.987181257623774 ], [ 73.107779349864828, 18.987185141743051 ], [ 73.107776287892591, 18.987456124047952 ], [ 73.107396476849033, 18.987452239869118 ], [ 73.107399539434965, 18.987181257623774 ] ] ] } },
{ "type": "Feature", "properties": { "plot_id": "M-8420", "property_owner": "Sunita Pawar", "plot_area": 1200.0, "property_type": "Residential" }, "geometry": { "type": "Polygon", "coordinates": [ [ [ 73.107779349864828, 18.987185141743051 ], [ 73.108159160387103, 18.987189025083822 ], [ 73.108156099028591, 18.98746000744827 ], [ 73.107776287892591, 18.987456124047952 ], [ 73.107779349864828, 18.987185141743051 ] ] ] } },
{ "type": "Feature", "properties": { "plot_id": "M-8421", "property_owner": "Rohit Kulkarni", "plot_area": 1200.0, "property_type": "Residential" }, "geometry": { "type": "Polygon", "coordinates": [ [ [ 73.108159160387103, 18.987189025083822 ], [ 73.108538971001806, 18.987192907646079 ], [ 73.108535910257004, 18.987463890070067 ], [ 73.108156099028591, 18.98746000744827 ], [ 73.108159160387103, 18.987189025083822 ] ] ] } },
{ "type": "Feature", "properties": { "plot_id": "M-8422", "property_owner": "Vijay More", "plot_area": 1200.0, "property_type": "Mixed Use" }, "geometry": { "type": "Polygon", "coordinates": [ [ [ 73.108538971001806, 18.987192907646079 ], [ 73.108918781708908, 18.987196789429834 ], [ 73.108915721577816, 18.987467771913344 ], [ 73.108535910257004, 18.987463890070067 ], [ 73.108538971001806, 18.987192907646079 ] ] ] } },
{ "type": "Feature", "properties": { "plot_id": "M-8423", "property_owner": "Vijay More", "plot_area": 1200.0, "property_type": "Residential" }, "geometry": { "type": "Polygon", "coordinates": [ [ [ 73.108918781708908, 18.987196789429834 ], [ 73.109298592508381, 18.987200670435076 ], [ 73.109295532991013, 18.987471652978094 ], [ 73.108915721577816, 18.987467771913344 ], [ 73.108918781708908, 18.987196789429834 ] ] ] } },
{ "type": "Feature", "properties": { "plot_id": "M-8424", "property_owner": "Anita Joshi", "plot_area": 1200.0, "property_type": "Residential" }, "geometry": { "type": "Polygon", "coordinates": [ [ [ 73.109298592508381, 18.987200670435076 ], [ 73.10967840340021, 18.987204550661808 ], [ 73.109675344496551, 18.987475533264323 ], [ 73.109295532991013, 18.987471652978094 ], [ 73.109298592508381, 18.987200670435076 ] ] ] } },
{ "type": "Feature", "properties": { "plot_id": "M-8425", "property_owner": "Sunita Pawar", "plot_area": 1200.0, "property_type": "Vacant" }, "geometry": { "type": "Polygon", "coordinates": [ [ [ 73.10018008460851, 18.987378292553483 ], [ 73.100559893892296, 18.987382191524041 ], [ 73.100556820207487, 18.987653172686887 ], [ 73.100177010309991, 18.987649273656537 ], [ 73.10018008460851, 18.987378292553483 ] ] ] } },
{ "type": "Feature", "properties": { "plot_id": "M-8426", "property_owner": "Anita Joshi", "plot_area": 1200.0, "property_type": "Residential" }, "geometry": { "type": "Polygon", "coordinates": [ [ [ 73.100559893892296, 18.987382191524041 ], [ 73.100939703268878, 18.9873860897161 ], [ 73.100936630197765, 18.987657070938717 ], [ 73.100556820207487, 18.987653172686887 ], [ 73.100559893892296, 18.987382191524041 ] ] ] } },
{ "type": "Feature", "properties": { "plot_id": "M-8427", "property_owner": "Priya Singh", "plot_area": 1200.0, "property_type": "Mixed Use" }, "geometry": { "type": "Polygon", "coordinates": [ [ [ 73.100939703268878, 18.9873860897161 ], [ 73.101319512738215, 18.987389987129657 ], [ 73.101316440280826, 18.98766096841203 ], [ 73.100936630197765, 18.987657070938717 ], [ 73.100939703268878, 18.9873860897161 ] ] ] } },
{ "type": "Feature", "properties": { "plot_id": "M-8428", "property_owner": "Mahesh Deshmukh", "plot_area": 1200.0, "property_type": "Vacant" }, "geometry": { "type": "Polygon", "coordinates": [ [ [ 73.101319512738215, 18.987389987129657 ], [ 73.101699322300306, 18.987393883764703 ], [ 73.101696250456627, 18.987664865106833 ], [ 73.101316440280826, 18.98766096841203 ], [ 73.101319512738215, 18.987389987129657 ] ] ] } },
{ "type": "Feature", "properties": { "plot_id": "M-8429", "property_owner": "Rohit Kulkarni", "plot_area": 1200.0, "property_type": "Residential" }, "geometry": { "type": "Polygon", "coordinates": [ [ [ 73.101699322300306, 18.987393883764703 ], [ 73.102079131955122, 18.987397779621244 ], [ 73.102076060725167, 18.987668761023105 ], [ 73.101696250456627, 18.987664865106833 ], [ 73.101699322300306, 18.987393883764703 ] ] ] } },
{ "type": "Feature", "properties": { "plot_id": "M-8430", "property_owner": "Priya Singh", "plot_area": 1200.0, "property_type": "Mixed Use" }, "geometry": { "type": "Polygon", "coordinates": [ [ [ 73.102079131955122, 18.987397779621244 ], [ 73.102458941702665, 18.987401674699274 ], [ 73.10245587108642, 18.987672656160864 ], [ 73.102076060725167, 18.987668761023105 ], [ 73.102079131955122, 18.987397779621244 ] ] ] } },
{ "type": "Feature", "properties": { "plot_id": "M-8431", "property_owner": "Sunita Pawar", "plot_area": 1200.0, "property_type": "Commercial" }, "geometry": { "type": "Polygon", "coordinates": [ [ [ 73.102458941702665, 18.987401674699274 ], [ 73.102838751542905, 18.987405568998799 ], [ 73.102835681540355, 18.987676550520103 ], [ 73.10245587108642, 18.987672656160864 ], [ 73.102458941702665, 18.987401674699274 ] ] ] } },
{ "type": "Feature", "properties": { "plot_id": "M-8432", "property_owner": "Neha Verma", "plot_area": 1200.0, "property_type": "Vacant" }, "geometry": { "type": "Polygon", "coordinates": [ [ [ 73.102838751542905, 18.987405568998799 ], [ 73.103218561475813, 18.987409462519814 ], [ 73.103215492086974, 18.987680444100818 ], [ 73.102835681540355, 18.987676550520103 ], [ 73.102838751542905, 18.987405568998799 ] ] ] } },
{ "type": "Feature", "properties": { "plot_id": "M-8433", "property_owner": "Rohit Kulkarni", "plot_area": 1200.0, "property_type": "Residential" }, "geometry": { "type": "Polygon", "coordinates": [ [ [ 73.103218561475813, 18.987409462519814 ], [ 73.103598371501363, 18.987413355262316 ], [ 73.103595302726248, 18.987684336903012 ], [ 73.103215492086974, 18.987680444100818 ], [ 73.103218561475813, 18.987409462519814 ] ] ] } },
{ "type": "Feature", "properties": { "plot_id": "M-8434", "property_owner": "Rajesh Kumar", "plot_area": 1200.0, "property_type": "Commercial" }, "geometry": { "type": "Polygon", "coordinates": [ [ [ 73.103598371501363, 18.987413355262316 ], [ 73.103978181619567, 18.987417247226308 ], [ 73.103975113458162, 18.987688228926682 ], [ 73.103595302726248, 18.987684336903012 ], [ 73.103598371501363, 18.987413355262316 ] ] ] } },
{ "type": "Feature", "properties": { "plot_id": "M-8435", "property_owner": "Amit Sharma", "plot_area": 1200.0, "property_type": "Mixed Use" }, "geometry": { "type": "Polygon", "coordinates": [ [ [ 73.103978181619567, 18.987417247226308 ], [ 73.104357991830383, 18.98742113841179 ], [ 73.104354924282703, 18.987692120171832 ], [ 73.103975113458162, 18.987688228926682 ], [ 73.103978181619567, 18.987417247226308 ] ] ] } },
{ "type": "Feature", "properties": { "plot_id": "M-8436", "property_owner": "Sunita Pawar", "plot_area": 1200.0, "property_type": "Residential" }, "geometry": { "type": "Polygon", "coordinates": [ [ [ 73.104357991830383, 18.98742113841179 ], [ 73.104737802133798, 18.987425028818759 ], [ 73.104734735199827, 18.987696010638459 ], [ 73.104354924282703, 18.987692120171832 ], [ 73.104357991830383, 18.98742113841179 ] ] ] } },
{ "type": "Feature", "properties": { "plot_id": "M-8437", "property_owner": "Sunita Pawar", "plot_area": 1200.0, "property_type": "Vacant" }, "geometry": { "type": "Polygon", "coordinates": [ [ [ 73.104737802133798, 18.987425028818759 ], [ 73.10511761252981, 18.987428918447215 ], [ 73.105114546209549, 18.98769990032655 ], [ 73.104734735199827, 18.987696010638459 ], [ 73.104737802133798, 18.987425028818759 ] ] ] } },
{ "type": "Feature", "properties": { "plot_id": "M-8438", "property_owner": "Suresh Patil", "plot_area": 1200.0, "property_type": "Commercial" }, "geometry": { "type": "Polygon", "coordinates": [ [ [ 73.10511761252981, 18.987428918447215 ], [ 73.105497423018377, 18.987432807297154 ], [ 73.105494357311841, 18.987703789236122 ], [ 73.105114546209549, 18.98769990032655 ], [ 73.10511761252981, 18.987428918447215 ] ] ] } },
{ "type": "Feature", "properties": { "plot_id": "M-8439", "property_owner": "Suresh Patil", "plot_area": 1200.0, "property_type": "Vacant" }, "geometry": { "type": "Polygon", "coordinates": [ [ [ 73.105497423018377, 18.987432807297154 ], [ 73.105877233599486, 18.987436695368579 ], [ 73.105874168506674, 18.987707677367169 ], [ 73.105494357311841, 18.987703789236122 ], [ 73.105497423018377, 18.987432807297154 ] ] ] } },
{ "type": "Feature", "properties": { "plot_id": "M-8440", "property_owner": "Suresh Patil", "plot_area": 1200.0, "property_type": "Commercial" }, "geometry": { "type": "Polygon", "coordinates": [ [ [ 73.105877233599486, 18.987436695368579 ], [ 73.106257044273136, 18.987440582661488 ], [ 73.106253979794033, 18.987711564719689 ], [ 73.105874168506674, 18.987707677367169 ], [ 73.105877233599486, 18.987436695368579 ] ] ] } },
{ "type": "Feature", "properties": { "plot_id": "M-8441", "property_owner": "Rohit Kulkarni", "plot_area": 1200.0, "property_type": "Mixed Use" }, "geometry": { "type": "Polygon", "coordinates": [ [ [ 73.106257044273136, 18.987440582661488 ], [ 73.106636855039284, 18.987444469175884 ], [ 73.106633791173891, 18.987715451293674 ], [ 73.106253979794033, 18.987711564719689 ], [ 73.106257044273136, 18.987440582661488 ] ] ] } },
{ "type": "Feature", "properties": { "plot_id": "M-8442", "property_owner": "Sunita Pawar", "plot_area": 1200.0, "property_type": "Mixed Use" }, "geometry": { "type": "Polygon", "coordinates": [ [ [ 73.106636855039284, 18.987444469175884 ], [ 73.107016665897916, 18.987448354911756 ], [ 73.107013602646262, 18.987719337089132 ], [ 73.106633791173891, 18.987715451293674 ], [ 73.106636855039284, 18.987444469175884 ] ] ] } },
{ "type": "Feature", "properties": { "plot_id": "M-8443", "property_owner": "Anita Joshi", "plot_area": 1200.0, "property_type": "Vacant" }, "geometry": { "type": "Polygon", "coordinates": [ [ [ 73.107016665897916, 18.987448354911756 ], [ 73.107396476849033, 18.987452239869118 ], [ 73.107393414211089, 18.987723222106059 ], [ 73.107013602646262, 18.987719337089132 ], [ 73.107016665897916, 18.987448354911756 ] ] ] } },
{ "type": "Feature", "properties": { "plot_id": "M-8444", "property_owner": "Rohit Kulkarni", "plot_area": 1200.0, "property_type": "Commercial" }, "geometry": { "type": "Polygon", "coordinates": [ [ [ 73.107396476849033, 18.987452239869118 ], [ 73.107776287892591, 18.987456124047952 ], [ 73.107773225868371, 18.987727106344451 ], [ 73.107393414211089, 18.987723222106059 ], [ 73.107396476849033, 18.987452239869118 ] ] ] } },
{ "type": "Feature", "properties": { "plot_id": "M-8445", "property_owner": "Rohit Kulkarni", "plot_area": 1200.0, "property_type": "Commercial" }, "geometry": { "type": "Polygon", "coordinates": [ [ [ 73.107776287892591, 18.987456124047952 ], [ 73.108156099028591, 18.98746000744827 ], [ 73.108153037618095, 18.987730989804319 ], [ 73.107773225868371, 18.987727106344451 ], [ 73.107776287892591, 18.987456124047952 ] ] ] } },
{ "type": "Feature", "properties": { "plot_id": "M-8446", "property_owner": "Anita Joshi", "plot_area": 1200.0, "property_type": "Commercial" }, "geometry": { "type": "Polygon", "coordinates": [ [ [ 73.108156099028591, 18.98746000744827 ], [ 73.108535910257004, 18.987463890070067 ], [ 73.108532849460232, 18.98773487248565 ], [ 73.108153037618095, 18.987730989804319 ], [ 73.108156099028591, 18.98746000744827 ] ] ] } },
{ "type": "Feature", "properties": { "plot_id": "M-8447", "property_owner": "Mahesh Deshmukh", "plot_area": 1200.0, "property_type": "Commercial" }, "geometry": { "type": "Polygon", "coordinates": [ [ [ 73.108535910257004, 18.987463890070067 ], [ 73.108915721577816, 18.987467771913344 ], [ 73.108912661394754, 18.987738754388449 ], [ 73.108532849460232, 18.98773487248565 ], [ 73.108535910257004, 18.987463890070067 ] ] ] } },
{ "type": "Feature", "properties": { "plot_id": "M-8448", "property_owner": "Suresh Patil", "plot_area": 1200.0, "property_type": "Mixed Use" }, "geometry": { "type": "Polygon", "coordinates": [ [ [ 73.108915721577816, 18.987467771913344 ], [ 73.109295532991013, 18.987471652978094 ], [ 73.109292473421675, 18.987742635512713 ], [ 73.108912661394754, 18.987738754388449 ], [ 73.108915721577816, 18.987467771913344 ] ] ] } },
{ "type": "Feature", "properties": { "plot_id": "M-8449", "property_owner": "Anita Joshi", "plot_area": 1200.0, "property_type": "Mixed Use" }, "geometry": { "type": "Polygon", "coordinates": [ [ [ 73.109295532991013, 18.987471652978094 ], [ 73.109675344496551, 18.987475533264323 ], [ 73.109672285540952, 18.98774651585844 ], [ 73.109292473421675, 18.987742635512713 ], [ 73.109295532991013, 18.987471652978094 ] ] ] } },
{ "type": "Feature", "properties": { "plot_id": "M-8450", "property_owner": "Sunita Pawar", "plot_area": 1200.0, "property_type": "Mixed Use" }, "geometry": { "type": "Polygon", "coordinates": [ [ [ 73.100177010309991, 18.987649273656537 ], [ 73.100556820207487, 18.987653172686887 ], [ 73.100553746470482, 18.98792415384132 ], [ 73.100173935959262, 18.987920254751185 ], [ 73.100177010309991, 18.987649273656537 ] ] ] } },
{ "type": "Feature", "properties": { "plot_id": "M-8451", "property_owner": "Rajesh Kumar", "plot_area": 1200.0, "property_type": "Mixed Use" }, "geometry": { "type": "Polygon", "coordinates": [ [ [ 73.100556820207487, 18.987653172686887 ], [ 73.100936630197765, 18.987657070938717 ], [ 73.100933557074484, 18.98792805215292 ], [ 73.100553746470482, 18.98792415384132 ], [ 73.100556820207487, 18.987653172686887 ] ] ] } },
{ "type": "Feature", "properties": { "plot_id": "M-8452", "property_owner": "Neha Verma", "plot_area": 1200.0, "property_type": "Vacant" }, "geometry": { "type": "Polygon", "coordinates": [ [ [ 73.100936630197765, 18.987657070938717 ], [ 73.101316440280826, 18.98766096841203 ], [ 73.101313367771255, 18.987931949686004 ], [ 73.100933557074484, 18.98792805215292 ], [ 73.100936630197765, 18.987657070938717 ] ] ] } },
{ "type": "Feature", "properties": { "plot_id": "M-8453", "property_owner": "Amit Sharma", "plot_area": 1200.0, "property_type": "Vacant" }, "geometry": { "type": "Polygon", "coordinates": [ [ [ 73.101316440280826, 18.98766096841203 ], [ 73.101696250456627, 18.987664865106833 ], [ 73.101693178560794, 18.98793584644055 ], [ 73.101313367771255, 18.987931949686004 ], [ 73.101316440280826, 18.98766096841203 ] ] ] } },
{ "type": "Feature", "properties": { "plot_id": "M-8454", "property_owner": "Sunita Pawar", "plot_area": 1200.0, "property_type": "Vacant" }, "geometry": { "type": "Polygon", "coordinates": [ [ [ 73.101696250456627, 18.987664865106833 ], [ 73.102076060725167, 18.987668761023105 ], [ 73.102072989443045, 18.987939742416565 ], [ 73.101693178560794, 18.98793584644055 ], [ 73.101696250456627, 18.987664865106833 ] ] ] } },
{ "type": "Feature", "properties": { "plot_id": "M-8455", "property_owner": "Vijay More", "plot_area": 1200.0, "property_type": "Mixed Use" }, "geometry": { "type": "Polygon", "coordinates": [ [ [ 73.102076060725167, 18.987668761023105 ], [ 73.10245587108642, 18.987672656160864 ], [ 73.102452800418021, 18.987943637614052 ], [ 73.102072989443045, 18.987939742416565 ], [ 73.102076060725167, 18.987668761023105 ] ] ] } },
{ "type": "Feature", "properties": { "plot_id": "M-8456", "property_owner": "Sunita Pawar", "plot_area": 1200.0, "property_type": "Vacant" }, "geometry": { "type": "Polygon", "coordinates": [ [ [ 73.10245587108642, 18.987672656160864 ], [ 73.102835681540355, 18.987676550520103 ], [ 73.102832611485681, 18.987947532033001 ], [ 73.102452800418021, 18.987943637614052 ], [ 73.10245587108642, 18.987672656160864 ] ] ] } },
{ "type": "Feature", "properties": { "plot_id": "M-8457", "property_owner": "Rohit Kulkarni", "plot_area": 1200.0, "property_type": "Mixed Use" }, "geometry": { "type": "Polygon", "coordinates": [ [ [ 73.102835681540355, 18.987676550520103 ], [ 73.103215492086974, 18.987680444100818 ], [ 73.103212422646024, 18.987951425673419 ], [ 73.102832611485681, 18.987947532033001 ], [ 73.102835681540355, 18.987676550520103 ] ] ] } },
{ "type": "Feature", "properties": { "plot_id": "M-8458", "property_owner": "Priya Singh", "plot_area": 1200.0, "property_type": "Commercial" }, "geometry": { "type": "Polygon", "coordinates": [ [ [ 73.103215492086974, 18.987680444100818 ], [ 73.103595302726248, 18.987684336903012 ], [ 73.103592233899022, 18.987955318535306 ], [ 73.103212422646024, 18.987951425673419 ], [ 73.103215492086974, 18.987680444100818 ] ] ] } },
{ "type": "Feature", "properties": { "plot_id": "M-8459", "property_owner": "Mahesh Deshmukh", "plot_area": 1200.0, "property_type": "Vacant" }, "geometry": { "type": "Polygon", "coordinates": [ [ [ 73.103595302726248, 18.987684336903012 ], [ 73.103975113458162, 18.987688228926682 ], [ 73.10397204524466, 18.987959210618655 ], [ 73.103592233899022, 18.987955318535306 ], [ 73.103595302726248, 18.987684336903012 ] ] ] } },
{ "type": "Feature", "properties": { "plot_id": "M-8460", "property_owner": "Priya Singh", "plot_area": 1200.0, "property_type": "Vacant" }, "geometry": { "type": "Polygon", "coordinates": [ [ [ 73.103975113458162, 18.987688228926682 ], [ 73.104354924282703, 18.987692120171832 ], [ 73.104351856682925, 18.987963101923469 ], [ 73.10397204524466, 18.987959210618655 ], [ 73.103975113458162, 18.987688228926682 ] ] ] } },
{ "type": "Feature", "properties": { "plot_id": "M-8461", "property_owner": "Rajesh Kumar", "plot_area": 1200.0, "property_type": "Mixed Use" }, "geometry": { "type": "Polygon", "coordinates": [ [ [ 73.104354924282703, 18.987692120171832 ], [ 73.104734735199827, 18.987696010638459 ], [ 73.104731668213788, 18.987966992449749 ], [ 73.104351856682925, 18.987963101923469 ], [ 73.104354924282703, 18.987692120171832 ] ] ] } },
{ "type": "Feature", "properties": { "plot_id": "M-8462", "property_owner": "Rohit Kulkarni", "plot_area": 1200.0, "property_type": "Vacant" }, "geometry": { "type": "Polygon", "coordinates": [ [ [ 73.104734735199827, 18.987696010638459 ], [ 73.105114546209549, 18.98769990032655 ], [ 73.105111479837234, 18.987970882197484 ], [ 73.104731668213788, 18.987966992449749 ], [ 73.104734735199827, 18.987696010638459 ] ] ] } },
{ "type": "Feature", "properties": { "plot_id": "M-8463", "property_owner": "Anita Joshi", "plot_area": 1200.0, "property_type": "Commercial" }, "geometry": { "type": "Polygon", "coordinates": [ [ [ 73.105114546209549, 18.98769990032655 ], [ 73.105494357311841, 18.987703789236122 ], [ 73.10549129155325, 18.987974771166691 ], [ 73.105111479837234, 18.987970882197484 ], [ 73.105114546209549, 18.98769990032655 ] ] ] } },
{ "type": "Feature", "properties": { "plot_id": "M-8464", "property_owner": "Rohit Kulkarni", "plot_area": 1200.0, "property_type": "Residential" }, "geometry": { "type": "Polygon", "coordinates": [ [ [ 73.105494357311841, 18.987703789236122 ], [ 73.105874168506674, 18.987707677367169 ], [ 73.105871103361807, 18.987978659357346 ], [ 73.10549129155325, 18.987974771166691 ], [ 73.105494357311841, 18.987703789236122 ] ] ] } },
{ "type": "Feature", "properties": { "plot_id": "M-8465", "property_owner": "Amit Sharma", "plot_area": 1200.0, "property_type": "Mixed Use" }, "geometry": { "type": "Polygon", "coordinates": [ [ [ 73.105874168506674, 18.987707677367169 ], [ 73.106253979794033, 18.987711564719689 ], [ 73.106250915262891, 18.987982546769473 ], [ 73.105871103361807, 18.987978659357346 ], [ 73.105874168506674, 18.987707677367169 ] ] ] } },
{ "type": "Feature", "properties": { "plot_id": "M-8466", "property_owner": "Suresh Patil", "plot_area": 1200.0, "property_type": "Vacant" }, "geometry": { "type": "Polygon", "coordinates": [ [ [ 73.106253979794033, 18.987711564719689 ], [ 73.106633791173891, 18.987715451293674 ], [ 73.106630727256487, 18.987986433403059 ], [ 73.106250915262891, 18.987982546769473 ], [ 73.106253979794033, 18.987711564719689 ] ] ] } },
{ "type": "Feature", "properties": { "plot_id": "M-8467", "property_owner": "Suresh Patil", "plot_area": 1200.0, "property_type": "Vacant" }, "geometry": { "type": "Polygon", "coordinates": [ [ [ 73.106633791173891, 18.987715451293674 ], [ 73.107013602646262, 18.987719337089132 ], [ 73.107010539342582, 18.987990319258095 ], [ 73.106630727256487, 18.987986433403059 ], [ 73.106633791173891, 18.987715451293674 ] ] ] } },
{ "type": "Feature", "properties": { "plot_id": "M-8468", "property_owner": "Rajesh Kumar", "plot_area": 1200.0, "property_type": "Commercial" }, "geometry": { "type": "Polygon", "coordinates": [ [ [ 73.107013602646262, 18.987719337089132 ], [ 73.107393414211089, 18.987723222106059 ], [ 73.107390351521147, 18.987994204334594 ], [ 73.107010539342582, 18.987990319258095 ], [ 73.107013602646262, 18.987719337089132 ] ] ] } },
{ "type": "Feature", "properties": { "plot_id": "M-8469", "property_owner": "Anita Joshi", "plot_area": 1200.0, "property_type": "Commercial" }, "geometry": { "type": "Polygon", "coordinates": [ [ [ 73.107393414211089, 18.987723222106059 ], [ 73.107773225868371, 18.987727106344451 ], [ 73.107770163792154, 18.987998088632551 ], [ 73.107390351521147, 18.987994204334594 ], [ 73.107393414211089, 18.987723222106059 ] ] ] } },
{ "type": "Feature", "properties": { "plot_id": "M-8470", "property_owner": "Suresh Patil", "plot_area": 1200.0, "property_type": "Vacant" }, "geometry": { "type": "Polygon", "coordinates": [ [ [ 73.107773225868371, 18.987727106344451 ], [ 73.108153037618095, 18.987730989804319 ], [ 73.108149976155616, 18.988001972151963 ], [ 73.107770163792154, 18.987998088632551 ], [ 73.107773225868371, 18.987727106344451 ] ] ] } },
{ "type": "Feature", "properties": { "plot_id": "M-8471", "property_owner": "Neha Verma", "plot_area": 1200.0, "property_type": "Mixed Use" }, "geometry": { "type": "Polygon", "coordinates": [ [ [ 73.108153037618095, 18.987730989804319 ], [ 73.108532849460232, 18.98773487248565 ], [ 73.108529788611477, 18.98800585489283 ], [ 73.108149976155616, 18.988001972151963 ], [ 73.108153037618095, 18.987730989804319 ] ] ] } },
{ "type": "Feature", "properties": { "plot_id": "M-8472", "property_owner": "Mahesh Deshmukh", "plot_area": 1200.0, "property_type": "Vacant" }, "geometry": { "type": "Polygon", "coordinates": [ [ [ 73.108532849460232, 18.98773487248565 ], [ 73.108912661394754, 18.987738754388449 ], [ 73.108909601159752, 18.988009736855151 ], [ 73.108529788611477, 18.98800585489283 ], [ 73.108532849460232, 18.98773487248565 ] ] ] } },
{ "type": "Feature", "properties": { "plot_id": "M-8473", "property_owner": "Suresh Patil", "plot_area": 1200.0, "property_type": "Mixed Use" }, "geometry": { "type": "Polygon", "coordinates": [ [ [ 73.108912661394754, 18.987738754388449 ], [ 73.109292473421675, 18.987742635512713 ], [ 73.109289413800397, 18.988013618038927 ], [ 73.108909601159752, 18.988009736855151 ], [ 73.108912661394754, 18.987738754388449 ] ] ] } },
{ "type": "Feature", "properties": { "plot_id": "M-8474", "property_owner": "Sunita Pawar", "plot_area": 1200.0, "property_type": "Vacant" }, "geometry": { "type": "Polygon", "coordinates": [ [ [ 73.109292473421675, 18.987742635512713 ], [ 73.109672285540952, 18.98774651585844 ], [ 73.109669226533413, 18.988017498444155 ], [ 73.109289413800397, 18.988013618038927 ], [ 73.109292473421675, 18.987742635512713 ] ] ] } },
{ "type": "Feature", "properties": { "plot_id": "M-8475", "property_owner": "Vijay More", "plot_area": 1200.0, "property_type": "Vacant" }, "geometry": { "type": "Polygon", "coordinates": [ [ [ 73.100173935959262, 18.987920254751185 ], [ 73.100553746470482, 18.98792415384132 ], [ 73.100550672681294, 18.988195134987347 ], [ 73.100170861556336, 18.98819123583743 ], [ 73.100173935959262, 18.987920254751185 ] ] ] } },
{ "type": "Feature", "properties": { "plot_id": "M-8476", "property_owner": "Sunita Pawar", "plot_area": 1200.0, "property_type": "Residential" }, "geometry": { "type": "Polygon", "coordinates": [ [ [ 73.100553746470482, 18.98792415384132 ], [ 73.100933557074484, 18.98792805215292 ], [ 73.10093048389902, 18.988199033358732 ], [ 73.100550672681294, 18.988195134987347 ], [ 73.100553746470482, 18.98792415384132 ] ] ] } },
{ "type": "Feature", "properties": { "plot_id": "M-8477", "property_owner": "Mahesh Deshmukh", "plot_area": 1200.0, "property_type": "Residential" }, "geometry": { "type": "Polygon", "coordinates": [ [ [ 73.100933557074484, 18.98792805215292 ], [ 73.101313367771255, 18.987931949686004 ], [ 73.101310295209529, 18.988202930951569 ], [ 73.10093048389902, 18.988199033358732 ], [ 73.100933557074484, 18.98792805215292 ] ] ] } },
{ "type": "Feature", "properties": { "plot_id": "M-8478", "property_owner": "Priya Singh", "plot_area": 1200.0, "property_type": "Mixed Use" }, "geometry": { "type": "Polygon", "coordinates": [ [ [ 73.101313367771255, 18.987931949686004 ], [ 73.101693178560794, 18.98793584644055 ], [ 73.101690106612779, 18.988206827765872 ], [ 73.101310295209529, 18.988202930951569 ], [ 73.101313367771255, 18.987931949686004 ] ] ] } },
{ "type": "Feature", "properties": { "plot_id": "M-8479", "property_owner": "Priya Singh", "plot_area": 1200.0, "property_type": "Residential" }, "geometry": { "type": "Polygon", "coordinates": [ [ [ 73.101693178560794, 18.98793584644055 ], [ 73.102072989443045, 18.987939742416565 ], [ 73.102069918108768, 18.988210723801625 ], [ 73.101690106612779, 18.988206827765872 ], [ 73.101693178560794, 18.98793584644055 ] ] ] } },
{ "type": "Feature", "properties": { "plot_id": "M-8480", "property_owner": "Anita Joshi", "plot_area": 1200.0, "property_type": "Residential" }, "geometry": { "type": "Polygon", "coordinates": [ [ [ 73.102072989443045, 18.987939742416565 ], [ 73.102452800418021, 18.987943637614052 ], [ 73.102449729697469, 18.988214619058834 ], [ 73.102069918108768, 18.988210723801625 ], [ 73.102072989443045, 18.987939742416565 ] ] ] } },
{ "type": "Feature", "properties": { "plot_id": "M-8481", "property_owner": "Suresh Patil", "plot_area": 1200.0, "property_type": "Vacant" }, "geometry": { "type": "Polygon", "coordinates": [ [ [ 73.102452800418021, 18.987943637614052 ], [ 73.102832611485681, 18.987947532033001 ], [ 73.102829541378881, 18.988218513537497 ], [ 73.102449729697469, 18.988214619058834 ], [ 73.102452800418021, 18.987943637614052 ] ] ] } },
{ "type": "Feature", "properties": { "plot_id": "M-8482", "property_owner": "Amit Sharma", "plot_area": 1200.0, "property_type": "Mixed Use" }, "geometry": { "type": "Polygon", "coordinates": [ [ [ 73.102832611485681, 18.987947532033001 ], [ 73.103212422646024, 18.987951425673419 ], [ 73.103209353152948, 18.988222407237618 ], [ 73.102829541378881, 18.988218513537497 ], [ 73.102832611485681, 18.987947532033001 ] ] ] } },
{ "type": "Feature", "properties": { "plot_id": "M-8483", "property_owner": "Rajesh Kumar", "plot_area": 1200.0, "property_type": "Residential" }, "geometry": { "type": "Polygon", "coordinates": [ [ [ 73.103212422646024, 18.987951425673419 ], [ 73.103592233899022, 18.987955318535306 ], [ 73.103589165019685, 18.988226300159198 ], [ 73.103209353152948, 18.988222407237618 ], [ 73.103212422646024, 18.987951425673419 ] ] ] } },
{ "type": "Feature", "properties": { "plot_id": "M-8484", "property_owner": "Vijay More", "plot_area": 1200.0, "property_type": "Residential" }, "geometry": { "type": "Polygon", "coordinates": [ [ [ 73.103592233899022, 18.987955318535306 ], [ 73.10397204524466, 18.987959210618655 ], [ 73.103968976979061, 18.988230192302225 ], [ 73.103589165019685, 18.988226300159198 ], [ 73.103592233899022, 18.987955318535306 ] ] ] } },
{ "type": "Feature", "properties": { "plot_id": "M-8485", "property_owner": "Neha Verma", "plot_area": 1200.0, "property_type": "Mixed Use" }, "geometry": { "type": "Polygon", "coordinates": [ [ [ 73.10397204524466, 18.987959210618655 ], [ 73.104351856682925, 18.987963101923469 ], [ 73.10434878903105, 18.988234083666704 ], [ 73.103968976979061, 18.988230192302225 ], [ 73.10397204524466, 18.987959210618655 ] ] ] } },
{ "type": "Feature", "properties": { "plot_id": "M-8486", "property_owner": "Vijay More", "plot_area": 1200.0, "property_type": "Vacant" }, "geometry": { "type": "Polygon", "coordinates": [ [ [ 73.104351856682925, 18.987963101923469 ], [ 73.104731668213788, 18.987966992449749 ], [ 73.104728601175665, 18.988237974252637 ], [ 73.10434878903105, 18.988234083666704 ], [ 73.104351856682925, 18.987963101923469 ] ] ] } },
{ "type": "Feature", "properties": { "plot_id": "M-8487", "property_owner": "Amit Sharma", "plot_area": 1200.0, "property_type": "Commercial" }, "geometry": { "type": "Polygon", "coordinates": [ [ [ 73.104731668213788, 18.987966992449749 ], [ 73.105111479837234, 18.987970882197484 ], [ 73.105108413412836, 18.988241864060019 ], [ 73.104728601175665, 18.988237974252637 ], [ 73.104731668213788, 18.987966992449749 ] ] ] } },
{ "type": "Feature", "properties": { "plot_id": "M-8488", "property_owner": "Sunita Pawar", "plot_area": 1200.0, "property_type": "Vacant" }, "geometry": { "type": "Polygon", "coordinates": [ [ [ 73.105111479837234, 18.987970882197484 ], [ 73.10549129155325, 18.987974771166691 ], [ 73.10548822574259, 18.988245753088854 ], [ 73.105108413412836, 18.988241864060019 ], [ 73.105111479837234, 18.987970882197484 ] ] ] } },
{ "type": "Feature", "properties": { "plot_id": "M-8489", "property_owner": "Mahesh Deshmukh", "plot_area": 1200.0, "property_type": "Commercial" }, "geometry": { "type": "Polygon", "coordinates": [ [ [ 73.10549129155325, 18.987974771166691 ], [ 73.105871103361807, 18.987978659357346 ], [ 73.105868038164886, 18.988249641339134 ], [ 73.10548822574259, 18.988245753088854 ], [ 73.10549129155325, 18.987974771166691 ] ] ] } },
{ "type": "Feature", "properties": { "plot_id": "M-8490", "property_owner": "Amit Sharma", "plot_area": 1200.0, "property_type": "Commercial" }, "geometry": { "type": "Polygon", "coordinates": [ [ [ 73.105871103361807, 18.987978659357346 ], [ 73.106250915262891, 18.987982546769473 ], [ 73.106247850679722, 18.988253528810862 ], [ 73.105868038164886, 18.988249641339134 ], [ 73.105871103361807, 18.987978659357346 ] ] ] } },
{ "type": "Feature", "properties": { "plot_id": "M-8491", "property_owner": "Suresh Patil", "plot_area": 1200.0, "property_type": "Vacant" }, "geometry": { "type": "Polygon", "coordinates": [ [ [ 73.106250915262891, 18.987982546769473 ], [ 73.106630727256487, 18.987986433403059 ], [ 73.106627663287057, 18.988257415504041 ], [ 73.106247850679722, 18.988253528810862 ], [ 73.106250915262891, 18.987982546769473 ] ] ] } },
{ "type": "Feature", "properties": { "plot_id": "M-8492", "property_owner": "Mahesh Deshmukh", "plot_area": 1200.0, "property_type": "Commercial" }, "geometry": { "type": "Polygon", "coordinates": [ [ [ 73.106630727256487, 18.987986433403059 ], [ 73.107010539342582, 18.987990319258095 ], [ 73.107007475986876, 18.988261301418667 ], [ 73.106627663287057, 18.988257415504041 ], [ 73.106630727256487, 18.987986433403059 ] ] ] } },
{ "type": "Feature", "properties": { "plot_id": "M-8493", "property_owner": "Rohit Kulkarni", "plot_area": 1200.0, "property_type": "Commercial" }, "geometry": { "type": "Polygon", "coordinates": [ [ [ 73.107010539342582, 18.987990319258095 ], [ 73.107390351521147, 18.987994204334594 ], [ 73.107387288779194, 18.988265186554734 ], [ 73.107007475986876, 18.988261301418667 ], [ 73.107010539342582, 18.987990319258095 ] ] ] } },
{ "type": "Feature", "properties": { "plot_id": "M-8494", "property_owner": "Priya Singh", "plot_area": 1200.0, "property_type": "Vacant" }, "geometry": { "type": "Polygon", "coordinates": [ [ [ 73.107390351521147, 18.987994204334594 ], [ 73.107770163792154, 18.987998088632551 ], [ 73.107767101663939, 18.988269070912253 ], [ 73.107387288779194, 18.988265186554734 ], [ 73.107390351521147, 18.987994204334594 ] ] ] } },
{ "type": "Feature", "properties": { "plot_id": "M-8495", "property_owner": "Neha Verma", "plot_area": 1200.0, "property_type": "Vacant" }, "geometry": { "type": "Polygon", "coordinates": [ [ [ 73.107770163792154, 18.987998088632551 ], [ 73.108149976155616, 18.988001972151963 ], [ 73.108146914641154, 18.988272954491215 ], [ 73.107767101663939, 18.988269070912253 ], [ 73.107770163792154, 18.987998088632551 ] ] ] } },
{ "type": "Feature", "properties": { "plot_id": "M-8496", "property_owner": "Neha Verma", "plot_area": 1200.0, "property_type": "Residential" }, "geometry": { "type": "Polygon", "coordinates": [ [ [ 73.108149976155616, 18.988001972151963 ], [ 73.108529788611477, 18.98800585489283 ], [ 73.108526727710768, 18.988276837291611 ], [ 73.108146914641154, 18.988272954491215 ], [ 73.108149976155616, 18.988001972151963 ] ] ] } },
{ "type": "Feature", "properties": { "plot_id": "M-8497", "property_owner": "Rohit Kulkarni", "plot_area": 1200.0, "property_type": "Mixed Use" }, "geometry": { "type": "Polygon", "coordinates": [ [ [ 73.108529788611477, 18.98800585489283 ], [ 73.108909601159752, 18.988009736855151 ], [ 73.108906540872766, 18.988280719313455 ], [ 73.108526727710768, 18.988276837291611 ], [ 73.108529788611477, 18.98800585489283 ] ] ] } },
{ "type": "Feature", "properties": { "plot_id": "M-8498", "property_owner": "Sunita Pawar", "plot_area": 1200.0, "property_type": "Commercial" }, "geometry": { "type": "Polygon", "coordinates": [ [ [ 73.108909601159752, 18.988009736855151 ], [ 73.109289413800397, 18.988013618038927 ], [ 73.109286354127164, 18.988284600556746 ], [ 73.108906540872766, 18.988280719313455 ], [ 73.108909601159752, 18.988009736855151 ] ] ] } },
{ "type": "Feature", "properties": { "plot_id": "M-8499", "property_owner": "Suresh Patil", "plot_area": 1200.0, "property_type": "Vacant" }, "geometry": { "type": "Polygon", "coordinates": [ [ [ 73.109289413800397, 18.988013618038927 ], [ 73.109669226533413, 18.988017498444155 ], [ 73.109666167473918, 18.988288481021474 ], [ 73.109286354127164, 18.988284600556746 ], [ 73.109289413800397, 18.988013618038927 ] ] ] } }
]
}
