{
"type": "FeatureCollection",
"name": "ground_truth",
"crs": { "type": "name", "properties": { "name": "urn:ogc:def:crs:OGC:1.3:CRS84" } },
"features": [
{ "type": "Feature", "properties": { "parcel_id": "P0001", "survey_no": "SRV-1001", "owner_name": "Suresh Patil", "area_sqm": 1200.0, "land_use": "Residential" }, "geometry": { "type": "Polygon", "coordinates": [ [ [ 73.100232339696632, 18.982771612515812 ], [ 73.100612138548968, 18.982775510470045 ], [ 73.100609065751371, 18.983046491775735 ], [ 73.100229266285496, 18.983042593761716 ], [ 73.100232339696632, 18.982771612515812 ] ] ] } },
{ "type": "Feature", "properties": { "parcel_id": "P0002", "survey_no": "SRV-1002", "owner_name": "Neha Verma", "area_sqm": 1200.0, "land_use": "Commercial" }, "geometry": { "type": "Polygon", "coordinates": [ [ [ 73.100612138548968, 18.982775510470045 ], [ 73.100991937494086, 18.982779407645978 ], [ 73.100988865310029, 18.983050389011439 ], [ 73.100609065751371, 18.983046491775735 ], [ 73.100612138548968, 18.982775510470045 ] ] ] } },
{ "type": "Feature", "properties": { "parcel_id": "P0003", "survey_no": "SRV-1003", "owner_name": "Priya Singh", "area_sqm": 1200.0, "land_use": "Commercial" }, "geometry": { "type": "Polygon", "coordinates": [ [ [ 73.100991937494086, 18.982779407645978 ], [ 73.101371736531945, 18.982783304043611 ], [ 73.101368664961427, 18.983054285468832 ], [ 73.100988865310029, 18.983050389011439 ], [ 73.100991937494086, 18.982779407645978 ] ] ] } },
{ "type": "Feature", "properties": { "parcel_id": "P0004", "survey_no": "SRV-1004", "owner_name": "Suresh Patil", "area_sqm": 1200.0, "land_use": "Residential" }, "geometry": { "type": "Polygon", "coordinates": [ [ [ 73.101371736531945, 18.982783304043611 ], [ 73.101751535662572, 18.982787199662937 ], [ 73.101748464705565, 18.9830581811479 ], [ 73.101368664961427, 18.983054285468832 ], [ 73.101371736531945, 18.982783304043611 ] ] ] } },
{ "type": "Feature", "properties": { "parcel_id": "P0005", "survey_no": "SRV-1005", "owner_name": "Mahesh Deshmukh", "area_sqm": 1200.0, "land_use": "Vacant" }, "geometry": { "type": "Polygon", "coordinates": [ [ [ 73.101751535662572, 18.982787199662937 ], [ 73.102131334885897, 18.982791094503959 ], [ 73.102128264542429, 18.983062076048665 ], [ 73.101748464705565, 18.9830581811479 ], [ 73.101751535662572, 18.982787199662937 ] ] ] } },
{ "type": "Feature", "properties": { "parcel_id": "P0006", "survey_no": "SRV-1006", "owner_name": "Rajesh Kumar", "area_sqm": 1200.0, "land_use": "Residential" }, "geometry": { "type": "Polygon", "coordinates": [ [ [ 73.102131334885897, 18.982791094503959 ], [ 73.102511134201919, 18.982794988566681 ], [ 73.102508064471991, 18.983065970171101 ], [ 73.102128264542429, 18.983062076048665 ], [ 73.102131334885897, 18.982791094503959 ] ] ] } },
{ "type": "Feature", "properties": { "parcel_id": "P0007", "survey_no": "SRV-1007", "owner_name": "Suresh Patil", "area_sqm": 1200.0, "land_use": "Commercial" }, "geometry": { "type": "Polygon", "coordinates": [ [ [ 73.102511134201919, 18.982794988566681 ], [ 73.102890933610624, 18.982798881851092 ], [ 73.102887864494235, 18.983069863515226 ], [ 73.102508064471991, 18.983065970171101 ], [ 73.102511134201919, 18.982794988566681 ] ] ] } },
{ "type": "Feature", "properties": { "parcel_id": "P0008", "survey_no": "SRV-1008", "owner_name": "Priya Singh", "area_sqm": 1200.0, "land_use": "Residential" }, "geometry": { "type": "Polygon", "coordinates": [ [ [ 73.102890933610624, 18.982798881851092 ], [ 73.103270733111998, 18.982802774357204 ], [ 73.103267664609149, 18.983073756081033 ], [ 73.102887864494235, 18.983069863515226 ], [ 73.102890933610624, 18.982798881851092 ] ] ] } },
{ "type": "Feature", "properties": { "parcel_id": "P0009", "survey_no": "SRV-1009", "owner_name": "Sunita Pawar", "area_sqm": 1200.0, "land_use": "Commercial" }, "geometry": { "type": "Polygon", "coordinates": [ [ [ 73.103270733111998, 18.982802774357204 ], [ 73.103650532706013, 18.982806666085001 ], [ 73.103647464816703, 18.983077647868519 ], [ 73.103267664609149, 18.983073756081033 ], [ 73.103270733111998, 18.982802774357204 ] ] ] } },
{ "type": "Feature", "properties": { "parcel_id": "P0010", "survey_no": "SRV-1010", "owner_name": "Sunita Pawar", "area_sqm": 1200.0, "land_use": "Vacant" }, "geometry": { "type": "Polygon", "coordinates": [ [ [ 73.103650532706013, 18.982806666085001 ], [ 73.104030332392654, 18.982810557034487 ], [ 73.104027265116883, 18.983081538877688 ], [ 73.103647464816703, 18.983077647868519 ], [ 73.103650532706013, 18.982806666085001 ] ] ] } },
{ "type": "Feature", "properties": { "parcel_id": "P0011", "survey_no": "SRV-1011", "owner_name": "Priya Singh", "area_sqm": 1200.0, "land_use": "Vacant" }, "geometry": { "type": "Polygon", "coordinates": [ [ [ 73.104030332392654, 18.982810557034487 ], [ 73.104410132171921, 18.982814447205669 ], [ 73.104407065509676, 18.983085429108534 ], [ 73.104027265116883, 18.983081538877688 ], [ 73.104030332392654, 18.982810557034487 ] ] ] } },
{ "type": "Feature", "properties": { "parcel_id": "P0012", "survey_no": "SRV-1012", "owner_name": "Mahesh Deshmukh", "area_sqm": 1200.0, "land_use": "Mixed Use" }, "geometry": { "type": "Polygon", "coordinates": [ [ [ 73.104410132171921, 18.982814447205669 ], [ 73.104789932043758, 18.982818336598545 ], [ 73.104786865995052, 18.983089318561053 ], [ 73.104407065509676, 18.983085429108534 ], [ 73.104410132171921, 18.982814447205669 ] ] ] } },
{ "type": "Feature", "properties": { "parcel_id": "P0013", "survey_no": "SRV-1013", "owner_name": "Rajesh Kumar", "area_sqm": 1200.0, "land_use": "Commercial" }, "geometry": { "type": "Polygon", "coordinates": [ [ [ 73.104789932043758, 18.982818336598545 ], [ 73.105169732008179, 18.982822225213106 ], [ 73.105166666573012, 18.983093207235257 ], [ 73.104786865995052, 18.983089318561053 ], [ 73.104789932043758, 18.982818336598545 ] ] ] } },
{ "type": "Feature", "properties": { "parcel_id": "P0014", "survey_no": "SRV-1014", "owner_name": "Anita Joshi", "area_sqm": 1200.0, "land_use": "Mixed Use" }, "geometry": { "type": "Polygon", "coordinates": [ [ [ 73.105169732008179, 18.982822225213106 ], [ 73.10554953206514, 18.982826113049356 ], [ 73.105546467243514, 18.983097095131132 ], [ 73.105166666573012, 18.983093207235257 ], [ 73.105169732008179, 18.982822225213106 ] ] ] } },
{ "type": "Feature", "properties": { "parcel_id": "P0015", "survey_no": "SRV-1015", "owner_name": "Neha Verma", "area_sqm": 1200.0, "land_use": "Commercial" }, "geometry": { "type": "Polygon", "coordinates": [ [ [ 73.10554953206514, 18.982826113049356 ], [ 73.105929332214643, 18.982830000107292 ], [ 73.105926268006556, 18.983100982248686 ], [ 73.105546467243514, 18.983097095131132 ], [ 73.10554953206514, 18.982826113049356 ] ] ] } },
{ "type": "Feature", "properties": { "parcel_id": "P0016", "survey_no": "SRV-1016", "owner_name": "Priya Singh", "area_sqm": 1200.0, "land_use": "Mixed Use" }, "geometry": { "type": "Polygon", "coordinates": [ [ [ 73.105929332214643, 18.982830000107292 ], [ 73.106309132456659, 18.982833886386917 ], [ 73.106306068862125, 18.983104868587912 ], [ 73.105926268006556, 18.983100982248686 ], [ 73.105929332214643, 18.982830000107292 ] ] ] } },
{ "type": "Feature", "properties": { "parcel_id": "P0017", "survey_no": "SRV-1017", "owner_name": "Suresh Patil", "area_sqm": 1200.0, "land_use": "Residential" }, "geometry": { "type": "Polygon", "coordinates": [ [ [ 73.106309132456659, 18.982833886386917 ], [ 73.106688932791172, 18.982837771888228 ], [ 73.106685869810178, 18.983108754148823 ], [ 73.106306068862125, 18.983104868587912 ], [ 73.106309132456659, 18.982833886386917 ] ] ] } },
{ "type": "Feature", "properties": { "parcel_id": "P0018", "survey_no": "SRV-1018", "owner_name": "Anita Joshi", "area_sqm": 1200.0, "land_use": "Residential" }, "geometry": { "type": "Polygon", "coordinates": [ [ [ 73.106688932791172, 18.982837771888228 ], [ 73.107068733218156, 18.982841656611225 ], [ 73.107065670850702, 18.983112638931395 ], [ 73.106685869810178, 18.983108754148823 ], [ 73.106688932791172, 18.982837771888228 ] ] ] } },
{ "type": "Feature", "properties": { "parcel_id": "P0019", "survey_no": "SRV-1019", "owner_name": "Vijay More", "area_sqm": 1200.0, "land_use": "Mixed Use" }, "geometry": { "type": "Polygon", "coordinates": [ [ [ 73.107068733218156, 18.982841656611225 ], [ 73.107448533737596, 18.982845540555907 ], [ 73.107445471983695, 18.983116522935646 ], [ 73.107065670850702, 18.983112638931395 ], [ 73.107068733218156, 18.982841656611225 ] ] ] } },
{ "type": "Feature", "properties": { "parcel_id": "P0020", "survey_no": "SRV-1020", "owner_name": "Mahesh Deshmukh", "area_sqm": 1200.0, "land_use": "Mixed Use" }, "geometry": { "type": "Polygon", "coordinates": [ [ [ 73.107448533737596, 18.982845540555907 ], [ 73.107828334349492, 18.982849423722271 ], [ 73.10782527320913, 18.983120406161564 ], [ 73.107445471983695, 18.983116522935646 ], [ 73.107448533737596, 18.982845540555907 ] ] ] } },
{ "type": "Feature", "properties": { "parcel_id": "P0021", "survey_no": "SRV-1021", "owner_name": "Rajesh Kumar", "area_sqm": 1200.0, "land_use": "Vacant" }, "geometry": { "type": "Polygon", "coordinates": [ [ [ 73.107828334349492, 18.982849423722271 ], [ 73.108208135053815, 18.982853306110318 ], [ 73.108205074526992, 18.983124288609151 ], [ 73.10782527320913, 18.983120406161564 ], [ 73.107828334349492, 18.982849423722271 ] ] ] } },
{ "type": "Feature", "properties": { "parcel_id": "P0022", "survey_no": "SRV-1022", "owner_name": "Sunita Pawar", "area_sqm": 1200.0, "land_use": "Residential" }, "geometry": { "type": "Polygon", "coordinates": [ [ [ 73.108208135053815, 18.982853306110318 ], [ 73.108587935850537, 18.98285718772005 ], [ 73.108584875937254, 18.983128170278412 ], [ 73.108205074526992, 18.983124288609151 ], [ 73.108208135053815, 18.982853306110318 ] ] ] } },
{ "type": "Feature", "properties": { "parcel_id": "P0023", "survey_no": "SRV-1023", "owner_name": "Anita Joshi", "area_sqm": 1200.0, "land_use": "Residential" }, "geometry": { "type": "Polygon", "coordinates": [ [ [ 73.108587935850537, 18.98285718772005 ], [ 73.108967736739629, 18.982861068551454 ], [ 73.108964677439914, 18.983132051169346 ], [ 73.108584875937254, 18.983128170278412 ], [ 73.108587935850537, 18.98285718772005 ] ] ] } },
{ "type": "Feature", "properties": { "parcel_id": "P0024", "survey_no": "SRV-1024", "owner_name": "Sunita Pawar", "area_sqm": 1200.0, "land_use": "Mixed Use" }, "geometry": { "type": "Polygon", "coordinates": [ [ [ 73.108967736739629, 18.982861068551454 ], [ 73.109347537721106, 18.982864948604547 ], [ 73.109344479034931, 18.98313593128195 ], [ 73.108964677439914, 18.983132051169346 ], [ 73.108967736739629, 18.982861068551454 ] ] ] } },
{ "type": "Feature", "properties": { "parcel_id": "P0025", "survey_no": "SRV-1025", "owner_name": "Mahesh Deshmukh", "area_sqm": 1200.0, "land_use": "Mixed Use" }, "geometry": { "type": "Polygon", "coordinates": [ [ [ 73.109347537721106, 18.982864948604547 ], [ 73.109727338794926, 18.982868827879322 ], [ 73.10972428072229, 18.983139810616212 ], [ 73.109344479034931, 18.98313593128195 ], [ 73.109347537721106, 18.982864948604547 ] ] ] } },
{ "type": "Feature", "properties": { "parcel_id": "P0026", "survey_no": "SRV-1026", "owner_name": "Mahesh Deshmukh", "area_sqm": 1200.0, "land_use": "Commercial" }, "geometry": { "type": "Polygon", "coordinates": [ [ [ 73.100229266285496, 18.983042593761716 ], [ 73.100609065751371, 18.983046491775735 ], [ 73.100605992901592, 18.983317473073022 ], [ 73.100226192822177, 18.983313574999226 ], [ 73.100229266285496, 18.983042593761716 ] ] ] } },
{ "type": "Feature", "properties": { "parcel_id": "P0027", "survey_no": "SRV-1027", "owner_name": "Suresh Patil", "area_sqm": 1200.0, "land_use": "Residential" }, "geometry": { "type": "Polygon", "coordinates": [ [ [ 73.100609065751371, 18.983046491775735 ], [ 73.100988865310029, 18.983050389011439 ], [ 73.100985793073789, 18.983321370368497 ], [ 73.100605992901592, 18.983317473073022 ], [ 73.100609065751371, 18.983046491775735 ] ] ] } },
{ "type": "Feature", "properties": { "parcel_id": "P0028", "survey_no": "SRV-1028", "owner_name": "Priya Singh", "area_sqm": 1200.0, "land_use": "Mixed Use" }, "geometry": { "type": "Polygon", "coordinates": [ [ [ 73.100988865310029, 18.983050389011439 ], [ 73.101368664961427, 18.983054285468832 ], [ 73.101365593338727, 18.98332526688565 ], [ 73.100985793073789, 18.983321370368497 ], [ 73.100988865310029, 18.983050389011439 ] ] ] } },
{ "type": "Feature", "properties": { "parcel_id": "P0029", "survey_no": "SRV-1029", "owner_name": "Suresh Patil", "area_sqm": 1200.0, "land_use": "Commercial" }, "geometry": { "type": "Polygon", "coordinates": [ [ [ 73.101368664961427, 18.983054285468832 ], [ 73.101748464705565, 18.9830581811479 ], [ 73.101745393696405, 18.983329162624468 ], [ 73.101365593338727, 18.98332526688565 ], [ 73.101368664961427, 18.983054285468832 ] ] ] } },
{ "type": "Feature", "properties": { "parcel_id": "P0030", "survey_no": "SRV-1030", "owner_name": "Suresh Patil", "area_sqm": 1200.0, "land_use": "Vacant" }, "geometry": { "type": "Polygon", "coordinates": [ [ [ 73.101748464705565, 18.9830581811479 ], [ 73.102128264542429, 18.983062076048665 ], [ 73.102125194146822, 18.983333057584961 ], [ 73.101745393696405, 18.983329162624468 ], [ 73.101748464705565, 18.9830581811479 ] ] ] } },
{ "type": "Feature", "properties": { "parcel_id": "P0031", "survey_no": "SRV-1031", "owner_name": "Neha Verma", "area_sqm": 1200.0, "land_use": "Vacant" }, "geometry": { "type": "Polygon", "coordinates": [ [ [ 73.102128264542429, 18.983062076048665 ], [ 73.102508064471991, 18.983065970171101 ], [ 73.102504994689923, 18.983336951767129 ], [ 73.102125194146822, 18.983333057584961 ], [ 73.102128264542429, 18.983062076048665 ] ] ] } },
{ "type": "Feature", "properties": { "parcel_id": "P0032", "survey_no": "SRV-1032", "owner_name": "Vijay More", "area_sqm": 1200.0, "land_use": "Commercial" }, "geometry": { "type": "Polygon", "coordinates": [ [ [ 73.102508064471991, 18.983065970171101 ], [ 73.102887864494235, 18.983069863515226 ], [ 73.102884795325721, 18.983340845170961 ], [ 73.102504994689923, 18.983336951767129 ], [ 73.102508064471991, 18.983065970171101 ] ] ] } },
{ "type": "Feature", "properties": { "parcel_id": "P0033", "survey_no": "SRV-1033", "owner_name": "Vijay More", "area_sqm": 1200.0, "land_use": "Mixed Use" }, "geometry": { "type": "Polygon", "coordinates": [ [ [ 73.102887864494235, 18.983069863515226 ], [ 73.103267664609149, 18.983073756081033 ], [ 73.103264596054174, 18.983344737796465 ], [ 73.102884795325721, 18.983340845170961 ], [ 73.102887864494235, 18.983069863515226 ] ] ] } },
{ "type": "Feature", "properties": { "parcel_id": "P0034", "survey_no": "SRV-1034", "owner_name": "Priya Singh", "area_sqm": 1200.0, "land_use": "Mixed Use" }, "geometry": { "type": "Polygon", "coordinates": [ [ [ 73.103267664609149, 18.983073756081033 ], [ 73.103647464816703, 18.983077647868519 ], [ 73.103644396875282, 18.983348629643636 ], [ 73.103264596054174, 18.983344737796465 ], [ 73.103267664609149, 18.983073756081033 ] ] ] } },
{ "type": "Feature", "properties": { "parcel_id": "P0035", "survey_no": "SRV-1035", "owner_name": "Suresh Patil", "area_sqm": 1200.0, "land_use": "Commercial" }, "geometry": { "type": "Polygon", "coordinates": [ [ [ 73.103647464816703, 18.983077647868519 ], [ 73.104027265116883, 18.983081538877688 ], [ 73.104024197789016, 18.983352520712479 ], [ 73.103644396875282, 18.983348629643636 ], [ 73.103647464816703, 18.983077647868519 ] ] ] } },
{ "type": "Feature", "properties": { "parcel_id": "P0036", "survey_no": "SRV-1036", "owner_name": "Sunita Pawar", "area_sqm": 1200.0, "land_use": "Commercial" }, "geometry": { "type": "Polygon", "coordinates": [ [ [ 73.104027265116883, 18.983081538877688 ], [ 73.104407065509676, 18.983085429108534 ], [ 73.104403998795348, 18.983356411002987 ], [ 73.104024197789016, 18.983352520712479 ], [ 73.104027265116883, 18.983081538877688 ] ] ] } },
{ "type": "Feature", "properties": { "parcel_id": "P0037", "survey_no": "SRV-1037", "owner_name": "Amit Sharma", "area_sqm": 1200.0, "land_use": "Vacant" }, "geometry": { "type": "Polygon", "coordinates": [ [ [ 73.104407065509676, 18.983085429108534 ], [ 73.104786865995052, 18.983089318561053 ], [ 73.104783799894278, 18.983360300515162 ], [ 73.104403998795348, 18.983356411002987 ], [ 73.104407065509676, 18.983085429108534 ] ] ] } },
{ "type": "Feature", "properties": { "parcel_id": "P0038", "survey_no": "SRV-1038", "owner_name": "Anita Joshi", "area_sqm": 1200.0, "land_use": "Mixed Use" }, "geometry": { "type": "Polygon", "coordinates": [ [ [ 73.104786865995052, 18.983089318561053 ], [ 73.105166666573012, 18.983093207235257 ], [ 73.105163601085778, 18.983364189249006 ], [ 73.104783799894278, 18.983360300515162 ], [ 73.104786865995052, 18.983089318561053 ] ] ] } },
{ "type": "Feature", "properties": { "parcel_id": "P0039", "survey_no": "SRV-1039", "owner_name": "Sunita Pawar", "area_sqm": 1200.0, "land_use": "Commercial" }, "geometry": { "type": "Polygon", "coordinates": [ [ [ 73.105166666573012, 18.983093207235257 ], [ 73.105546467243514, 18.983097095131132 ], [ 73.105543402369847, 18.983368077204513 ], [ 73.105163601085778, 18.983364189249006 ], [ 73.105166666573012, 18.983093207235257 ] ] ] } },
{ "type": "Feature", "properties": { "parcel_id": "P0040", "survey_no": "SRV-1040", "owner_name": "Vijay More", "area_sqm": 1200.0, "land_use": "Residential" }, "geometry": { "type": "Polygon", "coordinates": [ [ [ 73.105546467243514, 18.983097095131132 ], [ 73.105926268006556, 18.983100982248686 ], [ 73.105923203746428, 18.983371964381682 ], [ 73.105543402369847, 18.983368077204513 ], [ 73.105546467243514, 18.983097095131132 ] ] ] } },
{ "type": "Feature", "properties": { "parcel_id": "P0041", "survey_no": "SRV-1041", "owner_name": "Priya Singh", "area_sqm": 1200.0, "land_use": "Residential" }, "geometry": { "type": "Polygon", "coordinates": [ [ [ 73.105926268006556, 18.983100982248686 ], [ 73.106306068862125, 18.983104868587912 ], [ 73.106303005215551, 18.983375850780515 ], [ 73.105923203746428, 18.983371964381682 ], [ 73.105926268006556, 18.983100982248686 ] ] ] } },
{ "type": "Feature", "properties": { "parcel_id": "P0042", "survey_no": "SRV-1042", "owner_name": "Vijay More", "area_sqm": 1200.0, "land_use": "Vacant" }, "geometry": { "type": "Polygon", "coordinates": [ [ [ 73.106306068862125, 18.983104868587912 ], [ 73.106685869810178, 18.983108754148823 ], [ 73.106682806777158, 18.983379736401009 ], [ 73.106303005215551, 18.983375850780515 ], [ 73.106306068862125, 18.983104868587912 ] ] ] } },
{ "type": "Feature", "properties": { "parcel_id": "P0043", "survey_no": "SRV-1043", "owner_name": "Neha Verma", "area_sqm": 1200.0, "land_use": "Residential" }, "geometry": { "type": "Polygon", "coordinates": [ [ [ 73.106685869810178, 18.983108754148823 ], [ 73.107065670850702, 18.983112638931395 ], [ 73.107062608431235, 18.98338362124316 ], [ 73.106682806777158, 18.983379736401009 ], [ 73.106685869810178, 18.983108754148823 ] ] ] } },
{ "type": "Feature", "properties": { "parcel_id": "P0044", "survey_no": "SRV-1044", "owner_name": "Priya Singh", "area_sqm": 1200.0, "land_use": "Mixed Use" }, "geometry": { "type": "Polygon", "coordinates": [ [ [ 73.107065670850702, 18.983112638931395 ], [ 73.107445471983695, 18.983116522935646 ], [ 73.107442410177782, 18.983387505306982 ], [ 73.107062608431235, 18.98338362124316 ], [ 73.107065670850702, 18.983112638931395 ] ] ] } },
{ "type": "Feature", "properties": { "parcel_id": "P0045", "survey_no": "SRV-1045", "owner_name": "Priya Singh", "area_sqm": 1200.0, "land_use": "Vacant" }, "geometry": { "type": "Polygon", "coordinates": [ [ [ 73.107445471983695, 18.983116522935646 ], [ 73.10782527320913, 18.983120406161564 ], [ 73.107822212016771, 18.983391388592459 ], [ 73.107442410177782, 18.983387505306982 ], [ 73.107445471983695, 18.983116522935646 ] ] ] } },
{ "type": "Feature", "properties": { "parcel_id": "P0046", "survey_no": "SRV-1046", "owner_name": "Anita Joshi", "area_sqm": 1200.0, "land_use": "Vacant" }, "geometry": { "type": "Polygon", "coordinates": [ [ [ 73.10782527320913, 18.983120406161564 ], [ 73.108205074526992, 18.983124288609151 ], [ 73.108202013948187, 18.983395271099592 ], [ 73.107822212016771, 18.983391388592459 ], [ 73.10782527320913, 18.983120406161564 ] ] ] } },
{ "type": "Feature", "properties": { "parcel_id": "P0047", "survey_no": "SRV-1047", "owner_name": "Amit Sharma", "area_sqm": 1200.0, "land_use": "Mixed Use" }, "geometry": { "type": "Polygon", "coordinates": [ [ [ 73.108205074526992, 18.983124288609151 ], [ 73.108584875937254, 18.983128170278412 ], [ 73.108581815972016, 18.983399152828387 ], [ 73.108202013948187, 18.983395271099592 ], [ 73.108205074526992, 18.983124288609151 ] ] ] } },
{ "type": "Feature", "properties": { "parcel_id": "P0048", "survey_no": "SRV-1048", "owner_name": "Amit Sharma", "area_sqm": 1200.0, "land_use": "Commercial" }, "geometry": { "type": "Polygon", "coordinates": [ [ [ 73.108584875937254, 18.983128170278412 ], [ 73.108964677439914, 18.983132051169346 ], [ 73.108961618088216, 18.983403033778838 ], [ 73.108581815972016, 18.983399152828387 ], [ 73.108584875937254, 18.983128170278412 ] ] ] } },
{ "type": "Feature", "properties": { "parcel_id": "P0049", "survey_no": "SRV-1049", "owner_name": "Sunita Pawar", "area_sqm": 1200.0, "land_use": "Mixed Use" }, "geometry": { "type": "Polygon", "coordinates": [ [ [ 73.108964677439914, 18.983132051169346 ], [ 73.109344479034931, 18.98313593128195 ], [ 73.109341420296801, 18.983406913950944 ], [ 73.108961618088216, 18.983403033778838 ], [ 73.108964677439914, 18.983132051169346 ] ] ] } },
{ "type": "Feature", "properties": { "parcel_id": "P0050", "survey_no": "SRV-1050", "owner_name": "Mahesh Deshmukh", "area_sqm": 1200.0, "land_use": "Vacant" }, "geometry": { "type": "Polygon", "coordinates": [ [ [ 73.109344479034931, 18.98313593128195 ], [ 73.10972428072229, 18.983139810616212 ], [ 73.109721222597713, 18.983410793344703 ], [ 73.109341420296801, 18.983406913950944 ], [ 73.109344479034931, 18.98313593128195 ] ] ] } },
{ "type": "Feature", "properties": { "parcel_id": "P0051", "survey_no": "SRV-1051", "owner_name": "Mahesh Deshmukh", "area_sqm": 1200.0, "land_use": "Vacant" }, "geometry": { "type": "Polygon", "coordinates": [ [ [ 73.100226192822177, 18.983313574999226 ], [ 73.100605992901592, 18.983317473073022 ], [ 73.100602919999616, 18.983588454361907 ], [ 73.100223119306662, 18.983584556228326 ], [ 73.100226192822177, 18.983313574999226 ] ] ] } },
{ "type": "Feature", "properties": { "parcel_id": "P0052", "survey_no": "SRV-1052", "owner_name": "Vijay More", "area_sqm": 1200.0, "land_use": "Commercial" }, "geometry": { "type": "Polygon", "coordinates": [ [ [ 73.100605992901592, 18.983317473073022 ], [ 73.100985793073789, 18.983321370368497 ], [ 73.100982720785368, 18.98359235171716 ], [ 73.100602919999616, 18.983588454361907 ], [ 73.100605992901592, 18.983317473073022 ] ] ] } },
{ "type": "Feature", "properties": { "parcel_id": "P0053", "survey_no": "SRV-1053", "owner_name": "Amit Sharma", "area_sqm": 1200.0, "land_use": "Vacant" }, "geometry": { "type": "Polygon", "coordinates": [ [ [ 73.100985793073789, 18.983321370368497 ], [ 73.101365593338727, 18.98332526688565 ], [ 73.101362521663859, 18.983596248294067 ], [ 73.100982720785368, 18.98359235171716 ], [ 73.100985793073789, 18.983321370368497 ] ] ] } },
{ "type": "Feature", "properties": { "parcel_id": "P0054", "survey_no": "SRV-1054", "owner_name": "Suresh Patil", "area_sqm": 1200.0, "land_use": "Residential" }, "geometry": { "type": "Polygon", "coordinates": [ [ [ 73.101365593338727, 18.98332526688565 ], [ 73.101745393696405, 18.983329162624468 ], [ 73.101742322635104, 18.983600144092634 ], [ 73.101362521663859, 18.983596248294067 ], [ 73.101365593338727, 18.98332526688565 ] ] ] } },
{ "type": "Feature", "properties": { "parcel_id": "P0055", "survey_no": "SRV-1055", "owner_name": "Suresh Patil", "area_sqm": 1200.0, "land_use": "Commercial" }, "geometry": { "type": "Polygon", "coordinates": [ [ [ 73.101745393696405, 18.983329162624468 ], [ 73.102125194146822, 18.983333057584961 ], [ 73.102122123699075, 18.983604039112862 ], [ 73.101742322635104, 18.983600144092634 ], [ 73.101745393696405, 18.983329162624468 ] ] ] } },
{ "type": "Feature", "properties": { "parcel_id": "P0056", "survey_no": "SRV-1056", "owner_name": "Amit Sharma", "area_sqm": 1200.0, "land_use": "Vacant" }, "geometry": { "type": "Polygon", "coordinates": [ [ [ 73.102125194146822, 18.983333057584961 ], [ 73.102504994689923, 18.983336951767129 ], [ 73.10250192485573, 18.983607933354751 ], [ 73.102122123699075, 18.983604039112862 ], [ 73.102125194146822, 18.983333057584961 ] ] ] } },
{ "type": "Feature", "properties": { "parcel_id": "P0057", "survey_no": "SRV-1057", "owner_name": "Mahesh Deshmukh", "area_sqm": 1200.0, "land_use": "Residential" }, "geometry": { "type": "Polygon", "coordinates": [ [ [ 73.102504994689923, 18.983336951767129 ], [ 73.102884795325721, 18.983340845170961 ], [ 73.102881726105082, 18.983611826818294 ], [ 73.10250192485573, 18.983607933354751 ], [ 73.102504994689923, 18.983336951767129 ] ] ] } },
{ "type": "Feature", "properties": { "parcel_id": "P0058", "survey_no": "SRV-1058", "owner_name": "Anita Joshi", "area_sqm": 1200.0, "land_use": "Vacant" }, "geometry": { "type": "Polygon", "coordinates": [ [ [ 73.102884795325721, 18.983340845170961 ], [ 73.103264596054174, 18.983344737796465 ], [ 73.103261527447103, 18.983615719503497 ], [ 73.102881726105082, 18.983611826818294 ], [ 73.102884795325721, 18.983340845170961 ] ] ] } },
{ "type": "Feature", "properties": { "parcel_id": "P0059", "survey_no": "SRV-1059", "owner_name": "Mahesh Deshmukh", "area_sqm": 1200.0, "land_use": "Vacant" }, "geometry": { "type": "Polygon", "coordinates": [ [ [ 73.103264596054174, 18.983344737796465 ], [ 73.103644396875282, 18.983348629643636 ], [ 73.103641328881764, 18.983619611410361 ], [ 73.103261527447103, 18.983615719503497 ], [ 73.103264596054174, 18.983344737796465 ] ] ] } },
{ "type": "Feature", "properties": { "parcel_id": "P0060", "survey_no": "SRV-1060", "owner_name": "Sunita Pawar", "area_sqm": 1200.0, "land_use": "Mixed Use" }, "geometry": { "type": "Polygon", "coordinates": [ [ [ 73.103644396875282, 18.983348629643636 ], [ 73.104024197789016, 18.983352520712479 ], [ 73.104021130409038, 18.98362350253888 ], [ 73.103641328881764, 18.983619611410361 ], [ 73.103644396875282, 18.983348629643636 ] ] ] } },
{ "type": "Feature", "properties": { "parcel_id": "P0061", "survey_no": "SRV-1061", "owner_name": "Sunita Pawar", "area_sqm": 1200.0, "land_use": "Residential" }, "geometry": { "type": "Polygon", "coordinates": [ [ [ 73.104024197789016, 18.983352520712479 ], [ 73.104403998795348, 18.983356411002987 ], [ 73.104400932028938, 18.983627392889051 ], [ 73.104021130409038, 18.98362350253888 ], [ 73.104024197789016, 18.983352520712479 ] ] ] } },
{ "type": "Feature", "properties": { "parcel_id": "P0062", "survey_no": "SRV-1062", "owner_name": "Suresh Patil", "area_sqm": 1200.0, "land_use": "Mixed Use" }, "geometry": { "type": "Polygon", "coordinates": [ [ [ 73.104403998795348, 18.983356411002987 ], [ 73.104783799894278, 18.983360300515162 ], [ 73.104780733741435, 18.983631282460877 ], [ 73.104400932028938, 18.983627392889051 ], [ 73.104403998795348, 18.983356411002987 ] ] ] } },
{ "type": "Feature", "properties": { "parcel_id": "P0063", "survey_no": "SRV-1063", "owner_name": "Vijay More", "area_sqm": 1200.0, "land_use": "Residential" }, "geometry": { "type": "Polygon", "coordinates": [ [ [ 73.104783799894278, 18.983360300515162 ], [ 73.105163601085778, 18.983364189249006 ], [ 73.105160535546489, 18.98363517125436 ], [ 73.104780733741435, 18.983631282460877 ], [ 73.104783799894278, 18.983360300515162 ] ] ] } },
{ "type": "Feature", "properties": { "parcel_id": "P0064", "survey_no": "SRV-1064", "owner_name": "Neha Verma", "area_sqm": 1200.0, "land_use": "Vacant" }, "geometry": { "type": "Polygon", "coordinates": [ [ [ 73.105163601085778, 18.983364189249006 ], [ 73.105543402369847, 18.983368077204513 ], [ 73.105540337444125, 18.983639059269485 ], [ 73.105160535546489, 18.98363517125436 ], [ 73.105163601085778, 18.983364189249006 ] ] ] } },
{ "type": "Feature", "properties": { "parcel_id": "P0065", "survey_no": "SRV-1065", "owner_name": "Amit Sharma", "area_sqm": 1200.0, "land_use": "Vacant" }, "geometry": { "type": "Polygon", "coordinates": [ [ [ 73.105543402369847, 18.983368077204513 ], [ 73.105923203746428, 18.983371964381682 ], [ 73.105920139434261, 18.983642946506276 ], [ 73.105540337444125, 18.983639059269485 ], [ 73.105543402369847, 18.983368077204513 ] ] ] } },
{ "type": "Feature", "properties": { "parcel_id": "P0066", "survey_no": "SRV-1066", "owner_name": "Rajesh Kumar", "area_sqm": 1200.0, "land_use": "Mixed Use" }, "geometry": { "type": "Polygon", "coordinates": [ [ [ 73.105923203746428, 18.983371964381682 ], [ 73.106303005215551, 18.983375850780515 ], [ 73.106299941516937, 18.983646832964713 ], [ 73.105920139434261, 18.983642946506276 ], [ 73.105923203746428, 18.983371964381682 ] ] ] } },
{ "type": "Feature", "properties": { "parcel_id": "P0067", "survey_no": "SRV-1067", "owner_name": "Sunita Pawar", "area_sqm": 1200.0, "land_use": "Commercial" }, "geometry": { "type": "Polygon", "coordinates": [ [ [ 73.106303005215551, 18.983375850780515 ], [ 73.106682806777158, 18.983379736401009 ], [ 73.106679743692112, 18.9836507186448 ], [ 73.106299941516937, 18.983646832964713 ], [ 73.106303005215551, 18.983375850780515 ] ] ] } },
{ "type": "Feature", "properties": { "parcel_id": "P0068", "survey_no": "SRV-1068", "owner_name": "Sunita Pawar", "area_sqm": 1200.0, "land_use": "Residential" }, "geometry": { "type": "Polygon", "coordinates": [ [ [ 73.106682806777158, 18.983379736401009 ], [ 73.107062608431235, 18.98338362124316 ], [ 73.107059545959757, 18.98365460354653 ], [ 73.106679743692112, 18.9836507186448 ], [ 73.106682806777158, 18.983379736401009 ] ] ] } },
{ "type": "Feature", "properties": { "parcel_id": "P0069", "survey_no": "SRV-1069", "owner_name": "Neha Verma", "area_sqm": 1200.0, "land_use": "Commercial" }, "geometry": { "type": "Polygon", "coordinates": [ [ [ 73.107062608431235, 18.98338362124316 ], [ 73.107442410177782, 18.983387505306982 ], [ 73.107439348319872, 18.983658487669917 ], [ 73.107059545959757, 18.98365460354653 ], [ 73.107062608431235, 18.98338362124316 ] ] ] } },
{ "type": "Feature", "properties": { "parcel_id": "P0070", "survey_no": "SRV-1070", "owner_name": "Amit Sharma", "area_sqm": 1200.0, "land_use": "Mixed Use" }, "geometry": { "type": "Polygon", "coordinates": [ [ [ 73.107442410177782, 18.983387505306982 ], [ 73.107822212016771, 18.983391388592459 ], [ 73.107819150772428, 18.983662371014951 ], [ 73.107439348319872, 18.983658487669917 ], [ 73.107442410177782, 18.983387505306982 ] ] ] } },
{ "type": "Feature", "properties": { "parcel_id": "P0071", "survey_no": "SRV-1071", "owner_name": "Amit Sharma", "area_sqm": 1200.0, "land_use": "Residential" }, "geometry": { "type": "Polygon", "coordinates": [ [ [ 73.107822212016771, 18.983391388592459 ], [ 73.108202013948187, 18.983395271099592 ], [ 73.108198953317412, 18.983666253581628 ], [ 73.107819150772428, 18.983662371014951 ], [ 73.107822212016771, 18.983391388592459 ] ] ] } },
{ "type": "Feature", "properties": { "parcel_id": "P0072", "survey_no": "SRV-1072", "owner_name": "Mahesh Deshmukh", "area_sqm": 1200.0, "land_use": "Mixed Use" }, "geometry": { "type": "Polygon", "coordinates": [ [ [ 73.108202013948187, 18.983395271099592 ], [ 73.108581815972016, 18.983399152828387 ], [ 73.108578755954809, 18.983670135369955 ], [ 73.108198953317412, 18.983666253581628 ], [ 73.108202013948187, 18.983395271099592 ] ] ] } },
{ "type": "Feature", "properties": { "parcel_id": "P0073", "survey_no": "SRV-1073", "owner_name": "Rohit Kulkarni", "area_sqm": 1200.0, "land_use": "Residential" }, "geometry": { "type": "Polygon", "coordinates": [ [ [ 73.108581815972016, 18.983399152828387 ], [ 73.108961618088216, 18.983403033778838 ], [ 73.108958558684577, 18.983674016379929 ], [ 73.108578755954809, 18.983670135369955 ], [ 73.108581815972016, 18.983399152828387 ] ] ] } },
{ "type": "Feature", "properties": { "parcel_id": "P0074", "survey_no": "SRV-1074", "owner_name": "Suresh Patil", "area_sqm": 1200.0, "land_use": "Mixed Use" }, "geometry": { "type": "Polygon", "coordinates": [ [ [ 73.108961618088216, 18.983403033778838 ], [ 73.109341420296801, 18.983406913950944 ], [ 73.109338361506715, 18.983677896611542 ], [ 73.108958558684577, 18.983674016379929 ], [ 73.108961618088216, 18.983403033778838 ] ] ] } },
{ "type": "Feature", "properties": { "parcel_id": "P0075", "survey_no": "SRV-1075", "owner_name": "Neha Verma", "area_sqm": 1200.0, "land_use": "Commercial" }, "geometry": { "type": "Polygon", "coordinates": [ [ [ 73.109341420296801, 18.983406913950944 ], [ 73.109721222597713, 18.983410793344703 ], [ 73.10971816442121, 18.983681776064802 ], [ 73.109338361506715, 18.983677896611542 ], [ 73.109341420296801, 18.983406913950944 ] ] ] } },
{ "type": "Feature", "properties": { "parcel_id": "P0076", "survey_no": "SRV-1076", "owner_name": "Rajesh Kumar", "area_sqm": 1200.0, "land_use": "Commercial" }, "geometry": { "type": "Polygon", "coordinates": [ [ [ 73.100223119306662, 18.983584556228326 ], [ 73.100602919999616, 18.983588454361907 ], [ 73.100599847045473, 18.983859435642401 ], [ 73.100220045738951, 18.983855537449035 ], [ 73.100223119306662, 18.983584556228326 ] ] ] } },
{ "type": "Feature", "properties": { "parcel_id": "P0077", "survey_no": "SRV-1077", "owner_name": "Mahesh Deshmukh", "area_sqm": 1200.0, "land_use": "Residential" }, "geometry": { "type": "Polygon", "coordinates": [ [ [ 73.100602919999616, 18.983588454361907 ], [ 73.100982720785368, 18.98359235171716 ], [ 73.100979648444778, 18.983863333057418 ], [ 73.100599847045473, 18.983859435642401 ], [ 73.100602919999616, 18.983588454361907 ] ] ] } },
{ "type": "Feature", "properties": { "parcel_id": "P0078", "survey_no": "SRV-1078", "owner_name": "Suresh Patil", "area_sqm": 1200.0, "land_use": "Vacant" }, "geometry": { "type": "Polygon", "coordinates": [ [ [ 73.100982720785368, 18.98359235171716 ], [ 73.101362521663859, 18.983596248294067 ], [ 73.101359449936837, 18.983867229694081 ], [ 73.100979648444778, 18.983863333057418 ], [ 73.100982720785368, 18.98359235171716 ] ] ] } },
{ "type": "Feature", "properties": { "parcel_id": "P0079", "survey_no": "SRV-1079", "owner_name": "Suresh Patil", "area_sqm": 1200.0, "land_use": "Commercial" }, "geometry": { "type": "Polygon", "coordinates": [ [ [ 73.101362521663859, 18.983596248294067 ], [ 73.101742322635104, 18.983600144092634 ], [ 73.10173925152165, 18.983871125552401 ], [ 73.101359449936837, 18.983867229694081 ], [ 73.101362521663859, 18.983596248294067 ] ] ] } },
{ "type": "Feature", "properties": { "parcel_id": "P0080", "survey_no": "SRV-1080", "owner_name": "Amit Sharma", "area_sqm": 1200.0, "land_use": "Vacant" }, "geometry": { "type": "Polygon", "coordinates": [ [ [ 73.101742322635104, 18.983600144092634 ], [ 73.102122123699075, 18.983604039112862 ], [ 73.102119053199175, 18.983875020632361 ], [ 73.10173925152165, 18.983871125552401 ], [ 73.101742322635104, 18.983600144092634 ] ] ] } },
{ "type": "Feature", "properties": { "parcel_id": "P0081", "survey_no": "SRV-1081", "owner_name": "Sunita Pawar", "area_sqm": 1200.0, "land_use": "Commercial" }, "geometry": { "type": "Polygon", "coordinates": [ [ [ 73.102122123699075, 18.983604039112862 ], [ 73.10250192485573, 18.983607933354751 ], [ 73.102498854969411, 18.983878914933975 ], [ 73.102119053199175, 18.983875020632361 ], [ 73.102122123699075, 18.983604039112862 ] ] ] } },
{ "type": "Feature", "properties": { "parcel_id": "P0082", "survey_no": "SRV-1082", "owner_name": "Neha Verma", "area_sqm": 1200.0, "land_use": "Vacant" }, "geometry": { "type": "Polygon", "coordinates": [ [ [ 73.10250192485573, 18.983607933354751 ], [ 73.102881726105082, 18.983611826818294 ], [ 73.102878656832317, 18.983882808457231 ], [ 73.102498854969411, 18.983878914933975 ], [ 73.10250192485573, 18.983607933354751 ] ] ] } },
{ "type": "Feature", "properties": { "parcel_id": "P0083", "survey_no": "SRV-1083", "owner_name": "Priya Singh", "area_sqm": 1200.0, "land_use": "Commercial" }, "geometry": { "type": "Polygon", "coordinates": [ [ [ 73.102881726105082, 18.983611826818294 ], [ 73.103261527447103, 18.983615719503497 ], [ 73.103258458787906, 18.983886701202131 ], [ 73.102878656832317, 18.983882808457231 ], [ 73.102881726105082, 18.983611826818294 ] ] ] } },
{ "type": "Feature", "properties": { "parcel_id": "P0084", "survey_no": "SRV-1084", "owner_name": "Neha Verma", "area_sqm": 1200.0, "land_use": "Vacant" }, "geometry": { "type": "Polygon", "coordinates": [ [ [ 73.103261527447103, 18.983615719503497 ], [ 73.103641328881764, 18.983619611410361 ], [ 73.103638260836121, 18.983890593168685 ], [ 73.103258458787906, 18.983886701202131 ], [ 73.103261527447103, 18.983615719503497 ] ] ] } },
{ "type": "Feature", "properties": { "parcel_id": "P0085", "survey_no": "SRV-1085", "owner_name": "Vijay More", "area_sqm": 1200.0, "land_use": "Vacant" }, "geometry": { "type": "Polygon", "coordinates": [ [ [ 73.103641328881764, 18.983619611410361 ], [ 73.104021130409038, 18.98362350253888 ], [ 73.104018062976991, 18.983894484356874 ], [ 73.103638260836121, 18.983890593168685 ], [ 73.103641328881764, 18.983619611410361 ] ] ] } },
{ "type": "Feature", "properties": { "parcel_id": "P0086", "survey_no": "SRV-1086", "owner_name": "Sunita Pawar", "area_sqm": 1200.0, "land_use": "Vacant" }, "geometry": { "type": "Polygon", "coordinates": [ [ [ 73.104021130409038, 18.98362350253888 ], [ 73.104400932028938, 18.983627392889051 ], [ 73.104397865210458, 18.983898374766714 ], [ 73.104018062976991, 18.983894484356874 ], [ 73.104021130409038, 18.98362350253888 ] ] ] } },
{ "type": "Feature", "properties": { "parcel_id": "P0087", "survey_no": "SRV-1087", "owner_name": "Suresh Patil", "area_sqm": 1200.0, "land_use": "Commercial" }, "geometry": { "type": "Polygon", "coordinates": [ [ [ 73.104400932028938, 18.983627392889051 ], [ 73.104780733741435, 18.983631282460877 ], [ 73.10477766753651, 18.983902264398189 ], [ 73.104397865210458, 18.983898374766714 ], [ 73.104400932028938, 18.983627392889051 ] ] ] } },
{ "type": "Feature", "properties": { "parcel_id": "P0088", "survey_no": "SRV-1088", "owner_name": "Priya Singh", "area_sqm": 1200.0, "land_use": "Residential" }, "geometry": { "type": "Polygon", "coordinates": [ [ [ 73.104780733741435, 18.983631282460877 ], [ 73.105160535546489, 18.98363517125436 ], [ 73.105157469955145, 18.983906153251311 ], [ 73.10477766753651, 18.983902264398189 ], [ 73.104780733741435, 18.983631282460877 ] ] ] } },
{ "type": "Feature", "properties": { "parcel_id": "P0089", "survey_no": "SRV-1089", "owner_name": "Vijay More", "area_sqm": 1200.0, "land_use": "Residential" }, "geometry": { "type": "Polygon", "coordinates": [ [ [ 73.105160535546489, 18.98363517125436 ], [ 73.105540337444125, 18.983639059269485 ], [ 73.10553727246635, 18.983910041326073 ], [ 73.105157469955145, 18.983906153251311 ], [ 73.105160535546489, 18.98363517125436 ] ] ] } },
{ "type": "Feature", "properties": { "parcel_id": "P0090", "survey_no": "SRV-1090", "owner_name": "Mahesh Deshmukh", "area_sqm": 1200.0, "land_use": "Commercial" }, "geometry": { "type": "Polygon", "coordinates": [ [ [ 73.105540337444125, 18.983639059269485 ], [ 73.105920139434261, 18.983642946506276 ], [ 73.105917075070067, 18.983913928622471 ], [ 73.10553727246635, 18.983910041326073 ], [ 73.105540337444125, 18.983639059269485 ] ] ] } },
{ "type": "Feature", "properties": { "parcel_id": "P0091", "survey_no": "SRV-1091", "owner_name": "Mahesh Deshmukh", "area_sqm": 1200.0, "land_use": "Commercial" }, "geometry": { "type": "Polygon", "coordinates": [ [ [ 73.105920139434261, 18.983642946506276 ], [ 73.106299941516937, 18.983646832964713 ], [ 73.106296877766312, 18.983917815140511 ], [ 73.105917075070067, 18.983913928622471 ], [ 73.105920139434261, 18.983642946506276 ] ] ] } },
{ "type": "Feature", "properties": { "parcel_id": "P0092", "survey_no": "SRV-1092", "owner_name": "Rajesh Kumar", "area_sqm": 1200.0, "land_use": "Residential" }, "geometry": { "type": "Polygon", "coordinates": [ [ [ 73.106299941516937, 18.983646832964713 ], [ 73.106679743692112, 18.9836507186448 ], [ 73.106676680555054, 18.983921700880192 ], [ 73.106296877766312, 18.983917815140511 ], [ 73.106299941516937, 18.983646832964713 ] ] ] } },
{ "type": "Feature", "properties": { "parcel_id": "P0093", "survey_no": "SRV-1093", "owner_name": "Rajesh Kumar", "area_sqm": 1200.0, "land_use": "Commercial" }, "geometry": { "type": "Polygon", "coordinates": [ [ [ 73.106679743692112, 18.9836507186448 ], [ 73.107059545959757, 18.98365460354653 ], [ 73.107056483436281, 18.983925585841508 ], [ 73.106676680555054, 18.983921700880192 ], [ 73.106679743692112, 18.9836507186448 ] ] ] } },
{ "type": "Feature", "properties": { "parcel_id": "P0094", "survey_no": "SRV-1094", "owner_name": "Suresh Patil", "area_sqm": 1200.0, "land_use": "Residential" }, "geometry": { "type": "Polygon", "coordinates": [ [ [ 73.107059545959757, 18.98365460354653 ], [ 73.107439348319872, 18.983658487669917 ], [ 73.107436286409964, 18.983929470024457 ], [ 73.107056483436281, 18.983925585841508 ], [ 73.107059545959757, 18.98365460354653 ] ] ] } },
{ "type": "Feature", "properties": { "parcel_id": "P0095", "survey_no": "SRV-1095", "owner_name": "Vijay More", "area_sqm": 1200.0, "land_use": "Residential" }, "geometry": { "type": "Polygon", "coordinates": [ [ [ 73.107439348319872, 18.983658487669917 ], [ 73.107819150772428, 18.983662371014951 ], [ 73.107816089476103, 18.983933353429048 ], [ 73.107436286409964, 18.983929470024457 ], [ 73.107439348319872, 18.983658487669917 ] ] ] } },
{ "type": "Feature", "properties": { "parcel_id": "P0096", "survey_no": "SRV-1096", "owner_name": "Sunita Pawar", "area_sqm": 1200.0, "land_use": "Commercial" }, "geometry": { "type": "Polygon", "coordinates": [ [ [ 73.107819150772428, 18.983662371014951 ], [ 73.108198953317412, 18.983666253581628 ], [ 73.108195892634654, 18.983937236055276 ], [ 73.107816089476103, 18.983933353429048 ], [ 73.107819150772428, 18.983662371014951 ] ] ] } },
{ "type": "Feature", "properties": { "parcel_id": "P0097", "survey_no": "SRV-1097", "owner_name": "Neha Verma", "area_sqm": 1200.0, "land_use": "Vacant" }, "geometry": { "type": "Polygon", "coordinates": [ [ [ 73.108198953317412, 18.983666253581628 ], [ 73.108578755954809, 18.983670135369955 ], [ 73.108575695885619, 18.983941117903132 ], [ 73.108195892634654, 18.983937236055276 ], [ 73.108198953317412, 18.983666253581628 ] ] ] } },
{ "type": "Feature", "properties": { "parcel_id": "P0098", "survey_no": "SRV-1098", "owner_name": "Priya Singh", "area_sqm": 1200.0, "land_use": "Commercial" }, "geometry": { "type": "Polygon", "coordinates": [ [ [ 73.108578755954809, 18.983670135369955 ], [ 73.108958558684577, 18.983674016379929 ], [ 73.108955499228969, 18.983944998972621 ], [ 73.108575695885619, 18.983941117903132 ], [ 73.108578755954809, 18.983670135369955 ] ] ] } },
{ "type": "Feature", "properties": { "parcel_id": "P0099", "survey_no": "SRV-1099", "owner_name": "Mahesh Deshmukh", "area_sqm": 1200.0, "land_use": "Vacant" }, "geometry": { "type": "Polygon", "coordinates": [ [ [ 73.108958558684577, 18.983674016379929 ], [ 73.109338361506715, 18.983677896611542 ], [ 73.109335302664704, 18.983948879263743 ], [ 73.108955499228969, 18.983944998972621 ], [ 73.108958558684577, 18.983674016379929 ] ] ] } },
{ "type": "Feature", "properties": { "parcel_id": "P0100", "survey_no": "SRV-1100", "owner_name": "Priya Singh", "area_sqm": 1200.0, "land_use": "Vacant" }, "geometry": { "type": "Polygon", "coordinates": [ [ [ 73.109338361506715, 18.983677896611542 ], [ 73.10971816442121, 18.983681776064802 ], [ 73.109715106192766, 18.9839527587765 ], [ 73.109335302664704, 18.983948879263743 ], [ 73.109338361506715, 18.983677896611542 ] ] ] } },
{ "type": "Feature", "properties": { "parcel_id": "P0101", "survey_no": "SRV-1101", "owner_name": "Anita Joshi", "area_sqm": 1200.0, "land_use": "Commercial" }, "geometry": { "type": "Polygon", "coordinates": [ [ [ 73.100220045738951, 18.983855537449035 ], [ 73.100599847045473, 18.983859435642401 ], [ 73.100596774039133, 18.984130416914482 ], [ 73.100216972119028, 18.984126518661331 ], [ 73.100220045738951, 18.983855537449035 ] ] ] } },
{ "type": "Feature", "properties": { "parcel_id": "P0102", "survey_no": "SRV-1102", "owner_name": "Suresh Patil", "area_sqm": 1200.0, "land_use": "Residential" }, "geometry": { "type": "Polygon", "coordinates": [ [ [ 73.100599847045473, 18.983859435642401 ], [ 73.100979648444778, 18.983863333057418 ], [ 73.10097657605202, 18.984134314389269 ], [ 73.100596774039133, 18.984130416914482 ], [ 73.100599847045473, 18.983859435642401 ] ] ] } },
{ "type": "Feature", "properties": { "parcel_id": "P0103", "survey_no": "SRV-1103", "owner_name": "Anita Joshi", "area_sqm": 1200.0, "land_use": "Mixed Use" }, "geometry": { "type": "Polygon", "coordinates": [ [ [ 73.100979648444778, 18.983863333057418 ], [ 73.101359449936837, 18.983867229694081 ], [ 73.101356378157647, 18.984138211085696 ], [ 73.10097657605202, 18.984134314389269 ], [ 73.100979648444778, 18.983863333057418 ] ] ] } },
{ "type": "Feature", "properties": { "parcel_id": "P0104", "survey_no": "SRV-1104", "owner_name": "Anita Joshi", "area_sqm": 1200.0, "land_use": "Vacant" }, "geometry": { "type": "Polygon", "coordinates": [ [ [ 73.101359449936837, 18.983867229694081 ], [ 73.10173925152165, 18.983871125552401 ], [ 73.101736180356028, 18.984142107003759 ], [ 73.101356378157647, 18.984138211085696 ], [ 73.101359449936837, 18.983867229694081 ] ] ] } },
{ "type": "Feature", "properties": { "parcel_id": "P0105", "survey_no": "SRV-1105", "owner_name": "Rohit Kulkarni", "area_sqm": 1200.0, "land_use": "Residential" }, "geometry": { "type": "Polygon", "coordinates": [ [ [ 73.10173925152165, 18.983871125552401 ], [ 73.102119053199175, 18.983875020632361 ], [ 73.102115982647135, 18.984146002143461 ], [ 73.101736180356028, 18.984142107003759 ], [ 73.10173925152165, 18.983871125552401 ] ] ] } },
{ "type": "Feature", "properties": { "parcel_id": "P0106", "survey_no": "SRV-1106", "owner_name": "Suresh Patil", "area_sqm": 1200.0, "land_use": "Residential" }, "geometry": { "type": "Polygon", "coordinates": [ [ [ 73.102119053199175, 18.983875020632361 ], [ 73.102498854969411, 18.983878914933975 ], [ 73.102495785030939, 18.984149896504789 ], [ 73.102115982647135, 18.984146002143461 ], [ 73.102119053199175, 18.983875020632361 ] ] ] } },
{ "type": "Feature", "properties": { "parcel_id": "P0107", "survey_no": "SRV-1107", "owner_name": "Anita Joshi", "area_sqm": 1200.0, "land_use": "Mixed Use" }, "geometry": { "type": "Polygon", "coordinates": [ [ [ 73.102498854969411, 18.983878914933975 ], [ 73.102878656832317, 18.983882808457231 ], [ 73.102875587507427, 18.984153790087763 ], [ 73.102495785030939, 18.984149896504789 ], [ 73.102498854969411, 18.983878914933975 ] ] ] } },
{ "type": "Feature", "properties": { "parcel_id": "P0108", "survey_no": "SRV-1108", "owner_name": "Suresh Patil", "area_sqm": 1200.0, "land_use": "Commercial" }, "geometry": { "type": "Polygon", "coordinates": [ [ [ 73.102878656832317, 18.983882808457231 ], [ 73.103258458787906, 18.983886701202131 ], [ 73.103255390076583, 18.984157682892366 ], [ 73.102875587507427, 18.984153790087763 ], [ 73.102878656832317, 18.983882808457231 ] ] ] } },
{ "type": "Feature", "properties": { "parcel_id": "P0109", "survey_no": "SRV-1109", "owner_name": "Priya Singh", "area_sqm": 1200.0, "land_use": "Commercial" }, "geometry": { "type": "Polygon", "coordinates": [ [ [ 73.103258458787906, 18.983886701202131 ], [ 73.103638260836121, 18.983890593168685 ], [ 73.103635192738395, 18.984161574918602 ], [ 73.103255390076583, 18.984157682892366 ], [ 73.103258458787906, 18.983886701202131 ] ] ] } },
{ "type": "Feature", "properties": { "parcel_id": "P0110", "survey_no": "SRV-1110", "owner_name": "Sunita Pawar", "area_sqm": 1200.0, "land_use": "Vacant" }, "geometry": { "type": "Polygon", "coordinates": [ [ [ 73.103638260836121, 18.983890593168685 ], [ 73.104018062976991, 18.983894484356874 ], [ 73.104014995492832, 18.98416546616647 ], [ 73.103635192738395, 18.984161574918602 ], [ 73.103638260836121, 18.983890593168685 ] ] ] } },
{ "type": "Feature", "properties": { "parcel_id": "P0111", "survey_no": "SRV-1111", "owner_name": "Amit Sharma", "area_sqm": 1200.0, "land_use": "Vacant" }, "geometry": { "type": "Polygon", "coordinates": [ [ [ 73.104018062976991, 18.983894484356874 ], [ 73.104397865210458, 18.983898374766714 ], [ 73.104394798339882, 18.984169356635974 ], [ 73.104014995492832, 18.98416546616647 ], [ 73.104018062976991, 18.983894484356874 ] ] ] } },
{ "type": "Feature", "properties": { "parcel_id": "P0112", "survey_no": "SRV-1112", "owner_name": "Amit Sharma", "area_sqm": 1200.0, "land_use": "Mixed Use" }, "geometry": { "type": "Polygon", "coordinates": [ [ [ 73.104397865210458, 18.983898374766714 ], [ 73.10477766753651, 18.983902264398189 ], [ 73.10477460127953, 18.984173246327103 ], [ 73.104394798339882, 18.984169356635974 ], [ 73.104397865210458, 18.983898374766714 ] ] ] } },
{ "type": "Feature", "properties": { "parcel_id": "P0113", "survey_no": "SRV-1113", "owner_name": "Rohit Kulkarni", "area_sqm": 1200.0, "land_use": "Commercial" }, "geometry": { "type": "Polygon", "coordinates": [ [ [ 73.10477766753651, 18.983902264398189 ], [ 73.105157469955145, 18.983906153251311 ], [ 73.105154404311733, 18.984177135239861 ], [ 73.10477460127953, 18.984173246327103 ], [ 73.10477766753651, 18.983902264398189 ] ] ] } },
{ "type": "Feature", "properties": { "parcel_id": "P0114", "survey_no": "SRV-1114", "owner_name": "Suresh Patil", "area_sqm": 1200.0, "land_use": "Vacant" }, "geometry": { "type": "Polygon", "coordinates": [ [ [ 73.105157469955145, 18.983906153251311 ], [ 73.10553727246635, 18.983910041326073 ], [ 73.105534207436506, 18.984181023374251 ], [ 73.105154404311733, 18.984177135239861 ], [ 73.105157469955145, 18.983906153251311 ] ] ] } },
{ "type": "Feature", "properties": { "parcel_id": "P0115", "survey_no": "SRV-1115", "owner_name": "Sunita Pawar", "area_sqm": 1200.0, "land_use": "Residential" }, "geometry": { "type": "Polygon", "coordinates": [ [ [ 73.10553727246635, 18.983910041326073 ], [ 73.105917075070067, 18.983913928622471 ], [ 73.105914010653819, 18.984184910730267 ], [ 73.105534207436506, 18.984181023374251 ], [ 73.10553727246635, 18.983910041326073 ] ] ] } },
{ "type": "Feature", "properties": { "parcel_id": "P0116", "survey_no": "SRV-1116", "owner_name": "Rajesh Kumar", "area_sqm": 1200.0, "land_use": "Residential" }, "geometry": { "type": "Polygon", "coordinates": [ [ [ 73.105917075070067, 18.983913928622471 ], [ 73.106296877766312, 18.983917815140511 ], [ 73.106293813963646, 18.984188797307912 ], [ 73.105914010653819, 18.984184910730267 ], [ 73.105917075070067, 18.983913928622471 ] ] ] } },
{ "type": "Feature", "properties": { "parcel_id": "P0117", "survey_no": "SRV-1117", "owner_name": "Suresh Patil", "area_sqm": 1200.0, "land_use": "Commercial" }, "geometry": { "type": "Polygon", "coordinates": [ [ [ 73.106296877766312, 18.983917815140511 ], [ 73.106676680555054, 18.983921700880192 ], [ 73.106673617365971, 18.984192683107178 ], [ 73.106293813963646, 18.984188797307912 ], [ 73.106296877766312, 18.983917815140511 ] ] ] } },
{ "type": "Feature", "properties": { "parcel_id": "P0118", "survey_no": "SRV-1118", "owner_name": "Amit Sharma", "area_sqm": 1200.0, "land_use": "Vacant" }, "geometry": { "type": "Polygon", "coordinates": [ [ [ 73.106676680555054, 18.983921700880192 ], [ 73.107056483436281, 18.983925585841508 ], [ 73.107053420860794, 18.984196568128077 ], [ 73.106673617365971, 18.984192683107178 ], [ 73.106676680555054, 18.983921700880192 ] ] ] } },
{ "type": "Feature", "properties": { "parcel_id": "P0119", "survey_no": "SRV-1119", "owner_name": "Rohit Kulkarni", "area_sqm": 1200.0, "land_use": "Vacant" }, "geometry": { "type": "Polygon", "coordinates": [ [ [ 73.107056483436281, 18.983925585841508 ], [ 73.107436286409964, 18.983929470024457 ], [ 73.107433224448059, 18.984200452370597 ], [ 73.107053420860794, 18.984196568128077 ], [ 73.107056483436281, 18.983925585841508 ] ] ] } },
{ "type": "Feature", "properties": { "parcel_id": "P0120", "survey_no": "SRV-1120", "owner_name": "Priya Singh", "area_sqm": 1200.0, "land_use": "Vacant" }, "geometry": { "type": "Polygon", "coordinates": [ [ [ 73.107436286409964, 18.983929470024457 ], [ 73.107816089476103, 18.983933353429048 ], [ 73.107813028127779, 18.984204335834747 ], [ 73.107433224448059, 18.984200452370597 ], [ 73.107436286409964, 18.983929470024457 ] ] ] } },
{ "type": "Feature", "properties": { "parcel_id": "P0121", "survey_no": "SRV-1121", "owner_name": "Rajesh Kumar", "area_sqm": 1200.0, "land_use": "Commercial" }, "geometry": { "type": "Polygon", "coordinates": [ [ [ 73.107816089476103, 18.983933353429048 ], [ 73.108195892634654, 18.983937236055276 ], [ 73.108192831899927, 18.984208218520511 ], [ 73.107813028127779, 18.984204335834747 ], [ 73.107816089476103, 18.983933353429048 ] ] ] } },
{ "type": "Feature", "properties": { "parcel_id": "P0122", "survey_no": "SRV-1122", "owner_name": "Anita Joshi", "area_sqm": 1200.0, "land_use": "Residential" }, "geometry": { "type": "Polygon", "coordinates": [ [ [ 73.108195892634654, 18.983937236055276 ], [ 73.108575695885619, 18.983941117903132 ], [ 73.108572635764475, 18.9842121004279 ], [ 73.108192831899927, 18.984208218520511 ], [ 73.108195892634654, 18.983937236055276 ] ] ] } },
{ "type": "Feature", "properties": { "parcel_id": "P0123", "survey_no": "SRV-1123", "owner_name": "Anita Joshi", "area_sqm": 1200.0, "land_use": "Mixed Use" }, "geometry": { "type": "Polygon", "coordinates": [ [ [ 73.108575695885619, 18.983941117903132 ], [ 73.108955499228969, 18.983944998972621 ], [ 73.108952439721421, 18.984215981556915 ], [ 73.108572635764475, 18.9842121004279 ], [ 73.108575695885619, 18.983941117903132 ] ] ] } },
{ "type": "Feature", "properties": { "parcel_id": "P0124", "survey_no": "SRV-1124", "owner_name": "Rohit Kulkarni", "area_sqm": 1200.0, "land_use": "Mixed Use" }, "geometry": { "type": "Polygon", "coordinates": [ [ [ 73.108955499228969, 18.983944998972621 ], [ 73.109335302664704, 18.983948879263743 ], [ 73.109332243770723, 18.984219861907548 ], [ 73.108952439721421, 18.984215981556915 ], [ 73.108955499228969, 18.983944998972621 ] ] ] } },
{ "type": "Feature", "properties": { "parcel_id": "P0125", "survey_no": "SRV-1125", "owner_name": "Anita Joshi", "area_sqm": 1200.0, "land_use": "Vacant" }, "geometry": { "type": "Polygon", "coordinates": [ [ [ 73.109335302664704, 18.983948879263743 ], [ 73.109715106192766, 18.9839527587765 ], [ 73.109712047912382, 18.984223741479802 ], [ 73.109332243770723, 18.984219861907548 ], [ 73.109335302664704, 18.983948879263743 ] ] ] } },
{ "type": "Feature", "properties": { "parcel_id": "P0126", "survey_no": "SRV-1126", "owner_name": "Amit Sharma", "area_sqm": 1200.0, "land_use": "Commercial" }, "geometry": { "type": "Polygon", "coordinates": [ [ [ 73.100216972119028, 18.984126518661331 ], [ 73.100596774039133, 18.984130416914482 ], [ 73.100593700980596, 18.984401398178161 ], [ 73.100213898446924, 18.984397499865228 ], [ 73.100216972119028, 18.984126518661331 ] ] ] } },
{ "type": "Feature", "properties": { "parcel_id": "P0127", "survey_no": "SRV-1127", "owner_name": "Neha Verma", "area_sqm": 1200.0, "land_use": "Commercial" }, "geometry": { "type": "Polygon", "coordinates": [ [ [ 73.100596774039133, 18.984130416914482 ], [ 73.10097657605202, 18.984134314389269 ], [ 73.100973503607065, 18.984405295712719 ], [ 73.100593700980596, 18.984401398178161 ], [ 73.100596774039133, 18.984130416914482 ] ] ] } },
{ "type": "Feature", "properties": { "parcel_id": "P0128", "survey_no": "SRV-1128", "owner_name": "Rajesh Kumar", "area_sqm": 1200.0, "land_use": "Residential" }, "geometry": { "type": "Polygon", "coordinates": [ [ [ 73.10097657605202, 18.984134314389269 ], [ 73.101356378157647, 18.984138211085696 ], [ 73.101353306326303, 18.984409192468902 ], [ 73.100973503607065, 18.984405295712719 ], [ 73.10097657605202, 18.984134314389269 ] ] ] } },
{ "type": "Feature", "properties": { "parcel_id": "P0129", "survey_no": "SRV-1129", "owner_name": "Vijay More", "area_sqm": 1200.0, "land_use": "Residential" }, "geometry": { "type": "Polygon", "coordinates": [ [ [ 73.101356378157647, 18.984138211085696 ], [ 73.101736180356028, 18.984142107003759 ], [ 73.101733109138252, 18.984413088446715 ], [ 73.101353306326303, 18.984409192468902 ], [ 73.101356378157647, 18.984138211085696 ] ] ] } },
{ "type": "Feature", "properties": { "parcel_id": "P0130", "survey_no": "SRV-1130", "owner_name": "Rajesh Kumar", "area_sqm": 1200.0, "land_use": "Vacant" }, "geometry": { "type": "Polygon", "coordinates": [ [ [ 73.101736180356028, 18.984142107003759 ], [ 73.102115982647135, 18.984146002143461 ], [ 73.102112912042941, 18.984416983646149 ], [ 73.101733109138252, 18.984413088446715 ], [ 73.101736180356028, 18.984142107003759 ] ] ] } },
{ "type": "Feature", "properties": { "parcel_id": "P0131", "survey_no": "SRV-1131", "owner_name": "Sunita Pawar", "area_sqm": 1200.0, "land_use": "Commercial" }, "geometry": { "type": "Polygon", "coordinates": [ [ [ 73.102115982647135, 18.984146002143461 ], [ 73.102495785030939, 18.984149896504789 ], [ 73.102492715040327, 18.984420878067212 ], [ 73.102112912042941, 18.984416983646149 ], [ 73.102115982647135, 18.984146002143461 ] ] ] } },
{ "type": "Feature", "properties": { "parcel_id": "P0132", "survey_no": "SRV-1132", "owner_name": "Rajesh Kumar", "area_sqm": 1200.0, "land_use": "Residential" }, "geometry": { "type": "Polygon", "coordinates": [ [ [ 73.102495785030939, 18.984149896504789 ], [ 73.102875587507427, 18.984153790087763 ], [ 73.102872518130411, 18.984424771709893 ], [ 73.102492715040327, 18.984420878067212 ], [ 73.102495785030939, 18.984149896504789 ] ] ] } },
{ "type": "Feature", "properties": { "parcel_id": "P0133", "survey_no": "SRV-1133", "owner_name": "Amit Sharma", "area_sqm": 1200.0, "land_use": "Residential" }, "geometry": { "type": "Polygon", "coordinates": [ [ [ 73.102875587507427, 18.984153790087763 ], [ 73.103255390076583, 18.984157682892366 ], [ 73.103252321313164, 18.9844286645742 ], [ 73.102872518130411, 18.984424771709893 ], [ 73.102875587507427, 18.984153790087763 ] ] ] } },
{ "type": "Feature", "properties": { "parcel_id": "P0134", "survey_no": "SRV-1134", "owner_name": "Mahesh Deshmukh", "area_sqm": 1200.0, "land_use": "Residential" }, "geometry": { "type": "Polygon", "coordinates": [ [ [ 73.103255390076583, 18.984157682892366 ], [ 73.103635192738395, 18.984161574918602 ], [ 73.103632124588572, 18.984432556660124 ], [ 73.103252321313164, 18.9844286645742 ], [ 73.103255390076583, 18.984157682892366 ] ] ] } },
{ "type": "Feature", "properties": { "parcel_id": "P0135", "survey_no": "SRV-1135", "owner_name": "Priya Singh", "area_sqm": 1200.0, "land_use": "Vacant" }, "geometry": { "type": "Polygon", "coordinates": [ [ [ 73.103635192738395, 18.984161574918602 ], [ 73.104014995492832, 18.98416546616647 ], [ 73.104011927956591, 18.984436447967663 ], [ 73.103632124588572, 18.984432556660124 ], [ 73.103635192738395, 18.984161574918602 ] ] ] } },
{ "type": "Feature", "properties": { "parcel_id": "P0136", "survey_no": "SRV-1136", "owner_name": "Suresh Patil", "area_sqm": 1200.0, "land_use": "Commercial" }, "geometry": { "type": "Polygon", "coordinates": [ [ [ 73.104014995492832, 18.98416546616647 ], [ 73.104394798339882, 18.984169356635974 ], [ 73.104391731417223, 18.984440338496825 ], [ 73.104011927956591, 18.984436447967663 ], [ 73.104014995492832, 18.98416546616647 ] ] ] } },
{ "type": "Feature", "properties": { "parcel_id": "P0137", "survey_no": "SRV-1137", "owner_name": "Mahesh Deshmukh", "area_sqm": 1200.0, "land_use": "Residential" }, "geometry": { "type": "Polygon", "coordinates": [ [ [ 73.104394798339882, 18.984169356635974 ], [ 73.10477460127953, 18.984173246327103 ], [ 73.104771534970453, 18.984444228247611 ], [ 73.104391731417223, 18.984440338496825 ], [ 73.104394798339882, 18.984169356635974 ] ] ] } },
{ "type": "Feature", "properties": { "parcel_id": "P0138", "survey_no": "SRV-1138", "owner_name": "Mahesh Deshmukh", "area_sqm": 1200.0, "land_use": "Residential" }, "geometry": { "type": "Polygon", "coordinates": [ [ [ 73.10477460127953, 18.984173246327103 ], [ 73.105154404311733, 18.984177135239861 ], [ 73.105151338616267, 18.984448117220012 ], [ 73.104771534970453, 18.984444228247611 ], [ 73.10477460127953, 18.984173246327103 ] ] ] } },
{ "type": "Feature", "properties": { "parcel_id": "P0139", "survey_no": "SRV-1139", "owner_name": "Anita Joshi", "area_sqm": 1200.0, "land_use": "Mixed Use" }, "geometry": { "type": "Polygon", "coordinates": [ [ [ 73.105154404311733, 18.984177135239861 ], [ 73.105534207436506, 18.984181023374251 ], [ 73.105531142354621, 18.984452005414024 ], [ 73.105151338616267, 18.984448117220012 ], [ 73.105154404311733, 18.984177135239861 ] ] ] } },
{ "type": "Feature", "properties": { "parcel_id": "P0140", "survey_no": "SRV-1140", "owner_name": "Neha Verma", "area_sqm": 1200.0, "land_use": "Commercial" }, "geometry": { "type": "Polygon", "coordinates": [ [ [ 73.105534207436506, 18.984181023374251 ], [ 73.105914010653819, 18.984184910730267 ], [ 73.105910946185531, 18.984455892829658 ], [ 73.105531142354621, 18.984452005414024 ], [ 73.105534207436506, 18.984181023374251 ] ] ] } },
{ "type": "Feature", "properties": { "parcel_id": "P0141", "survey_no": "SRV-1141", "owner_name": "Vijay More", "area_sqm": 1200.0, "land_use": "Commercial" }, "geometry": { "type": "Polygon", "coordinates": [ [ [ 73.105914010653819, 18.984184910730267 ], [ 73.106293813963646, 18.984188797307912 ], [ 73.106290750108954, 18.984459779466906 ], [ 73.105910946185531, 18.984455892829658 ], [ 73.105914010653819, 18.984184910730267 ] ] ] } },
{ "type": "Feature", "properties": { "parcel_id": "P0142", "survey_no": "SRV-1142", "owner_name": "Neha Verma", "area_sqm": 1200.0, "land_use": "Vacant" }, "geometry": { "type": "Polygon", "coordinates": [ [ [ 73.106293813963646, 18.984188797307912 ], [ 73.106673617365971, 18.984192683107178 ], [ 73.106670554124875, 18.984463665325773 ], [ 73.106290750108954, 18.984459779466906 ], [ 73.106293813963646, 18.984188797307912 ] ] ] } },
{ "type": "Feature", "properties": { "parcel_id": "P0143", "survey_no": "SRV-1143", "owner_name": "Amit Sharma", "area_sqm": 1200.0, "land_use": "Mixed Use" }, "geometry": { "type": "Polygon", "coordinates": [ [ [ 73.106673617365971, 18.984192683107178 ], [ 73.107053420860794, 18.984196568128077 ], [ 73.10705035823328, 18.984467550406251 ], [ 73.106670554124875, 18.984463665325773 ], [ 73.106673617365971, 18.984192683107178 ] ] ] } },
{ "type": "Feature", "properties": { "parcel_id": "P0144", "survey_no": "SRV-1144", "owner_name": "Rohit Kulkarni", "area_sqm": 1200.0, "land_use": "Mixed Use" }, "geometry": { "type": "Polygon", "coordinates": [ [ [ 73.107053420860794, 18.984196568128077 ], [ 73.107433224448059, 18.984200452370597 ], [ 73.107430162434142, 18.984471434708343 ], [ 73.10705035823328, 18.984467550406251 ], [ 73.107053420860794, 18.984196568128077 ] ] ] } },
{ "type": "Feature", "properties": { "parcel_id": "P0145", "survey_no": "SRV-1145", "owner_name": "Suresh Patil", "area_sqm": 1200.0, "land_use": "Residential" }, "geometry": { "type": "Polygon", "coordinates": [ [ [ 73.107433224448059, 18.984200452370597 ], [ 73.107813028127779, 18.984204335834747 ], [ 73.107809966727473, 18.98447531823204 ], [ 73.107430162434142, 18.984471434708343 ], [ 73.107433224448059, 18.984200452370597 ] ] ] } },
{ "type": "Feature", "properties": { "parcel_id": "P0146", "survey_no": "SRV-1146", "owner_name": "Rohit Kulkarni", "area_sqm": 1200.0, "land_use": "Residential" }, "geometry": { "type": "Polygon", "coordinates": [ [ [ 73.107813028127779, 18.984204335834747 ], [ 73.108192831899927, 18.984208218520511 ], [ 73.108189771113203, 18.984479200977354 ], [ 73.107809966727473, 18.98447531823204 ], [ 73.107813028127779, 18.984204335834747 ] ] ] } },
{ "type": "Feature", "properties": { "parcel_id": "P0147", "survey_no": "SRV-1147", "owner_name": "Suresh Patil", "area_sqm": 1200.0, "land_use": "Commercial" }, "geometry": { "type": "Polygon", "coordinates": [ [ [ 73.108192831899927, 18.984208218520511 ], [ 73.108572635764475, 18.9842121004279 ], [ 73.108569575591346, 18.98448308294428 ], [ 73.108189771113203, 18.984479200977354 ], [ 73.108192831899927, 18.984208218520511 ] ] ] } },
{ "type": "Feature", "properties": { "parcel_id": "P0148", "survey_no": "SRV-1148", "owner_name": "Sunita Pawar", "area_sqm": 1200.0, "land_use": "Mixed Use" }, "geometry": { "type": "Polygon", "coordinates": [ [ [ 73.108572635764475, 18.9842121004279 ], [ 73.108952439721421, 18.984215981556915 ], [ 73.108949380161889, 18.984486964132813 ], [ 73.108569575591346, 18.98448308294428 ], [ 73.108572635764475, 18.9842121004279 ] ] ] } },
{ "type": "Feature", "properties": { "parcel_id": "P0149", "survey_no": "SRV-1149", "owner_name": "Amit Sharma", "area_sqm": 1200.0, "land_use": "Mixed Use" }, "geometry": { "type": "Polygon", "coordinates": [ [ [ 73.108952439721421, 18.984215981556915 ], [ 73.109332243770723, 18.984219861907548 ], [ 73.109329184824801, 18.984490844542954 ], [ 73.108949380161889, 18.984486964132813 ], [ 73.108952439721421, 18.984215981556915 ] ] ] } },
{ "type": "Feature", "properties": { "parcel_id": "P0150", "survey_no": "SRV-1150", "owner_name": "Suresh Patil", "area_sqm": 1200.0, "land_use": "Commercial" }, "geometry": { "type": "Polygon", "coordinates": [ [ [ 73.109332243770723, 18.984219861907548 ], [ 73.109712047912382, 18.984223741479802 ], [ 73.109708989580071, 18.984494724174699 ], [ 73.109329184824801, 18.984490844542954 ], [ 73.109332243770723, 18.984219861907548 ] ] ] } },
{ "type": "Feature", "properties": { "parcel_id": "P0151", "survey_no": "SRV-1151", "owner_name": "Vijay More", "area_sqm": 1200.0, "land_use": "Mixed Use" }, "geometry": { "type": "Polygon", "coordinates": [ [ [ 73.100213898446924, 18.984397499865228 ], [ 73.100593700980596, 18.984401398178161 ], [ 73.100590627869892, 18.984672379433441 ], [ 73.100210824722609, 18.984668481060719 ], [ 73.100213898446924, 18.984397499865228 ] ] ] } },
{ "type": "Feature", "properties": { "parcel_id": "P0152", "survey_no": "SRV-1152", "owner_name": "Amit Sharma", "area_sqm": 1200.0, "land_use": "Vacant" }, "geometry": { "type": "Polygon", "coordinates": [ [ [ 73.100593700980596, 18.984401398178161 ], [ 73.100973503607065, 18.984405295712719 ], [ 73.100970431109957, 18.98467627702777 ], [ 73.100590627869892, 18.984672379433441 ], [ 73.100593700980596, 18.984401398178161 ] ] ] } },
{ "type": "Feature", "properties": { "parcel_id": "P0153", "survey_no": "SRV-1153", "owner_name": "Sunita Pawar", "area_sqm": 1200.0, "land_use": "Mixed Use" }, "geometry": { "type": "Polygon", "coordinates": [ [ [ 73.100973503607065, 18.984405295712719 ], [ 73.101353306326303, 18.984409192468902 ], [ 73.101350234442762, 18.984680173843714 ], [ 73.100970431109957, 18.98467627702777 ], [ 73.100973503607065, 18.984405295712719 ] ] ] } },
{ "type": "Feature", "properties": { "parcel_id": "P0154", "survey_no": "SRV-1154", "owner_name": "Mahesh Deshmukh", "area_sqm": 1200.0, "land_use": "Residential" }, "geometry": { "type": "Polygon", "coordinates": [ [ [ 73.101353306326303, 18.984409192468902 ], [ 73.101733109138252, 18.984413088446715 ], [ 73.101730037868322, 18.984684069881272 ], [ 73.101350234442762, 18.984680173843714 ], [ 73.101353306326303, 18.984409192468902 ] ] ] } },
{ "type": "Feature", "properties": { "parcel_id": "P0155", "survey_no": "SRV-1155", "owner_name": "Sunita Pawar", "area_sqm": 1200.0, "land_use": "Mixed Use" }, "geometry": { "type": "Polygon", "coordinates": [ [ [ 73.101733109138252, 18.984413088446715 ], [ 73.102112912042941, 18.984416983646149 ], [ 73.102109841386607, 18.984687965140445 ], [ 73.101730037868322, 18.984684069881272 ], [ 73.101733109138252, 18.984413088446715 ] ] ] } },
{ "type": "Feature", "properties": { "parcel_id": "P0156", "survey_no": "SRV-1156", "owner_name": "Suresh Patil", "area_sqm": 1200.0, "land_use": "Commercial" }, "geometry": { "type": "Polygon", "coordinates": [ [ [ 73.102112912042941, 18.984416983646149 ], [ 73.102492715040327, 18.984420878067212 ], [ 73.102489644997604, 18.984691859621229 ], [ 73.102109841386607, 18.984687965140445 ], [ 73.102112912042941, 18.984416983646149 ] ] ] } },
{ "type": "Feature", "properties": { "parcel_id": "P0157", "survey_no": "SRV-1157", "owner_name": "Neha Verma", "area_sqm": 1200.0, "land_use": "Residential" }, "geometry": { "type": "Polygon", "coordinates": [ [ [ 73.102492715040327, 18.984420878067212 ], [ 73.102872518130411, 18.984424771709893 ], [ 73.102869448701284, 18.984695753323621 ], [ 73.102489644997604, 18.984691859621229 ], [ 73.102492715040327, 18.984420878067212 ] ] ] } },
{ "type": "Feature", "properties": { "parcel_id": "P0158", "survey_no": "SRV-1158", "owner_name": "Suresh Patil", "area_sqm": 1200.0, "land_use": "Commercial" }, "geometry": { "type": "Polygon", "coordinates": [ [ [ 73.102872518130411, 18.984424771709893 ], [ 73.103252321313164, 18.9844286645742 ], [ 73.103249252497619, 18.984699646247627 ], [ 73.102869448701284, 18.984695753323621 ], [ 73.102872518130411, 18.984424771709893 ] ] ] } },
{ "type": "Feature", "properties": { "parcel_id": "P0159", "survey_no": "SRV-1159", "owner_name": "Neha Verma", "area_sqm": 1200.0, "land_use": "Mixed Use" }, "geometry": { "type": "Polygon", "coordinates": [ [ [ 73.103252321313164, 18.9844286645742 ], [ 73.103632124588572, 18.984432556660124 ], [ 73.103629056386623, 18.984703538393241 ], [ 73.103249252497619, 18.984699646247627 ], [ 73.103252321313164, 18.9844286645742 ] ] ] } },
{ "type": "Feature", "properties": { "parcel_id": "P0160", "survey_no": "SRV-1160", "owner_name": "Mahesh Deshmukh", "area_sqm": 1200.0, "land_use": "Commercial" }, "geometry": { "type": "Polygon", "coordinates": [ [ [ 73.103632124588572, 18.984432556660124 ], [ 73.104011927956591, 18.984436447967663 ], [ 73.104008860368253, 18.984707429760455 ], [ 73.103629056386623, 18.984703538393241 ], [ 73.103632124588572, 18.984432556660124 ] ] ] } },
{ "type": "Feature", "properties": { "parcel_id": "P0161", "survey_no": "SRV-1161", "owner_name": "Vijay More", "area_sqm": 1200.0, "land_use": "Commercial" }, "geometry": { "type": "Polygon", "coordinates": [ [ [ 73.104011927956591, 18.984436447967663 ], [ 73.104391731417223, 18.984440338496825 ], [ 73.104388664442482, 18.984711320349284 ], [ 73.104008860368253, 18.984707429760455 ], [ 73.104011927956591, 18.984436447967663 ] ] ] } },
{ "type": "Feature", "properties": { "parcel_id": "P0162", "survey_no": "SRV-1162", "owner_name": "Neha Verma", "area_sqm": 1200.0, "land_use": "Vacant" }, "geometry": { "type": "Polygon", "coordinates": [ [ [ 73.104391731417223, 18.984440338496825 ], [ 73.104771534970453, 18.984444228247611 ], [ 73.104768468609322, 18.98471521015972 ], [ 73.104388664442482, 18.984711320349284 ], [ 73.104391731417223, 18.984440338496825 ] ] ] } },
{ "type": "Feature", "properties": { "parcel_id": "P0163", "survey_no": "SRV-1163", "owner_name": "Neha Verma", "area_sqm": 1200.0, "land_use": "Residential" }, "geometry": { "type": "Polygon", "coordinates": [ [ [ 73.104771534970453, 18.984444228247611 ], [ 73.105151338616267, 18.984448117220012 ], [ 73.105148272868718, 18.984719099191761 ], [ 73.104768468609322, 18.98471521015972 ], [ 73.104771534970453, 18.984444228247611 ] ] ] } },
{ "type": "Feature", "properties": { "parcel_id": "P0164", "survey_no": "SRV-1164", "owner_name": "Suresh Patil", "area_sqm": 1200.0, "land_use": "Vacant" }, "geometry": { "type": "Polygon", "coordinates": [ [ [ 73.105151338616267, 18.984448117220012 ], [ 73.105531142354621, 18.984452005414024 ], [ 73.105528077220697, 18.984722987445402 ], [ 73.105148272868718, 18.984719099191761 ], [ 73.105151338616267, 18.984448117220012 ] ] ] } },
{ "type": "Feature", "properties": { "parcel_id": "P0165", "survey_no": "SRV-1165", "owner_name": "Neha Verma", "area_sqm": 1200.0, "land_use": "Residential" }, "geometry": { "type": "Polygon", "coordinates": [ [ [ 73.105531142354621, 18.984452005414024 ], [ 73.105910946185531, 18.984455892829658 ], [ 73.105907881665189, 18.984726874920657 ], [ 73.105528077220697, 18.984722987445402 ], [ 73.105531142354621, 18.984452005414024 ] ] ] } },
{ "type": "Feature", "properties": { "parcel_id": "P0166", "survey_no": "SRV-1166", "owner_name": "Rajesh Kumar", "area_sqm": 1200.0, "land_use": "Mixed Use" }, "geometry": { "type": "Polygon", "coordinates": [ [ [ 73.105910946185531, 18.984455892829658 ], [ 73.106290750108954, 18.984459779466906 ], [ 73.106287686202222, 18.984730761617509 ], [ 73.105907881665189, 18.984726874920657 ], [ 73.105910946185531, 18.984455892829658 ] ] ] } },
{ "type": "Feature", "properties": { "parcel_id": "P0167", "survey_no": "SRV-1167", "owner_name": "Amit Sharma", "area_sqm": 1200.0, "land_use": "Mixed Use" }, "geometry": { "type": "Polygon", "coordinates": [ [ [ 73.106290750108954, 18.984459779466906 ], [ 73.106670554124875, 18.984463665325773 ], [ 73.106667490831754, 18.984734647535962 ], [ 73.106287686202222, 18.984730761617509 ], [ 73.106290750108954, 18.984459779466906 ] ] ] } },
{ "type": "Feature", "properties": { "parcel_id": "P0168", "survey_no": "SRV-1168", "owner_name": "Amit Sharma", "area_sqm": 1200.0, "land_use": "Vacant" }, "geometry": { "type": "Polygon", "coordinates": [ [ [ 73.106670554124875, 18.984463665325773 ], [ 73.10705035823328, 18.984467550406251 ], [ 73.10704729555377, 18.984738532676023 ], [ 73.106667490831754, 18.984734647535962 ], [ 73.106670554124875, 18.984463665325773 ] ] ] } },
{ "type": "Feature", "properties": { "parcel_id": "P0169", "survey_no": "SRV-1169", "owner_name": "Sunita Pawar", "area_sqm": 1200.0, "land_use": "Vacant" }, "geometry": { "type": "Polygon", "coordinates": [ [ [ 73.10705035823328, 18.984467550406251 ], [ 73.107430162434142, 18.984471434708343 ], [ 73.107427100368241, 18.984742417037687 ], [ 73.10704729555377, 18.984738532676023 ], [ 73.10705035823328, 18.984467550406251 ] ] ] } },
{ "type": "Feature", "properties": { "parcel_id": "P0170", "survey_no": "SRV-1170", "owner_name": "Sunita Pawar", "area_sqm": 1200.0, "land_use": "Residential" }, "geometry": { "type": "Polygon", "coordinates": [ [ [ 73.107430162434142, 18.984471434708343 ], [ 73.107809966727473, 18.98447531823204 ], [ 73.107806905275154, 18.984746300620941 ], [ 73.107427100368241, 18.984742417037687 ], [ 73.107430162434142, 18.984471434708343 ] ] ] } },
{ "type": "Feature", "properties": { "parcel_id": "P0171", "survey_no": "SRV-1171", "owner_name": "Suresh Patil", "area_sqm": 1200.0, "land_use": "Residential" }, "geometry": { "type": "Polygon", "coordinates": [ [ [ 73.107809966727473, 18.98447531823204 ], [ 73.108189771113203, 18.984479200977354 ], [ 73.108186710274509, 18.984750183425799 ], [ 73.107806905275154, 18.984746300620941 ], [ 73.107809966727473, 18.98447531823204 ] ] ] } },
{ "type": "Feature", "properties": { "parcel_id": "P0172", "survey_no": "SRV-1172", "owner_name": "Amit Sharma", "area_sqm": 1200.0, "land_use": "Residential" }, "geometry": { "type": "Polygon", "coordinates": [ [ [ 73.108189771113203, 18.984479200977354 ], [ 73.108569575591346, 18.98448308294428 ], [ 73.108566515366263, 18.984754065452254 ], [ 73.108186710274509, 18.984750183425799 ], [ 73.108189771113203, 18.984479200977354 ] ] ] } },
{ "type": "Feature", "properties": { "parcel_id": "P0173", "survey_no": "SRV-1173", "owner_name": "Vijay More", "area_sqm": 1200.0, "land_use": "Commercial" }, "geometry": { "type": "Polygon", "coordinates": [ [ [ 73.108569575591346, 18.98448308294428 ], [ 73.108949380161889, 18.984486964132813 ], [ 73.108946320550416, 18.984757946700309 ], [ 73.108566515366263, 18.984754065452254 ], [ 73.108569575591346, 18.98448308294428 ] ] ] } },
{ "type": "Feature", "properties": { "parcel_id": "P0174", "survey_no": "SRV-1174", "owner_name": "Anita Joshi", "area_sqm": 1200.0, "land_use": "Commercial" }, "geometry": { "type": "Polygon", "coordinates": [ [ [ 73.108949380161889, 18.984486964132813 ], [ 73.109329184824801, 18.984490844542954 ], [ 73.109326125826925, 18.984761827169962 ], [ 73.108946320550416, 18.984757946700309 ], [ 73.108949380161889, 18.984486964132813 ] ] ] } },
{ "type": "Feature", "properties": { "parcel_id": "P0175", "survey_no": "SRV-1175", "owner_name": "Rajesh Kumar", "area_sqm": 1200.0, "land_use": "Mixed Use" }, "geometry": { "type": "Polygon", "coordinates": [ [ [ 73.109329184824801, 18.984490844542954 ], [ 73.109708989580071, 18.984494724174699 ], [ 73.109705931195819, 18.984765706861207 ], [ 73.109326125826925, 18.984761827169962 ], [ 73.109329184824801, 18.984490844542954 ] ] ] } },
{ "type": "Feature", "properties": { "parcel_id": "P0176", "survey_no": "SRV-1176", "owner_name": "Vijay More", "area_sqm": 1200.0, "land_use": "Residential" }, "geometry": { "type": "Polygon", "coordinates": [ [ [ 73.100210824722609, 18.984668481060719 ], [ 73.100590627869892, 18.984672379433441 ], [ 73.100587554706976, 18.984943360680312 ], [ 73.100207750946097, 18.984939462247809 ], [ 73.100210824722609, 18.984668481060719 ] ] ] } },
{ "type": "Feature", "properties": { "parcel_id": "P0177", "survey_no": "SRV-1177", "owner_name": "Vijay More", "area_sqm": 1200.0, "land_use": "Commercial" }, "geometry": { "type": "Polygon", "coordinates": [ [ [ 73.100590627869892, 18.984672379433441 ], [ 73.100970431109957, 18.98467627702777 ], [ 73.100967358560652, 18.984947258334415 ], [ 73.100587554706976, 18.984943360680312 ], [ 73.100590627869892, 18.984672379433441 ] ] ] } },
{ "type": "Feature", "properties": { "parcel_id": "P0178", "survey_no": "SRV-1178", "owner_name": "Priya Singh", "area_sqm": 1200.0, "land_use": "Residential" }, "geometry": { "type": "Polygon", "coordinates": [ [ [ 73.100970431109957, 18.98467627702777 ], [ 73.101350234442762, 18.984680173843714 ], [ 73.101347162507068, 18.984951155210116 ], [ 73.100967358560652, 18.984947258334415 ], [ 73.100970431109957, 18.98467627702777 ] ] ] } },
{ "type": "Feature", "properties": { "parcel_id": "P0179", "survey_no": "SRV-1179", "owner_name": "Vijay More", "area_sqm": 1200.0, "land_use": "Vacant" }, "geometry": { "type": "Polygon", "coordinates": [ [ [ 73.101350234442762, 18.984680173843714 ], [ 73.101730037868322, 18.984684069881272 ], [ 73.101726966546238, 18.984955051307431 ], [ 73.101347162507068, 18.984951155210116 ], [ 73.101350234442762, 18.984680173843714 ] ] ] } },
{ "type": "Feature", "properties": { "parcel_id": "P0180", "survey_no": "SRV-1180", "owner_name": "Mahesh Deshmukh", "area_sqm": 1200.0, "land_use": "Commercial" }, "geometry": { "type": "Polygon", "coordinates": [ [ [ 73.101730037868322, 18.984684069881272 ], [ 73.102109841386607, 18.984687965140445 ], [ 73.102106770678134, 18.984958946626335 ], [ 73.101726966546238, 18.984955051307431 ], [ 73.101730037868322, 18.984684069881272 ] ] ] } },
{ "type": "Feature", "properties": { "parcel_id": "P0181", "survey_no": "SRV-1181", "owner_name": "Priya Singh", "area_sqm": 1200.0, "land_use": "Commercial" }, "geometry": { "type": "Polygon", "coordinates": [ [ [ 73.102109841386607, 18.984687965140445 ], [ 73.102489644997604, 18.984691859621229 ], [ 73.102486574902727, 18.984962841166841 ], [ 73.102106770678134, 18.984958946626335 ], [ 73.102109841386607, 18.984687965140445 ] ] ] } },
{ "type": "Feature", "properties": { "parcel_id": "P0182", "survey_no": "SRV-1182", "owner_name": "Amit Sharma", "area_sqm": 1200.0, "land_use": "Vacant" }, "geometry": { "type": "Polygon", "coordinates": [ [ [ 73.102489644997604, 18.984691859621229 ], [ 73.102869448701284, 18.984695753323621 ], [ 73.102866379220018, 18.984966734928946 ], [ 73.102486574902727, 18.984962841166841 ], [ 73.102489644997604, 18.984691859621229 ] ] ] } },
{ "type": "Feature", "properties": { "parcel_id": "P0183", "survey_no": "SRV-1183", "owner_name": "Rajesh Kumar", "area_sqm": 1200.0, "land_use": "Commercial" }, "geometry": { "type": "Polygon", "coordinates": [ [ [ 73.102869448701284, 18.984695753323621 ], [ 73.103249252497619, 18.984699646247627 ], [ 73.103246183629963, 18.984970627912652 ], [ 73.102866379220018, 18.984966734928946 ], [ 73.102869448701284, 18.984695753323621 ] ] ] } },
{ "type": "Feature", "properties": { "parcel_id": "P0184", "survey_no": "SRV-1184", "owner_name": "Vijay More", "area_sqm": 1200.0, "land_use": "Vacant" }, "geometry": { "type": "Polygon", "coordinates": [ [ [ 73.103249252497619, 18.984699646247627 ], [ 73.103629056386623, 18.984703538393241 ], [ 73.103625988132563, 18.984974520117952 ], [ 73.103246183629963, 18.984970627912652 ], [ 73.103249252497619, 18.984699646247627 ] ] ] } },
{ "type": "Feature", "properties": { "parcel_id": "P0185", "survey_no": "SRV-1185", "owner_name": "Priya Singh", "area_sqm": 1200.0, "land_use": "Mixed Use" }, "geometry": { "type": "Polygon", "coordinates": [ [ [ 73.103629056386623, 18.984703538393241 ], [ 73.104008860368253, 18.984707429760455 ], [ 73.104005792727818, 18.984978411544848 ], [ 73.103625988132563, 18.984974520117952 ], [ 73.103629056386623, 18.984703538393241 ] ] ] } },
{ "type": "Feature", "properties": { "parcel_id": "P0186", "survey_no": "SRV-1186", "owner_name": "Amit Sharma", "area_sqm": 1200.0, "land_use": "Residential" }, "geometry": { "type": "Polygon", "coordinates": [ [ [ 73.104008860368253, 18.984707429760455 ], [ 73.104388664442482, 18.984711320349284 ], [ 73.104385597415671, 18.984982302193345 ], [ 73.104005792727818, 18.984978411544848 ], [ 73.104008860368253, 18.984707429760455 ] ] ] } },
{ "type": "Feature", "properties": { "parcel_id": "P0187", "survey_no": "SRV-1187", "owner_name": "Anita Joshi", "area_sqm": 1200.0, "land_use": "Residential" }, "geometry": { "type": "Polygon", "coordinates": [ [ [ 73.104388664442482, 18.984711320349284 ], [ 73.104768468609322, 18.98471521015972 ], [ 73.104765402196108, 18.984986192063431 ], [ 73.104385597415671, 18.984982302193345 ], [ 73.104388664442482, 18.984711320349284 ] ] ] } },
{ "type": "Feature", "properties": { "parcel_id": "P0188", "survey_no": "SRV-1188", "owner_name": "Rohit Kulkarni", "area_sqm": 1200.0, "land_use": "Commercial" }, "geometry": { "type": "Polygon", "coordinates": [ [ [ 73.104768468609322, 18.98471521015972 ], [ 73.105148272868718, 18.984719099191761 ], [ 73.105145207069128, 18.984990081155114 ], [ 73.104765402196108, 18.984986192063431 ], [ 73.104768468609322, 18.98471521015972 ] ] ] } },
{ "type": "Feature", "properties": { "parcel_id": "P0189", "survey_no": "SRV-1189", "owner_name": "Priya Singh", "area_sqm": 1200.0, "land_use": "Vacant" }, "geometry": { "type": "Polygon", "coordinates": [ [ [ 73.105148272868718, 18.984719099191761 ], [ 73.105528077220697, 18.984722987445402 ], [ 73.105525012034704, 18.984993969468388 ], [ 73.105145207069128, 18.984990081155114 ], [ 73.105148272868718, 18.984719099191761 ] ] ] } },
{ "type": "Feature", "properties": { "parcel_id": "P0190", "survey_no": "SRV-1190", "owner_name": "Vijay More", "area_sqm": 1200.0, "land_use": "Mixed Use" }, "geometry": { "type": "Polygon", "coordinates": [ [ [ 73.105528077220697, 18.984722987445402 ], [ 73.105907881665189, 18.984726874920657 ], [ 73.105904817092821, 18.98499785700325 ], [ 73.105525012034704, 18.984993969468388 ], [ 73.105528077220697, 18.984722987445402 ] ] ] } },
{ "type": "Feature", "properties": { "parcel_id": "P0191", "survey_no": "SRV-1191", "owner_name": "Priya Singh", "area_sqm": 1200.0, "land_use": "Commercial" }, "geometry": { "type": "Polygon", "coordinates": [ [ [ 73.105907881665189, 18.984726874920657 ], [ 73.106287686202222, 18.984730761617509 ], [ 73.106284622243479, 18.98500174375971 ], [ 73.105904817092821, 18.98499785700325 ], [ 73.105907881665189, 18.984726874920657 ] ] ] } },
{ "type": "Feature", "properties": { "parcel_id": "P0192", "survey_no": "SRV-1192", "owner_name": "Rajesh Kumar", "area_sqm": 1200.0, "land_use": "Commercial" }, "geometry": { "type": "Polygon", "coordinates": [ [ [ 73.106287686202222, 18.984730761617509 ], [ 73.106667490831754, 18.984734647535962 ], [ 73.106664427486606, 18.985005629737756 ], [ 73.106284622243479, 18.98500174375971 ], [ 73.106287686202222, 18.984730761617509 ] ] ] } },
{ "type": "Feature", "properties": { "parcel_id": "P0193", "survey_no": "SRV-1193", "owner_name": "Anita Joshi", "area_sqm": 1200.0, "land_use": "Mixed Use" }, "geometry": { "type": "Polygon", "coordinates": [ [ [ 73.106667490831754, 18.984734647535962 ], [ 73.10704729555377, 18.984738532676023 ], [ 73.107044232822233, 18.985009514937396 ], [ 73.106664427486606, 18.985005629737756 ], [ 73.106667490831754, 18.984734647535962 ] ] ] } },
{ "type": "Feature", "properties": { "parcel_id": "P0194", "survey_no": "SRV-1194", "owner_name": "Neha Verma", "area_sqm": 1200.0, "land_use": "Residential" }, "geometry": { "type": "Polygon", "coordinates": [ [ [ 73.10704729555377, 18.984738532676023 ], [ 73.107427100368241, 18.984742417037687 ], [ 73.107424038250329, 18.985013399358621 ], [ 73.107044232822233, 18.985009514937396 ], [ 73.10704729555377, 18.984738532676023 ] ] ] } },
{ "type": "Feature", "properties": { "parcel_id": "P0195", "survey_no": "SRV-1195", "owner_name": "Neha Verma", "area_sqm": 1200.0, "land_use": "Mixed Use" }, "geometry": { "type": "Polygon", "coordinates": [ [ [ 73.107427100368241, 18.984742417037687 ], [ 73.107806905275154, 18.984746300620941 ], [ 73.107803843770867, 18.98501728300144 ], [ 73.107424038250329, 18.985013399358621 ], [ 73.107427100368241, 18.984742417037687 ] ] ] } },
{ "type": "Feature", "properties": { "parcel_id": "P0196", "survey_no": "SRV-1196", "owner_name": "Sunita Pawar", "area_sqm": 1200.0, "land_use": "Vacant" }, "geometry": { "type": "Polygon", "coordinates": [ [ [ 73.107806905275154, 18.984746300620941 ], [ 73.108186710274509, 18.984750183425799 ], [ 73.108183649383832, 18.985021165865845 ], [ 73.107803843770867, 18.98501728300144 ], [ 73.107806905275154, 18.984746300620941 ] ] ] } },
{ "type": "Feature", "properties": { "parcel_id": "P0197", "survey_no": "SRV-1197", "owner_name": "Sunita Pawar", "area_sqm": 1200.0, "land_use": "Mixed Use" }, "geometry": { "type": "Polygon", "coordinates": [ [ [ 73.108186710274509, 18.984750183425799 ], [ 73.108566515366263, 18.984754065452254 ], [ 73.108563455089211, 18.985025047951833 ], [ 73.108183649383832, 18.985021165865845 ], [ 73.108186710274509, 18.984750183425799 ] ] ] } },
{ "type": "Feature", "properties": { "parcel_id": "P0198", "survey_no": "SRV-1198", "owner_name": "Rajesh Kumar", "area_sqm": 1200.0, "land_use": "Residential" }, "geometry": { "type": "Polygon", "coordinates": [ [ [ 73.108566515366263, 18.984754065452254 ], [ 73.108946320550416, 18.984757946700309 ], [ 73.108943260886988, 18.985028929259411 ], [ 73.108563455089211, 18.985025047951833 ], [ 73.108566515366263, 18.984754065452254 ] ] ] } },
{ "type": "Feature", "properties": { "parcel_id": "P0199", "survey_no": "SRV-1199", "owner_name": "Neha Verma", "area_sqm": 1200.0, "land_use": "Commercial" }, "geometry": { "type": "Polygon", "coordinates": [ [ [ 73.108946320550416, 18.984757946700309 ], [ 73.109326125826925, 18.984761827169962 ], [ 73.109323066777122, 18.985032809788567 ], [ 73.108943260886988, 18.985028929259411 ], [ 73.108946320550416, 18.984757946700309 ] ] ] } },
{ "type": "Feature", "properties": { "parcel_id": "P0200", "survey_no": "SRV-1200", "owner_name": "Mahesh Deshmukh", "area_sqm": 1200.0, "land_use": "Mixed Use" }, "geometry": { "type": "Polygon", "coordinates": [ [ [ 73.109326125826925, 18.984761827169962 ], [ 73.109705931195819, 18.984765706861207 ], [ 73.109702872759613, 18.985036689539317 ], [ 73.109323066777122, 18.985032809788567 ], [ 73.109326125826925, 18.984761827169962 ] ] ] } },
{ "type": "Feature", "properties": { "parcel_id": "P0201", "survey_no": "SRV-1201", "owner_name": "Rajesh Kumar", "area_sqm": 1200.0, "land_use": "Residential" }, "geometry": { "type": "Polygon", "coordinates": [ [ [ 73.100207750946097, 18.984939462247809 ], [ 73.100587554706976, 18.984943360680312 ], [ 73.100584481491879, 18.98521434191878 ], [ 73.100204677117389, 18.985210443426499 ], [ 73.100207750946097, 18.984939462247809 ] ] ] } },
{ "type": "Feature", "properties": { "parcel_id": "P0202", "survey_no": "SRV-1202", "owner_name": "Mahesh Deshmukh", "area_sqm": 1200.0, "land_use": "Vacant" }, "geometry": { "type": "Polygon", "coordinates": [ [ [ 73.100587554706976, 18.984943360680312 ], [ 73.100967358560652, 18.984947258334415 ], [ 73.100964285959165, 18.985218239632655 ], [ 73.100584481491879, 18.98521434191878 ], [ 73.100587554706976, 18.984943360680312 ] ] ] } },
{ "type": "Feature", "properties": { "parcel_id": "P0203", "survey_no": "SRV-1203", "owner_name": "Vijay More", "area_sqm": 1200.0, "land_use": "Mixed Use" }, "geometry": { "type": "Polygon", "coordinates": [ [ [ 73.100967358560652, 18.984947258334415 ], [ 73.101347162507068, 18.984951155210116 ], [ 73.10134409051922, 18.985222136568122 ], [ 73.100964285959165, 18.985218239632655 ], [ 73.100967358560652, 18.984947258334415 ] ] ] } },
{ "type": "Feature", "properties": { "parcel_id": "P0204", "survey_no": "SRV-1204", "owner_name": "Anita Joshi", "area_sqm": 1200.0, "land_use": "Residential" }, "geometry": { "type": "Polygon", "coordinates": [ [ [ 73.101347162507068, 18.984951155210116 ], [ 73.101726966546238, 18.984955051307431 ], [ 73.101723895171986, 18.985226032725176 ], [ 73.10134409051922, 18.985222136568122 ], [ 73.101347162507068, 18.984951155210116 ] ] ] } },
{ "type": "Feature", "properties": { "parcel_id": "P0205", "survey_no": "SRV-1205", "owner_name": "Anita Joshi", "area_sqm": 1200.0, "land_use": "Commercial" }, "geometry": { "type": "Polygon", "coordinates": [ [ [ 73.101726966546238, 18.984955051307431 ], [ 73.102106770678134, 18.984958946626335 ], [ 73.102103699917492, 18.985229928103816 ], [ 73.101723895171986, 18.985226032725176 ], [ 73.101726966546238, 18.984955051307431 ] ] ] } },
{ "type": "Feature", "properties": { "parcel_id": "P0206", "survey_no": "SRV-1206", "owner_name": "Neha Verma", "area_sqm": 1200.0, "land_use": "Residential" }, "geometry": { "type": "Polygon", "coordinates": [ [ [ 73.102106770678134, 18.984958946626335 ], [ 73.102486574902727, 18.984962841166841 ], [ 73.102483504755725, 18.985233822704053 ], [ 73.102103699917492, 18.985229928103816 ], [ 73.102106770678134, 18.984958946626335 ] ] ] } },
{ "type": "Feature", "properties": { "parcel_id": "P0207", "survey_no": "SRV-1207", "owner_name": "Anita Joshi", "area_sqm": 1200.0, "land_use": "Residential" }, "geometry": { "type": "Polygon", "coordinates": [ [ [ 73.102486574902727, 18.984962841166841 ], [ 73.102866379220018, 18.984966734928946 ], [ 73.102863309686626, 18.985237716525869 ], [ 73.102483504755725, 18.985233822704053 ], [ 73.102486574902727, 18.984962841166841 ] ] ] } },
{ "type": "Feature", "properties": { "parcel_id": "P0208", "survey_no": "SRV-1208", "owner_name": "Sunita Pawar", "area_sqm": 1200.0, "land_use": "Commercial" }, "geometry": { "type": "Polygon", "coordinates": [ [ [ 73.102866379220018, 18.984966734928946 ], [ 73.103246183629963, 18.984970627912652 ], [ 73.103243114710196, 18.985241609569272 ], [ 73.102863309686626, 18.985237716525869 ], [ 73.102866379220018, 18.984966734928946 ] ] ] } },
{ "type": "Feature", "properties": { "parcel_id": "P0209", "survey_no": "SRV-1209", "owner_name": "Vijay More", "area_sqm": 1200.0, "land_use": "Vacant" }, "geometry": { "type": "Polygon", "coordinates": [ [ [ 73.103246183629963, 18.984970627912652 ], [ 73.103625988132563, 18.984974520117952 ], [ 73.103622919826421, 18.985245501834264 ], [ 73.103243114710196, 18.985241609569272 ], [ 73.103246183629963, 18.984970627912652 ] ] ] } },
{ "type": "Feature", "properties": { "parcel_id": "P0210", "survey_no": "SRV-1210", "owner_name": "Suresh Patil", "area_sqm": 1200.0, "land_use": "Mixed Use" }, "geometry": { "type": "Polygon", "coordinates": [ [ [ 73.103625988132563, 18.984974520117952 ], [ 73.104005792727818, 18.984978411544848 ], [ 73.104002725035286, 18.985249393320839 ], [ 73.103622919826421, 18.985245501834264 ], [ 73.103625988132563, 18.984974520117952 ] ] ] } },
{ "type": "Feature", "properties": { "parcel_id": "P0211", "survey_no": "SRV-1211", "owner_name": "Mahesh Deshmukh", "area_sqm": 1200.0, "land_use": "Mixed Use" }, "geometry": { "type": "Polygon", "coordinates": [ [ [ 73.104005792727818, 18.984978411544848 ], [ 73.104385597415671, 18.984982302193345 ], [ 73.10438253033675, 18.985253284028992 ], [ 73.104002725035286, 18.985249393320839 ], [ 73.104005792727818, 18.984978411544848 ] ] ] } },
{ "type": "Feature", "properties": { "parcel_id": "P0212", "survey_no": "SRV-1212", "owner_name": "Suresh Patil", "area_sqm": 1200.0, "land_use": "Mixed Use" }, "geometry": { "type": "Polygon", "coordinates": [ [ [ 73.104385597415671, 18.984982302193345 ], [ 73.104765402196108, 18.984986192063431 ], [ 73.104762335730825, 18.985257173958733 ], [ 73.10438253033675, 18.985253284028992 ], [ 73.104385597415671, 18.984982302193345 ] ] ] } },
{ "type": "Feature", "properties": { "parcel_id": "P0213", "survey_no": "SRV-1213", "owner_name": "Sunita Pawar", "area_sqm": 1200.0, "land_use": "Mixed Use" }, "geometry": { "type": "Polygon", "coordinates": [ [ [ 73.104765402196108, 18.984986192063431 ], [ 73.105145207069128, 18.984990081155114 ], [ 73.10514214121747, 18.985261063110055 ], [ 73.104762335730825, 18.985257173958733 ], [ 73.104765402196108, 18.984986192063431 ] ] ] } },
{ "type": "Feature", "properties": { "parcel_id": "P0214", "survey_no": "SRV-1214", "owner_name": "Anita Joshi", "area_sqm": 1200.0, "land_use": "Mixed Use" }, "geometry": { "type": "Polygon", "coordinates": [ [ [ 73.105145207069128, 18.984990081155114 ], [ 73.105525012034704, 18.984993969468388 ], [ 73.105521946796671, 18.985264951482957 ], [ 73.10514214121747, 18.985261063110055 ], [ 73.105145207069128, 18.984990081155114 ] ] ] } },
{ "type": "Feature", "properties": { "parcel_id": "P0215", "survey_no": "SRV-1215", "owner_name": "Anita Joshi", "area_sqm": 1200.0, "land_use": "Mixed Use" }, "geometry": { "type": "Polygon", "coordinates": [ [ [ 73.105525012034704, 18.984993969468388 ], [ 73.105904817092821, 18.98499785700325 ], [ 73.105901752468412, 18.985268839077438 ], [ 73.105521946796671, 18.985264951482957 ], [ 73.105525012034704, 18.984993969468388 ] ] ] } },
{ "type": "Feature", "properties": { "parcel_id": "P0216", "survey_no": "SRV-1216", "owner_name": "Sunita Pawar", "area_sqm": 1200.0, "land_use": "Commercial" }, "geometry": { "type": "Polygon", "coordinates": [ [ [ 73.105904817092821, 18.98499785700325 ], [ 73.106284622243479, 18.98500174375971 ], [ 73.106281558232666, 18.985272725893505 ], [ 73.105901752468412, 18.985268839077438 ], [ 73.105904817092821, 18.98499785700325 ] ] ] } },
{ "type": "Feature", "properties": { "parcel_id": "P0217", "survey_no": "SRV-1217", "owner_name": "Priya Singh", "area_sqm": 1200.0, "land_use": "Vacant" }, "geometry": { "type": "Polygon", "coordinates": [ [ [ 73.106284622243479, 18.98500174375971 ], [ 73.106664427486606, 18.985005629737756 ], [ 73.106661364089433, 18.985276611931148 ], [ 73.106281558232666, 18.985272725893505 ], [ 73.106284622243479, 18.98500174375971 ] ] ] } },
{ "type": "Feature", "properties": { "parcel_id": "P0218", "survey_no": "SRV-1218", "owner_name": "Anita Joshi", "area_sqm": 1200.0, "land_use": "Commercial" }, "geometry": { "type": "Polygon", "coordinates": [ [ [ 73.106664427486606, 18.985005629737756 ], [ 73.107044232822233, 18.985009514937396 ], [ 73.107041170038698, 18.985280497190367 ], [ 73.106661364089433, 18.985276611931148 ], [ 73.106664427486606, 18.985005629737756 ] ] ] } },
{ "type": "Feature", "properties": { "parcel_id": "P0219", "survey_no": "SRV-1219", "owner_name": "Mahesh Deshmukh", "area_sqm": 1200.0, "land_use": "Mixed Use" }, "geometry": { "type": "Polygon", "coordinates": [ [ [ 73.107044232822233, 18.985009514937396 ], [ 73.107424038250329, 18.985013399358621 ], [ 73.107420976080419, 18.985284381671168 ], [ 73.107041170038698, 18.985280497190367 ], [ 73.107044232822233, 18.985009514937396 ] ] ] } },
{ "type": "Feature", "properties": { "parcel_id": "P0220", "survey_no": "SRV-1220", "owner_name": "Anita Joshi", "area_sqm": 1200.0, "land_use": "Residential" }, "geometry": { "type": "Polygon", "coordinates": [ [ [ 73.107424038250329, 18.985013399358621 ], [ 73.107803843770867, 18.98501728300144 ], [ 73.107800782214582, 18.985288265373537 ], [ 73.107420976080419, 18.985284381671168 ], [ 73.107424038250329, 18.985013399358621 ] ] ] } },
{ "type": "Feature", "properties": { "parcel_id": "P0221", "survey_no": "SRV-1221", "owner_name": "Neha Verma", "area_sqm": 1200.0, "land_use": "Mixed Use" }, "geometry": { "type": "Polygon", "coordinates": [ [ [ 73.107803843770867, 18.98501728300144 ], [ 73.108183649383832, 18.985021165865845 ], [ 73.108180588441172, 18.985292148297486 ], [ 73.107800782214582, 18.985288265373537 ], [ 73.107803843770867, 18.98501728300144 ] ] ] } },
{ "type": "Feature", "properties": { "parcel_id": "P0222", "survey_no": "SRV-1222", "owner_name": "Priya Singh", "area_sqm": 1200.0, "land_use": "Vacant" }, "geometry": { "type": "Polygon", "coordinates": [ [ [ 73.108183649383832, 18.985021165865845 ], [ 73.108563455089211, 18.985025047951833 ], [ 73.108560394760175, 18.98529603044301 ], [ 73.108180588441172, 18.985292148297486 ], [ 73.108183649383832, 18.985021165865845 ] ] ] } },
{ "type": "Feature", "properties": { "parcel_id": "P0223", "survey_no": "SRV-1223", "owner_name": "Mahesh Deshmukh", "area_sqm": 1200.0, "land_use": "Mixed Use" }, "geometry": { "type": "Polygon", "coordinates": [ [ [ 73.108563455089211, 18.985025047951833 ], [ 73.108943260886988, 18.985028929259411 ], [ 73.108940201171592, 18.985299911810099 ], [ 73.108560394760175, 18.98529603044301 ], [ 73.108563455089211, 18.985025047951833 ] ] ] } },
{ "type": "Feature", "properties": { "parcel_id": "P0224", "survey_no": "SRV-1224", "owner_name": "Rohit Kulkarni", "area_sqm": 1200.0, "land_use": "Vacant" }, "geometry": { "type": "Polygon", "coordinates": [ [ [ 73.108943260886988, 18.985028929259411 ], [ 73.109323066777122, 18.985032809788567 ], [ 73.10932000767535, 18.985303792398781 ], [ 73.108940201171592, 18.985299911810099 ], [ 73.108943260886988, 18.985028929259411 ] ] ] } },
{ "type": "Feature", "properties": { "parcel_id": "P0225", "survey_no": "SRV-1225", "owner_name": "Rohit Kulkarni", "area_sqm": 1200.0, "land_use": "Commercial" }, "geometry": { "type": "Polygon", "coordinates": [ [ [ 73.109323066777122, 18.985032809788567 ], [ 73.109702872759613, 18.985036689539317 ], [ 73.10969981427148, 18.985307672209014 ], [ 73.10932000767535, 18.985303792398781 ], [ 73.109323066777122, 18.985032809788567 ] ] ] } },
{ "type": "Feature", "properties": { "parcel_id": "P0226", "survey_no": "SRV-1226", "owner_name": "Sunita Pawar", "area_sqm": 1200.0, "land_use": "Vacant" }, "geometry": { "type": "Polygon", "coordinates": [ [ [ 73.100204677117389, 18.985210443426499 ], [ 73.100584481491879, 18.98521434191878 ], [ 73.100581408224599, 18.985485323148851 ], [ 73.100201603236485, 18.985481424596781 ], [ 73.100204677117389, 18.985210443426499 ] ] ] } },
{ "type": "Feature", "properties": { "parcel_id": "P0227", "survey_no": "SRV-1227", "owner_name": "Amit Sharma", "area_sqm": 1200.0, "land_use": "Residential" }, "geometry": { "type": "Polygon", "coordinates": [ [ [ 73.100584481491879, 18.98521434191878 ], [ 73.100964285959165, 18.985218239632655 ], [ 73.10096121330551, 18.985489220922496 ], [ 73.100581408224599, 18.985485323148851 ], [ 73.100584481491879, 18.98521434191878 ] ] ] } },
{ "type": "Feature", "properties": { "parcel_id": "P0228", "survey_no": "SRV-1228", "owner_name": "Neha Verma", "area_sqm": 1200.0, "land_use": "Mixed Use" }, "geometry": { "type": "Polygon", "coordinates": [ [ [ 73.100964285959165, 18.985218239632655 ], [ 73.10134409051922, 18.985222136568122 ], [ 73.101341018479175, 18.985493117917727 ], [ 73.10096121330551, 18.985489220922496 ], [ 73.100964285959165, 18.985218239632655 ] ] ] } },
{ "type": "Feature", "properties": { "parcel_id": "P0229", "survey_no": "SRV-1229", "owner_name": "Suresh Patil", "area_sqm": 1200.0, "land_use": "Commercial" }, "geometry": { "type": "Polygon", "coordinates": [ [ [ 73.10134409051922, 18.985222136568122 ], [ 73.101723895171986, 18.985226032725176 ], [ 73.10172082374558, 18.985497014134527 ], [ 73.101341018479175, 18.985493117917727 ], [ 73.10134409051922, 18.985222136568122 ] ] ] } },
{ "type": "Feature", "properties": { "parcel_id": "P0230", "survey_no": "SRV-1230", "owner_name": "Neha Verma", "area_sqm": 1200.0, "land_use": "Commercial" }, "geometry": { "type": "Polygon", "coordinates": [ [ [ 73.101723895171986, 18.985226032725176 ], [ 73.102103699917492, 18.985229928103816 ], [ 73.102100629104726, 18.985500909572906 ], [ 73.10172082374558, 18.985497014134527 ], [ 73.101723895171986, 18.985226032725176 ] ] ] } },
{ "type": "Feature", "properties": { "parcel_id": "P0231", "survey_no": "SRV-1231", "owner_name": "Priya Singh", "area_sqm": 1200.0, "land_use": "Commercial" }, "geometry": { "type": "Polygon", "coordinates": [ [ [ 73.102103699917492, 18.985229928103816 ], [ 73.102483504755725, 18.985233822704053 ], [ 73.102480434556568, 18.98550480423286 ], [ 73.102100629104726, 18.985500909572906 ], [ 73.102103699917492, 18.985229928103816 ] ] ] } },
{ "type": "Feature", "properties": { "parcel_id": "P0232", "survey_no": "SRV-1232", "owner_name": "Rajesh Kumar", "area_sqm": 1200.0, "land_use": "Residential" }, "geometry": { "type": "Polygon", "coordinates": [ [ [ 73.102483504755725, 18.985233822704053 ], [ 73.102863309686626, 18.985237716525869 ], [ 73.102860240101109, 18.985508698114398 ], [ 73.102480434556568, 18.98550480423286 ], [ 73.102483504755725, 18.985233822704053 ] ] ] } },
{ "type": "Feature", "properties": { "parcel_id": "P0233", "survey_no": "SRV-1233", "owner_name": "Priya Singh", "area_sqm": 1200.0, "land_use": "Vacant" }, "geometry": { "type": "Polygon", "coordinates": [ [ [ 73.102863309686626, 18.985237716525869 ], [ 73.103243114710196, 18.985241609569272 ], [ 73.103240045738303, 18.9855125912175 ], [ 73.102860240101109, 18.985508698114398 ], [ 73.102863309686626, 18.985237716525869 ] ] ] } },
{ "type": "Feature", "properties": { "parcel_id": "P0234", "survey_no": "SRV-1234", "owner_name": "Mahesh Deshmukh", "area_sqm": 1200.0, "land_use": "Residential" }, "geometry": { "type": "Polygon", "coordinates": [ [ [ 73.103243114710196, 18.985241609569272 ], [ 73.103622919826421, 18.985245501834264 ], [ 73.103619851468167, 18.985516483542177 ], [ 73.103240045738303, 18.9855125912175 ], [ 73.103243114710196, 18.985241609569272 ] ] ] } },
{ "type": "Feature", "properties": { "parcel_id": "P0235", "survey_no": "SRV-1235", "owner_name": "Rohit Kulkarni", "area_sqm": 1200.0, "land_use": "Vacant" }, "geometry": { "type": "Polygon", "coordinates": [ [ [ 73.103622919826421, 18.985245501834264 ], [ 73.104002725035286, 18.985249393320839 ], [ 73.103999657290643, 18.985520375088431 ], [ 73.103619851468167, 18.985516483542177 ], [ 73.103622919826421, 18.985245501834264 ] ] ] } },
{ "type": "Feature", "properties": { "parcel_id": "P0236", "survey_no": "SRV-1236", "owner_name": "Mahesh Deshmukh", "area_sqm": 1200.0, "land_use": "Commercial" }, "geometry": { "type": "Polygon", "coordinates": [ [ [ 73.104002725035286, 18.985249393320839 ], [ 73.10438253033675, 18.985253284028992 ], [ 73.10437946320576, 18.985524265856252 ], [ 73.103999657290643, 18.985520375088431 ], [ 73.104002725035286, 18.985249393320839 ] ] ] } },
{ "type": "Feature", "properties": { "parcel_id": "P0237", "survey_no": "SRV-1237", "owner_name": "Anita Joshi", "area_sqm": 1200.0, "land_use": "Vacant" }, "geometry": { "type": "Polygon", "coordinates": [ [ [ 73.10438253033675, 18.985253284028992 ], [ 73.104762335730825, 18.985257173958733 ], [ 73.10475926921346, 18.985528155845639 ], [ 73.10437946320576, 18.985524265856252 ], [ 73.10438253033675, 18.985253284028992 ] ] ] } },
{ "type": "Feature", "properties": { "parcel_id": "P0238", "survey_no": "SRV-1238", "owner_name": "Anita Joshi", "area_sqm": 1200.0, "land_use": "Commercial" }, "geometry": { "type": "Polygon", "coordinates": [ [ [ 73.104762335730825, 18.985257173958733 ], [ 73.10514214121747, 18.985261063110055 ], [ 73.105139075313744, 18.985532045056605 ], [ 73.10475926921346, 18.985528155845639 ], [ 73.104762335730825, 18.985257173958733 ] ] ] } },
{ "type": "Feature", "properties": { "parcel_id": "P0239", "survey_no": "SRV-1239", "owner_name": "Amit Sharma", "area_sqm": 1200.0, "land_use": "Residential" }, "geometry": { "type": "Polygon", "coordinates": [ [ [ 73.10514214121747, 18.985261063110055 ], [ 73.105521946796671, 18.985264951482957 ], [ 73.105518881506583, 18.985535933489139 ], [ 73.105139075313744, 18.985532045056605 ], [ 73.10514214121747, 18.985261063110055 ] ] ] } },
{ "type": "Feature", "properties": { "parcel_id": "P0240", "survey_no": "SRV-1240", "owner_name": "Suresh Patil", "area_sqm": 1200.0, "land_use": "Vacant" }, "geometry": { "type": "Polygon", "coordinates": [ [ [ 73.105521946796671, 18.985264951482957 ], [ 73.105901752468412, 18.985268839077438 ], [ 73.105898687791949, 18.985539821143238 ], [ 73.105518881506583, 18.985535933489139 ], [ 73.105521946796671, 18.985264951482957 ] ] ] } },
{ "type": "Feature", "properties": { "parcel_id": "P0241", "survey_no": "SRV-1241", "owner_name": "Priya Singh", "area_sqm": 1200.0, "land_use": "Commercial" }, "geometry": { "type": "Polygon", "coordinates": [ [ [ 73.105901752468412, 18.985268839077438 ], [ 73.106281558232666, 18.985272725893505 ], [ 73.106278494169857, 18.985543708018902 ], [ 73.105898687791949, 18.985539821143238 ], [ 73.105901752468412, 18.985268839077438 ] ] ] } },
{ "type": "Feature", "properties": { "parcel_id": "P0242", "survey_no": "SRV-1242", "owner_name": "Sunita Pawar", "area_sqm": 1200.0, "land_use": "Vacant" }, "geometry": { "type": "Polygon", "coordinates": [ [ [ 73.106281558232666, 18.985272725893505 ], [ 73.106661364089433, 18.985276611931148 ], [ 73.106658300640262, 18.985547594116142 ], [ 73.106278494169857, 18.985543708018902 ], [ 73.106281558232666, 18.985272725893505 ] ] ] } },
{ "type": "Feature", "properties": { "parcel_id": "P0243", "survey_no": "SRV-1243", "owner_name": "Rajesh Kumar", "area_sqm": 1200.0, "land_use": "Commercial" }, "geometry": { "type": "Polygon", "coordinates": [ [ [ 73.106661364089433, 18.985276611931148 ], [ 73.107041170038698, 18.985280497190367 ], [ 73.107038107203152, 18.985551479434942 ], [ 73.106658300640262, 18.985547594116142 ], [ 73.106661364089433, 18.985276611931148 ] ] ] } },
{ "type": "Feature", "properties": { "parcel_id": "P0244", "survey_no": "SRV-1244", "owner_name": "Suresh Patil", "area_sqm": 1200.0, "land_use": "Vacant" }, "geometry": { "type": "Polygon", "coordinates": [ [ [ 73.107041170038698, 18.985280497190367 ], [ 73.107420976080419, 18.985284381671168 ], [ 73.107417913858512, 18.985555363975305 ], [ 73.107038107203152, 18.985551479434942 ], [ 73.107041170038698, 18.985280497190367 ] ] ] } },
{ "type": "Feature", "properties": { "parcel_id": "P0245", "survey_no": "SRV-1245", "owner_name": "Amit Sharma", "area_sqm": 1200.0, "land_use": "Vacant" }, "geometry": { "type": "Polygon", "coordinates": [ [ [ 73.107420976080419, 18.985284381671168 ], [ 73.107800782214582, 18.985288265373537 ], [ 73.107797720606314, 18.985559247737239 ], [ 73.107417913858512, 18.985555363975305 ], [ 73.107420976080419, 18.985284381671168 ] ] ] } },
{ "type": "Feature", "properties": { "parcel_id": "P0246", "survey_no": "SRV-1246", "owner_name": "Sunita Pawar", "area_sqm": 1200.0, "land_use": "Mixed Use" }, "geometry": { "type": "Polygon", "coordinates": [ [ [ 73.107800782214582, 18.985288265373537 ], [ 73.108180588441172, 18.985292148297486 ], [ 73.108177527446543, 18.985563130720731 ], [ 73.107797720606314, 18.985559247737239 ], [ 73.107800782214582, 18.985288265373537 ] ] ] } },
{ "type": "Feature", "properties": { "parcel_id": "P0247", "survey_no": "SRV-1247", "owner_name": "Rohit Kulkarni", "area_sqm": 1200.0, "land_use": "Vacant" }, "geometry": { "type": "Polygon", "coordinates": [ [ [ 73.108180588441172, 18.985292148297486 ], [ 73.108560394760175, 18.98529603044301 ], [ 73.108557334379185, 18.985567012925788 ], [ 73.108177527446543, 18.985563130720731 ], [ 73.108180588441172, 18.985292148297486 ] ] ] } },
{ "type": "Feature", "properties": { "parcel_id": "P0248", "survey_no": "SRV-1248", "owner_name": "Sunita Pawar", "area_sqm": 1200.0, "land_use": "Vacant" }, "geometry": { "type": "Polygon", "coordinates": [ [ [ 73.108560394760175, 18.98529603044301 ], [ 73.108940201171592, 18.985299911810099 ], [ 73.108937141404226, 18.98557089435241 ], [ 73.108557334379185, 18.985567012925788 ], [ 73.108560394760175, 18.98529603044301 ] ] ] } },
{ "type": "Feature", "properties": { "parcel_id": "P0249", "survey_no": "SRV-1249", "owner_name": "Amit Sharma", "area_sqm": 1200.0, "land_use": "Vacant" }, "geometry": { "type": "Polygon", "coordinates": [ [ [ 73.108940201171592, 18.985299911810099 ], [ 73.10932000767535, 18.985303792398781 ], [ 73.109316948521638, 18.98557477500059 ], [ 73.108937141404226, 18.98557089435241 ], [ 73.108940201171592, 18.985299911810099 ] ] ] } },
{ "type": "Feature", "properties": { "parcel_id": "P0250", "survey_no": "SRV-1250", "owner_name": "Rohit Kulkarni", "area_sqm": 1200.0, "land_use": "Mixed Use" }, "geometry": { "type": "Polygon", "coordinates": [ [ [ 73.10932000767535, 18.985303792398781 ], [ 73.10969981427148, 18.985307672209014 ], [ 73.109696755731406, 18.985578654870331 ], [ 73.109316948521638, 18.98557477500059 ], [ 73.10932000767535, 18.985303792398781 ] ] ] } },
{ "type": "Feature", "properties": { "parcel_id": "P0251", "survey_no": "SRV-1251", "owner_name": "Priya Singh", "area_sqm": 1200.0, "land_use": "Mixed Use" }, "geometry": { "type": "Polygon", "coordinates": [ [ [ 73.100201603236485, 18.985481424596781 ], [ 73.100581408224599, 18.985485323148851 ], [ 73.100578334905137, 18.985756304370515 ], [ 73.100198529303384, 18.98575240575866 ], [ 73.100201603236485, 18.985481424596781 ] ] ] } },
{ "type": "Feature", "properties": { "parcel_id": "P0252", "survey_no": "SRV-1252", "owner_name": "Sunita Pawar", "area_sqm": 1200.0, "land_use": "Vacant" }, "geometry": { "type": "Polygon", "coordinates": [ [ [ 73.100581408224599, 18.985485323148851 ], [ 73.10096121330551, 18.985489220922496 ], [ 73.100958140599687, 18.985760202203934 ], [ 73.100578334905137, 18.985756304370515 ], [ 73.100581408224599, 18.985485323148851 ] ] ] } },
{ "type": "Feature", "properties": { "parcel_id": "P0253", "survey_no": "SRV-1253", "owner_name": "Priya Singh", "area_sqm": 1200.0, "land_use": "Mixed Use" }, "geometry": { "type": "Polygon", "coordinates": [ [ [ 73.10096121330551, 18.985489220922496 ], [ 73.101341018479175, 18.985493117917727 ], [ 73.101337946386977, 18.985764099258919 ], [ 73.100958140599687, 18.985760202203934 ], [ 73.10096121330551, 18.985489220922496 ] ] ] } },
{ "type": "Feature", "properties": { "parcel_id": "P0254", "survey_no": "SRV-1254", "owner_name": "Rohit Kulkarni", "area_sqm": 1200.0, "land_use": "Residential" }, "geometry": { "type": "Polygon", "coordinates": [ [ [ 73.101341018479175, 18.985493117917727 ], [ 73.10172082374558, 18.985497014134527 ], [ 73.101717752267021, 18.985767995535475 ], [ 73.101337946386977, 18.985764099258919 ], [ 73.101341018479175, 18.985493117917727 ] ] ] } },
{ "type": "Feature", "properties": { "parcel_id": "P0255", "survey_no": "SRV-1255", "owner_name": "Neha Verma", "area_sqm": 1200.0, "land_use": "Commercial" }, "geometry": { "type": "Polygon", "coordinates": [ [ [ 73.10172082374558, 18.985497014134527 ], [ 73.102100629104726, 18.985500909572906 ], [ 73.102097558239805, 18.98577189103359 ], [ 73.101717752267021, 18.985767995535475 ], [ 73.10172082374558, 18.985497014134527 ] ] ] } },
{ "type": "Feature", "properties": { "parcel_id": "P0256", "survey_no": "SRV-1256", "owner_name": "Neha Verma", "area_sqm": 1200.0, "land_use": "Mixed Use" }, "geometry": { "type": "Polygon", "coordinates": [ [ [ 73.102100629104726, 18.985500909572906 ], [ 73.102480434556568, 18.98550480423286 ], [ 73.102477364305287, 18.985775785753269 ], [ 73.102097558239805, 18.98577189103359 ], [ 73.102100629104726, 18.985500909572906 ] ] ] } },
{ "type": "Feature", "properties": { "parcel_id": "P0257", "survey_no": "SRV-1257", "owner_name": "Vijay More", "area_sqm": 1200.0, "land_use": "Residential" }, "geometry": { "type": "Polygon", "coordinates": [ [ [ 73.102480434556568, 18.98550480423286 ], [ 73.102860240101109, 18.985508698114398 ], [ 73.102857170463466, 18.985779679694513 ], [ 73.102477364305287, 18.985775785753269 ], [ 73.102480434556568, 18.98550480423286 ] ] ] } },
{ "type": "Feature", "properties": { "parcel_id": "P0258", "survey_no": "SRV-1258", "owner_name": "Amit Sharma", "area_sqm": 1200.0, "land_use": "Commercial" }, "geometry": { "type": "Polygon", "coordinates": [ [ [ 73.102860240101109, 18.985508698114398 ], [ 73.103240045738303, 18.9855125912175 ], [ 73.1032369767143, 18.985783572857326 ], [ 73.102857170463466, 18.985779679694513 ], [ 73.102860240101109, 18.985508698114398 ] ] ] } },
{ "type": "Feature", "properties": { "parcel_id": "P0259", "survey_no": "SRV-1259", "owner_name": "Priya Singh", "area_sqm": 1200.0, "land_use": "Vacant" }, "geometry": { "type": "Polygon", "coordinates": [ [ [ 73.103240045738303, 18.9855125912175 ], [ 73.103619851468167, 18.985516483542177 ], [ 73.103616783057802, 18.985787465241685 ], [ 73.1032369767143, 18.985783572857326 ], [ 73.103240045738303, 18.9855125912175 ] ] ] } },
{ "type": "Feature", "properties": { "parcel_id": "P0260", "survey_no": "SRV-1260", "owner_name": "Amit Sharma", "area_sqm": 1200.0, "land_use": "Commercial" }, "geometry": { "type": "Polygon", "coordinates": [ [ [ 73.103619851468167, 18.985516483542177 ], [ 73.103999657290643, 18.985520375088431 ], [ 73.103996589493931, 18.985791356847617 ], [ 73.103616783057802, 18.985787465241685 ], [ 73.103619851468167, 18.985516483542177 ] ] ] } },
{ "type": "Feature", "properties": { "parcel_id": "P0261", "survey_no": "SRV-1261", "owner_name": "Suresh Patil", "area_sqm": 1200.0, "land_use": "Vacant" }, "geometry": { "type": "Polygon", "coordinates": [ [ [ 73.103999657290643, 18.985520375088431 ], [ 73.10437946320576, 18.985524265856252 ], [ 73.104376396022673, 18.985795247675103 ], [ 73.103996589493931, 18.985791356847617 ], [ 73.103999657290643, 18.985520375088431 ] ] ] } },
{ "type": "Feature", "properties": { "parcel_id": "P0262", "survey_no": "SRV-1262", "owner_name": "Anita Joshi", "area_sqm": 1200.0, "land_use": "Mixed Use" }, "geometry": { "type": "Polygon", "coordinates": [ [ [ 73.10437946320576, 18.985524265856252 ], [ 73.10475926921346, 18.985528155845639 ], [ 73.104756202644026, 18.985799137724154 ], [ 73.104376396022673, 18.985795247675103 ], [ 73.10437946320576, 18.985524265856252 ] ] ] } },
{ "type": "Feature", "properties": { "parcel_id": "P0263", "survey_no": "SRV-1263", "owner_name": "Sunita Pawar", "area_sqm": 1200.0, "land_use": "Vacant" }, "geometry": { "type": "Polygon", "coordinates": [ [ [ 73.10475926921346, 18.985528155845639 ], [ 73.105139075313744, 18.985532045056605 ], [ 73.105136009357935, 18.985803026994752 ], [ 73.104756202644026, 18.985799137724154 ], [ 73.10475926921346, 18.985528155845639 ] ] ] } },
{ "type": "Feature", "properties": { "parcel_id": "P0264", "survey_no": "SRV-1264", "owner_name": "Anita Joshi", "area_sqm": 1200.0, "land_use": "Residential" }, "geometry": { "type": "Polygon", "coordinates": [ [ [ 73.105139075313744, 18.985532045056605 ], [ 73.105518881506583, 18.985535933489139 ], [ 73.105515816164427, 18.985806915486915 ], [ 73.105136009357935, 18.985803026994752 ], [ 73.105139075313744, 18.985532045056605 ] ] ] } },
{ "type": "Feature", "properties": { "parcel_id": "P0265", "survey_no": "SRV-1265", "owner_name": "Priya Singh", "area_sqm": 1200.0, "land_use": "Vacant" }, "geometry": { "type": "Polygon", "coordinates": [ [ [ 73.105518881506583, 18.985535933489139 ], [ 73.105898687791949, 18.985539821143238 ], [ 73.105895623063446, 18.985810803200632 ], [ 73.105515816164427, 18.985806915486915 ], [ 73.105518881506583, 18.985535933489139 ] ] ] } },
{ "type": "Feature", "properties": { "parcel_id": "P0266", "survey_no": "SRV-1266", "owner_name": "Anita Joshi", "area_sqm": 1200.0, "land_use": "Residential" }, "geometry": { "type": "Polygon", "coordinates": [ [ [ 73.105898687791949, 18.985539821143238 ], [ 73.106278494169857, 18.985543708018902 ], [ 73.106275430054993, 18.985814690135907 ], [ 73.105895623063446, 18.985810803200632 ], [ 73.105898687791949, 18.985539821143238 ] ] ] } },
{ "type": "Feature", "properties": { "parcel_id": "P0267", "survey_no": "SRV-1267", "owner_name": "Mahesh Deshmukh", "area_sqm": 1200.0, "land_use": "Vacant" }, "geometry": { "type": "Polygon", "coordinates": [ [ [ 73.106278494169857, 18.985543708018902 ], [ 73.106658300640262, 18.985547594116142 ], [ 73.106655237139051, 18.98581857629274 ], [ 73.106275430054993, 18.985814690135907 ], [ 73.106278494169857, 18.985543708018902 ] ] ] } },
{ "type": "Feature", "properties": { "parcel_id": "P0268", "survey_no": "SRV-1268", "owner_name": "Rohit Kulkarni", "area_sqm": 1200.0, "land_use": "Residential" }, "geometry": { "type": "Polygon", "coordinates": [ [ [ 73.106658300640262, 18.985547594116142 ], [ 73.107038107203152, 18.985551479434942 ], [ 73.10703504431558, 18.985822461671113 ], [ 73.106655237139051, 18.98581857629274 ], [ 73.106658300640262, 18.985547594116142 ] ] ] } },
{ "type": "Feature", "properties": { "parcel_id": "P0269", "survey_no": "SRV-1269", "owner_name": "Vijay More", "area_sqm": 1200.0, "land_use": "Mixed Use" }, "geometry": { "type": "Polygon", "coordinates": [ [ [ 73.107038107203152, 18.985551479434942 ], [ 73.107417913858512, 18.985555363975305 ], [ 73.107414851584579, 18.985826346271054 ], [ 73.10703504431558, 18.985822461671113 ], [ 73.107038107203152, 18.985551479434942 ] ] ] } },
{ "type": "Feature", "properties": { "parcel_id": "P0270", "survey_no": "SRV-1270", "owner_name": "Anita Joshi", "area_sqm": 1200.0, "land_use": "Vacant" }, "geometry": { "type": "Polygon", "coordinates": [ [ [ 73.107417913858512, 18.985555363975305 ], [ 73.107797720606314, 18.985559247737239 ], [ 73.107794658946048, 18.985830230092546 ], [ 73.107414851584579, 18.985826346271054 ], [ 73.107417913858512, 18.985555363975305 ] ] ] } },
{ "type": "Feature", "properties": { "parcel_id": "P0271", "survey_no": "SRV-1271", "owner_name": "Sunita Pawar", "area_sqm": 1200.0, "land_use": "Commercial" }, "geometry": { "type": "Polygon", "coordinates": [ [ [ 73.107797720606314, 18.985559247737239 ], [ 73.108177527446543, 18.985563130720731 ], [ 73.108174466399916, 18.985834113135581 ], [ 73.107794658946048, 18.985830230092546 ], [ 73.107797720606314, 18.985559247737239 ] ] ] } },
{ "type": "Feature", "properties": { "parcel_id": "P0272", "survey_no": "SRV-1272", "owner_name": "Rohit Kulkarni", "area_sqm": 1200.0, "land_use": "Commercial" }, "geometry": { "type": "Polygon", "coordinates": [ [ [ 73.108177527446543, 18.985563130720731 ], [ 73.108557334379185, 18.985567012925788 ], [ 73.108554273946211, 18.985837995400171 ], [ 73.108174466399916, 18.985834113135581 ], [ 73.108177527446543, 18.985563130720731 ] ] ] } },
{ "type": "Feature", "properties": { "parcel_id": "P0273", "survey_no": "SRV-1273", "owner_name": "Neha Verma", "area_sqm": 1200.0, "land_use": "Vacant" }, "geometry": { "type": "Polygon", "coordinates": [ [ [ 73.108557334379185, 18.985567012925788 ], [ 73.108937141404226, 18.98557089435241 ], [ 73.108934081584906, 18.985841876886312 ], [ 73.108554273946211, 18.985837995400171 ], [ 73.108557334379185, 18.985567012925788 ] ] ] } },
{ "type": "Feature", "properties": { "parcel_id": "P0274", "survey_no": "SRV-1274", "owner_name": "Rohit Kulkarni", "area_sqm": 1200.0, "land_use": "Residential" }, "geometry": { "type": "Polygon", "coordinates": [ [ [ 73.108937141404226, 18.98557089435241 ], [ 73.109316948521638, 18.98557477500059 ], [ 73.10931388931597, 18.985845757593999 ], [ 73.108934081584906, 18.985841876886312 ], [ 73.108937141404226, 18.98557089435241 ] ] ] } },
{ "type": "Feature", "properties": { "parcel_id": "P0275", "survey_no": "SRV-1275", "owner_name": "Anita Joshi", "area_sqm": 1200.0, "land_use": "Mixed Use" }, "geometry": { "type": "Polygon", "coordinates": [ [ [ 73.109316948521638, 18.98557477500059 ], [ 73.109696755731406, 18.985578654870331 ], [ 73.109693697139392, 18.985849637523241 ], [ 73.10931388931597, 18.985845757593999 ], [ 73.109316948521638, 18.98557477500059 ] ] ] } },
{ "type": "Feature", "properties": { "parcel_id": "P0276", "survey_no": "SRV-1276", "owner_name": "Anita Joshi", "area_sqm": 1200.0, "land_use": "Commercial" }, "geometry": { "type": "Polygon", "coordinates": [ [ [ 73.100198529303384, 18.98575240575866 ], [ 73.100578334905137, 18.985756304370515 ], [ 73.100575261533464, 18.986027285583777 ], [ 73.100195455318072, 18.986023386912141 ], [ 73.100198529303384, 18.98575240575866 ] ] ] } },
{ "type": "Feature", "properties": { "parcel_id": "P0277", "survey_no": "SRV-1277", "owner_name": "Rohit Kulkarni", "area_sqm": 1200.0, "land_use": "Commercial" }, "geometry": { "type": "Polygon", "coordinates": [ [ [ 73.100578334905137, 18.985756304370515 ], [ 73.100958140599687, 18.985760202203934 ], [ 73.100955067841653, 18.986031183476971 ], [ 73.100575261533464, 18.986027285583777 ], [ 73.100578334905137, 18.985756304370515 ] ] ] } },
{ "type": "Feature", "properties": { "parcel_id": "P0278", "survey_no": "SRV-1278", "owner_name": "Mahesh Deshmukh", "area_sqm": 1200.0, "land_use": "Residential" }, "geometry": { "type": "Polygon", "coordinates": [ [ [ 73.100958140599687, 18.985760202203934 ], [ 73.101337946386977, 18.985764099258919 ], [ 73.10133487424261, 18.986035080591712 ], [ 73.100955067841653, 18.986031183476971 ], [ 73.100958140599687, 18.985760202203934 ] ] ] } },
{ "type": "Feature", "properties": { "parcel_id": "P0279", "survey_no": "SRV-1279", "owner_name": "Anita Joshi", "area_sqm": 1200.0, "land_use": "Residential" }, "geometry": { "type": "Polygon", "coordinates": [ [ [ 73.101337946386977, 18.985764099258919 ], [ 73.101717752267021, 18.985767995535475 ], [ 73.101714680736308, 18.986038976928018 ], [ 73.10133487424261, 18.986035080591712 ], [ 73.101337946386977, 18.985764099258919 ] ] ] } },
{ "type": "Feature", "properties": { "parcel_id": "P0280", "survey_no": "SRV-1280", "owner_name": "Suresh Patil", "area_sqm": 1200.0, "land_use": "Vacant" }, "geometry": { "type": "Polygon", "coordinates": [ [ [ 73.101717752267021, 18.985767995535475 ], [ 73.102097558239805, 18.98577189103359 ], [ 73.102094487322731, 18.986042872485871 ], [ 73.101714680736308, 18.986038976928018 ], [ 73.101717752267021, 18.985767995535475 ] ] ] } },
{ "type": "Feature", "properties": { "parcel_id": "P0281", "survey_no": "SRV-1281", "owner_name": "Amit Sharma", "area_sqm": 1200.0, "land_use": "Vacant" }, "geometry": { "type": "Polygon", "coordinates": [ [ [ 73.102097558239805, 18.98577189103359 ], [ 73.102477364305287, 18.985775785753269 ], [ 73.102474294001865, 18.986046767265275 ], [ 73.102094487322731, 18.986042872485871 ], [ 73.102097558239805, 18.98577189103359 ] ] ] } },
{ "type": "Feature", "properties": { "parcel_id": "P0282", "survey_no": "SRV-1282", "owner_name": "Amit Sharma", "area_sqm": 1200.0, "land_use": "Residential" }, "geometry": { "type": "Polygon", "coordinates": [ [ [ 73.102477364305287, 18.985775785753269 ], [ 73.102857170463466, 18.985779679694513 ], [ 73.102854100773683, 18.98605066126623 ], [ 73.102474294001865, 18.986046767265275 ], [ 73.102477364305287, 18.985775785753269 ] ] ] } },
{ "type": "Feature", "properties": { "parcel_id": "P0283", "survey_no": "SRV-1283", "owner_name": "Neha Verma", "area_sqm": 1200.0, "land_use": "Vacant" }, "geometry": { "type": "Polygon", "coordinates": [ [ [ 73.102857170463466, 18.985779679694513 ], [ 73.1032369767143, 18.985783572857326 ], [ 73.10323390763817, 18.986054554488739 ], [ 73.102854100773683, 18.98605066126623 ], [ 73.102857170463466, 18.985779679694513 ] ] ] } },
{ "type": "Feature", "properties": { "parcel_id": "P0284", "survey_no": "SRV-1284", "owner_name": "Vijay More", "area_sqm": 1200.0, "land_use": "Commercial" }, "geometry": { "type": "Polygon", "coordinates": [ [ [ 73.1032369767143, 18.985783572857326 ], [ 73.103616783057802, 18.985787465241685 ], [ 73.103613714595326, 18.986058446932798 ], [ 73.10323390763817, 18.986054554488739 ], [ 73.1032369767143, 18.985783572857326 ] ] ] } },
{ "type": "Feature", "properties": { "parcel_id": "P0285", "survey_no": "SRV-1285", "owner_name": "Rohit Kulkarni", "area_sqm": 1200.0, "land_use": "Mixed Use" }, "geometry": { "type": "Polygon", "coordinates": [ [ [ 73.103616783057802, 18.985787465241685 ], [ 73.103996589493931, 18.985791356847617 ], [ 73.103993521645108, 18.986062338598398 ], [ 73.103613714595326, 18.986058446932798 ], [ 73.103616783057802, 18.985787465241685 ] ] ] } },
{ "type": "Feature", "properties": { "parcel_id": "P0286", "survey_no": "SRV-1286", "owner_name": "Vijay More", "area_sqm": 1200.0, "land_use": "Vacant" }, "geometry": { "type": "Polygon", "coordinates": [ [ [ 73.103996589493931, 18.985791356847617 ], [ 73.104376396022673, 18.985795247675103 ], [ 73.104373328787503, 18.986066229485555 ], [ 73.103993521645108, 18.986062338598398 ], [ 73.103996589493931, 18.985791356847617 ] ] ] } },
{ "type": "Feature", "properties": { "parcel_id": "P0287", "survey_no": "SRV-1287", "owner_name": "Neha Verma", "area_sqm": 1200.0, "land_use": "Vacant" }, "geometry": { "type": "Polygon", "coordinates": [ [ [ 73.104376396022673, 18.985795247675103 ], [ 73.104756202644026, 18.985799137724154 ], [ 73.104753136022509, 18.986070119594253 ], [ 73.104373328787503, 18.986066229485555 ], [ 73.104376396022673, 18.985795247675103 ] ] ] } },
{ "type": "Feature", "properties": { "parcel_id": "P0288", "survey_no": "SRV-1288", "owner_name": "Neha Verma", "area_sqm": 1200.0, "land_use": "Residential" }, "geometry": { "type": "Polygon", "coordinates": [ [ [ 73.104756202644026, 18.985799137724154 ], [ 73.105136009357935, 18.985803026994752 ], [ 73.105132943350085, 18.986074008924497 ], [ 73.104753136022509, 18.986070119594253 ], [ 73.104756202644026, 18.985799137724154 ] ] ] } },
{ "type": "Feature", "properties": { "parcel_id": "P0289", "survey_no": "SRV-1289", "owner_name": "Rohit Kulkarni", "area_sqm": 1200.0, "land_use": "Residential" }, "geometry": { "type": "Polygon", "coordinates": [ [ [ 73.105136009357935, 18.985803026994752 ], [ 73.105515816164427, 18.985806915486915 ], [ 73.105512750770217, 18.986077897476289 ], [ 73.105132943350085, 18.986074008924497 ], [ 73.105136009357935, 18.985803026994752 ] ] ] } },
{ "type": "Feature", "properties": { "parcel_id": "P0290", "survey_no": "SRV-1290", "owner_name": "Sunita Pawar", "area_sqm": 1200.0, "land_use": "Residential" }, "geometry": { "type": "Polygon", "coordinates": [ [ [ 73.105515816164427, 18.985806915486915 ], [ 73.105895623063446, 18.985810803200632 ], [ 73.105892558282903, 18.986081785249628 ], [ 73.105512750770217, 18.986077897476289 ], [ 73.105515816164427, 18.985806915486915 ] ] ] } },
{ "type": "Feature", "properties": { "parcel_id": "P0291", "survey_no": "SRV-1291", "owner_name": "Vijay More", "area_sqm": 1200.0, "land_use": "Commercial" }, "geometry": { "type": "Polygon", "coordinates": [ [ [ 73.105895623063446, 18.985810803200632 ], [ 73.106275430054993, 18.985814690135907 ], [ 73.106272365888103, 18.986085672244499 ], [ 73.105892558282903, 18.986081785249628 ], [ 73.105895623063446, 18.985810803200632 ] ] ] } },
{ "type": "Feature", "properties": { "parcel_id": "P0292", "survey_no": "SRV-1292", "owner_name": "Suresh Patil", "area_sqm": 1200.0, "land_use": "Residential" }, "geometry": { "type": "Polygon", "coordinates": [ [ [ 73.106275430054993, 18.985814690135907 ], [ 73.106655237139051, 18.98581857629274 ], [ 73.106652173585815, 18.986089558460925 ], [ 73.106272365888103, 18.986085672244499 ], [ 73.106275430054993, 18.985814690135907 ] ] ] } },
{ "type": "Feature", "properties": { "parcel_id": "P0293", "survey_no": "SRV-1293", "owner_name": "Rajesh Kumar", "area_sqm": 1200.0, "land_use": "Commercial" }, "geometry": { "type": "Polygon", "coordinates": [ [ [ 73.106655237139051, 18.98581857629274 ], [ 73.10703504431558, 18.985822461671113 ], [ 73.107031981376011, 18.986093443898891 ], [ 73.106652173585815, 18.986089558460925 ], [ 73.106655237139051, 18.98581857629274 ] ] ] } },
{ "type": "Feature", "properties": { "parcel_id": "P0294", "survey_no": "SRV-1294", "owner_name": "Priya Singh", "area_sqm": 1200.0, "land_use": "Residential" }, "geometry": { "type": "Polygon", "coordinates": [ [ [ 73.10703504431558, 18.985822461671113 ], [ 73.107414851584579, 18.985826346271054 ], [ 73.107411789258677, 18.986097328558397 ], [ 73.107031981376011, 18.986093443898891 ], [ 73.10703504431558, 18.985822461671113 ] ] ] } },
{ "type": "Feature", "properties": { "parcel_id": "P0295", "survey_no": "SRV-1295", "owner_name": "Mahesh Deshmukh", "area_sqm": 1200.0, "land_use": "Commercial" }, "geometry": { "type": "Polygon", "coordinates": [ [ [ 73.107414851584579, 18.985826346271054 ], [ 73.107794658946048, 18.985830230092546 ], [ 73.107791597233785, 18.98610121243944 ], [ 73.107411789258677, 18.986097328558397 ], [ 73.107414851584579, 18.985826346271054 ] ] ] } },
{ "type": "Feature", "properties": { "parcel_id": "P0296", "survey_no": "SRV-1296", "owner_name": "Priya Singh", "area_sqm": 1200.0, "land_use": "Commercial" }, "geometry": { "type": "Polygon", "coordinates": [ [ [ 73.107794658946048, 18.985830230092546 ], [ 73.108174466399916, 18.985834113135581 ], [ 73.108171405301334, 18.986105095542026 ], [ 73.107791597233785, 18.98610121243944 ], [ 73.107794658946048, 18.985830230092546 ] ] ] } },
{ "type": "Feature", "properties": { "parcel_id": "P0297", "survey_no": "SRV-1297", "owner_name": "Rohit Kulkarni", "area_sqm": 1200.0, "land_use": "Residential" }, "geometry": { "type": "Polygon", "coordinates": [ [ [ 73.108174466399916, 18.985834113135581 ], [ 73.108554273946211, 18.985837995400171 ], [ 73.108551213461283, 18.986108977866152 ], [ 73.108171405301334, 18.986105095542026 ], [ 73.108174466399916, 18.985834113135581 ] ] ] } },
{ "type": "Feature", "properties": { "parcel_id": "P0298", "survey_no": "SRV-1298", "owner_name": "Mahesh Deshmukh", "area_sqm": 1200.0, "land_use": "Commercial" }, "geometry": { "type": "Polygon", "coordinates": [ [ [ 73.108554273946211, 18.985837995400171 ], [ 73.108934081584906, 18.985841876886312 ], [ 73.10893102171363, 18.986112859411811 ], [ 73.108551213461283, 18.986108977866152 ], [ 73.108554273946211, 18.985837995400171 ] ] ] } },
{ "type": "Feature", "properties": { "parcel_id": "P0299", "survey_no": "SRV-1299", "owner_name": "Rohit Kulkarni", "area_sqm": 1200.0, "land_use": "Mixed Use" }, "geometry": { "type": "Polygon", "coordinates": [ [ [ 73.108934081584906, 18.985841876886312 ], [ 73.10931388931597, 18.985845757593999 ], [ 73.109310830058348, 18.986116740179011 ], [ 73.10893102171363, 18.986112859411811 ], [ 73.108934081584906, 18.985841876886312 ] ] ] } },
{ "type": "Feature", "properties": { "parcel_id": "P0300", "survey_no": "SRV-1300", "owner_name": "Vijay More", "area_sqm": 1200.0, "land_use": "Commercial" }, "geometry": { "type": "Polygon", "coordinates": [ [ [ 73.10931388931597, 18.985845757593999 ], [ 73.109693697139392, 18.985849637523241 ], [ 73.109690638495437, 18.98612062016775 ], [ 73.109310830058348, 18.986116740179011 ], [ 73.10931388931597, 18.985845757593999 ] ] ] } },
{ "type": "Feature", "properties": { "parcel_id": "P0301", "survey_no": "SRV-1301", "owner_name": "Mahesh Deshmukh", "area_sqm": 1200.0, "land_use": "Residential" }, "geometry": { "type": "Polygon", "coordinates": [ [ [ 73.100195455318072, 18.986023386912141 ], [ 73.100575261533464, 18.986027285583777 ], [ 73.100572188109624, 18.986298266788641 ], [ 73.100192381280564, 18.986294368057216 ], [ 73.100195455318072, 18.986023386912141 ] ] ] } },
{ "type": "Feature", "properties": { "parcel_id": "P0302", "survey_no": "SRV-1302", "owner_name": "Amit Sharma", "area_sqm": 1200.0, "land_use": "Mixed Use" }, "geometry": { "type": "Polygon", "coordinates": [ [ [ 73.100575261533464, 18.986027285583777 ], [ 73.100955067841653, 18.986031183476971 ], [ 73.100951995031451, 18.986302164741609 ], [ 73.100572188109624, 18.986298266788641 ], [ 73.100575261533464, 18.986027285583777 ] ] ] } },
{ "type": "Feature", "properties": { "parcel_id": "P0303", "survey_no": "SRV-1303", "owner_name": "Suresh Patil", "area_sqm": 1200.0, "land_use": "Residential" }, "geometry": { "type": "Polygon", "coordinates": [ [ [ 73.100955067841653, 18.986031183476971 ], [ 73.10133487424261, 18.986035080591712 ], [ 73.101331802046076, 18.986306061916114 ], [ 73.100951995031451, 18.986302164741609 ], [ 73.100955067841653, 18.986031183476971 ] ] ] } },
{ "type": "Feature", "properties": { "parcel_id": "P0304", "survey_no": "SRV-1304", "owner_name": "Neha Verma", "area_sqm": 1200.0, "land_use": "Vacant" }, "geometry": { "type": "Polygon", "coordinates": [ [ [ 73.10133487424261, 18.986035080591712 ], [ 73.101714680736308, 18.986038976928018 ], [ 73.101711609153426, 18.986309958312162 ], [ 73.101331802046076, 18.986306061916114 ], [ 73.10133487424261, 18.986035080591712 ] ] ] } },
{ "type": "Feature", "properties": { "parcel_id": "P0305", "survey_no": "SRV-1305", "owner_name": "Anita Joshi", "area_sqm": 1200.0, "land_use": "Commercial" }, "geometry": { "type": "Polygon", "coordinates": [ [ [ 73.101714680736308, 18.986038976928018 ], [ 73.102094487322731, 18.986042872485871 ], [ 73.102091416353502, 18.986313853929754 ], [ 73.101711609153426, 18.986309958312162 ], [ 73.101714680736308, 18.986038976928018 ] ] ] } },
{ "type": "Feature", "properties": { "parcel_id": "P0306", "survey_no": "SRV-1306", "owner_name": "Suresh Patil", "area_sqm": 1200.0, "land_use": "Commercial" }, "geometry": { "type": "Polygon", "coordinates": [ [ [ 73.102094487322731, 18.986042872485871 ], [ 73.102474294001865, 18.986046767265275 ], [ 73.102471223646305, 18.986317748768883 ], [ 73.102091416353502, 18.986313853929754 ], [ 73.102094487322731, 18.986042872485871 ] ] ] } },
{ "type": "Feature", "properties": { "parcel_id": "P0307", "survey_no": "SRV-1307", "owner_name": "Suresh Patil", "area_sqm": 1200.0, "land_use": "Mixed Use" }, "geometry": { "type": "Polygon", "coordinates": [ [ [ 73.102474294001865, 18.986046767265275 ], [ 73.102854100773683, 18.98605066126623 ], [ 73.10285103103179, 18.986321642829548 ], [ 73.102471223646305, 18.986317748768883 ], [ 73.102474294001865, 18.986046767265275 ] ] ] } },
{ "type": "Feature", "properties": { "parcel_id": "P0308", "survey_no": "SRV-1308", "owner_name": "Mahesh Deshmukh", "area_sqm": 1200.0, "land_use": "Residential" }, "geometry": { "type": "Polygon", "coordinates": [ [ [ 73.102854100773683, 18.98605066126623 ], [ 73.10323390763817, 18.986054554488739 ], [ 73.103230838509944, 18.98632553611176 ], [ 73.10285103103179, 18.986321642829548 ], [ 73.102854100773683, 18.98605066126623 ] ] ] } },
{ "type": "Feature", "properties": { "parcel_id": "P0309", "survey_no": "SRV-1309", "owner_name": "Mahesh Deshmukh", "area_sqm": 1200.0, "land_use": "Residential" }, "geometry": { "type": "Polygon", "coordinates": [ [ [ 73.10323390763817, 18.986054554488739 ], [ 73.103613714595326, 18.986058446932798 ], [ 73.103610646080753, 18.986329428615505 ], [ 73.103230838509944, 18.98632553611176 ], [ 73.10323390763817, 18.986054554488739 ] ] ] } },
{ "type": "Feature", "properties": { "parcel_id": "P0310", "survey_no": "SRV-1310", "owner_name": "Vijay More", "area_sqm": 1200.0, "land_use": "Vacant" }, "geometry": { "type": "Polygon", "coordinates": [ [ [ 73.103613714595326, 18.986058446932798 ], [ 73.103993521645108, 18.986062338598398 ], [ 73.103990453744203, 18.986333320340787 ], [ 73.103610646080753, 18.986329428615505 ], [ 73.103613714595326, 18.986058446932798 ] ] ] } },
{ "type": "Feature", "properties": { "parcel_id": "P0311", "survey_no": "SRV-1311", "owner_name": "Vijay More", "area_sqm": 1200.0, "land_use": "Residential" }, "geometry": { "type": "Polygon", "coordinates": [ [ [ 73.103993521645108, 18.986062338598398 ], [ 73.104373328787503, 18.986066229485555 ], [ 73.104370261500264, 18.986337211287601 ], [ 73.103990453744203, 18.986333320340787 ], [ 73.103993521645108, 18.986062338598398 ] ] ] } },
{ "type": "Feature", "properties": { "parcel_id": "P0312", "survey_no": "SRV-1312", "owner_name": "Sunita Pawar", "area_sqm": 1200.0, "land_use": "Mixed Use" }, "geometry": { "type": "Polygon", "coordinates": [ [ [ 73.104373328787503, 18.986066229485555 ], [ 73.104753136022509, 18.986070119594253 ], [ 73.104750069348924, 18.986341101455956 ], [ 73.104370261500264, 18.986337211287601 ], [ 73.104373328787503, 18.986066229485555 ] ] ] } },
{ "type": "Feature", "properties": { "parcel_id": "P0313", "survey_no": "SRV-1313", "owner_name": "Rajesh Kumar", "area_sqm": 1200.0, "land_use": "Vacant" }, "geometry": { "type": "Polygon", "coordinates": [ [ [ 73.104753136022509, 18.986070119594253 ], [ 73.105132943350085, 18.986074008924497 ], [ 73.105129877290167, 18.986344990845843 ], [ 73.104750069348924, 18.986341101455956 ], [ 73.104753136022509, 18.986070119594253 ] ] ] } },
{ "type": "Feature", "properties": { "parcel_id": "P0314", "survey_no": "SRV-1314", "owner_name": "Rohit Kulkarni", "area_sqm": 1200.0, "land_use": "Residential" }, "geometry": { "type": "Polygon", "coordinates": [ [ [ 73.105132943350085, 18.986074008924497 ], [ 73.105512750770217, 18.986077897476289 ], [ 73.105509685323966, 18.986348879457267 ], [ 73.105129877290167, 18.986344990845843 ], [ 73.105132943350085, 18.986074008924497 ] ] ] } },
{ "type": "Feature", "properties": { "parcel_id": "P0315", "survey_no": "SRV-1315", "owner_name": "Anita Joshi", "area_sqm": 1200.0, "land_use": "Mixed Use" }, "geometry": { "type": "Polygon", "coordinates": [ [ [ 73.105512750770217, 18.986077897476289 ], [ 73.105892558282903, 18.986081785249628 ], [ 73.105889493450306, 18.986352767290217 ], [ 73.105509685323966, 18.986348879457267 ], [ 73.105512750770217, 18.986077897476289 ] ] ] } },
{ "type": "Feature", "properties": { "parcel_id": "P0316", "survey_no": "SRV-1316", "owner_name": "Rohit Kulkarni", "area_sqm": 1200.0, "land_use": "Commercial" }, "geometry": { "type": "Polygon", "coordinates": [ [ [ 73.105892558282903, 18.986081785249628 ], [ 73.106272365888103, 18.986085672244499 ], [ 73.106269301669187, 18.986356654344704 ], [ 73.105889493450306, 18.986352767290217 ], [ 73.105892558282903, 18.986081785249628 ] ] ] } },
{ "type": "Feature", "properties": { "parcel_id": "P0317", "survey_no": "SRV-1317", "owner_name": "Anita Joshi", "area_sqm": 1200.0, "land_use": "Commercial" }, "geometry": { "type": "Polygon", "coordinates": [ [ [ 73.106272365888103, 18.986085672244499 ], [ 73.106652173585815, 18.986089558460925 ], [ 73.106649109980552, 18.986360540620716 ], [ 73.106269301669187, 18.986356654344704 ], [ 73.106272365888103, 18.986085672244499 ] ] ] } },
{ "type": "Feature", "properties": { "parcel_id": "P0318", "survey_no": "SRV-1318", "owner_name": "Sunita Pawar", "area_sqm": 1200.0, "land_use": "Mixed Use" }, "geometry": { "type": "Polygon", "coordinates": [ [ [ 73.106652173585815, 18.986089558460925 ], [ 73.107031981376011, 18.986093443898891 ], [ 73.107028918384415, 18.986364426118264 ], [ 73.106649109980552, 18.986360540620716 ], [ 73.106652173585815, 18.986089558460925 ] ] ] } },
{ "type": "Feature", "properties": { "parcel_id": "P0319", "survey_no": "SRV-1319", "owner_name": "Mahesh Deshmukh", "area_sqm": 1200.0, "land_use": "Vacant" }, "geometry": { "type": "Polygon", "coordinates": [ [ [ 73.107031981376011, 18.986093443898891 ], [ 73.107411789258677, 18.986097328558397 ], [ 73.107408726880749, 18.986368310837339 ], [ 73.107028918384415, 18.986364426118264 ], [ 73.107031981376011, 18.986093443898891 ] ] ] } },
{ "type": "Feature", "properties": { "parcel_id": "P0320", "survey_no": "SRV-1320", "owner_name": "Rohit Kulkarni", "area_sqm": 1200.0, "land_use": "Vacant" }, "geometry": { "type": "Polygon", "coordinates": [ [ [ 73.107411789258677, 18.986097328558397 ], [ 73.107791597233785, 18.98610121243944 ], [ 73.107788535469538, 18.986372194777946 ], [ 73.107408726880749, 18.986368310837339 ], [ 73.107411789258677, 18.986097328558397 ] ] ] } },
{ "type": "Feature", "properties": { "parcel_id": "P0321", "survey_no": "SRV-1321", "owner_name": "Mahesh Deshmukh", "area_sqm": 1200.0, "land_use": "Mixed Use" }, "geometry": { "type": "Polygon", "coordinates": [ [ [ 73.107791597233785, 18.98610121243944 ], [ 73.108171405301334, 18.986105095542026 ], [ 73.108168344150741, 18.986376077940072 ], [ 73.107788535469538, 18.986372194777946 ], [ 73.107791597233785, 18.98610121243944 ] ] ] } },
{ "type": "Feature", "properties": { "parcel_id": "P0322", "survey_no": "SRV-1322", "owner_name": "Vijay More", "area_sqm": 1200.0, "land_use": "Commercial" }, "geometry": { "type": "Polygon", "coordinates": [ [ [ 73.108171405301334, 18.986105095542026 ], [ 73.108551213461283, 18.986108977866152 ], [ 73.108548152924371, 18.986379960323738 ], [ 73.108168344150741, 18.986376077940072 ], [ 73.108171405301334, 18.986105095542026 ] ] ] } },
{ "type": "Feature", "properties": { "parcel_id": "P0323", "survey_no": "SRV-1323", "owner_name": "Suresh Patil", "area_sqm": 1200.0, "land_use": "Mixed Use" }, "geometry": { "type": "Polygon", "coordinates": [ [ [ 73.108551213461283, 18.986108977866152 ], [ 73.10893102171363, 18.986112859411811 ], [ 73.108927961790386, 18.986383841928916 ], [ 73.108548152924371, 18.986379960323738 ], [ 73.108551213461283, 18.986108977866152 ] ] ] } },
{ "type": "Feature", "properties": { "parcel_id": "P0324", "survey_no": "SRV-1324", "owner_name": "Rohit Kulkarni", "area_sqm": 1200.0, "land_use": "Commercial" }, "geometry": { "type": "Polygon", "coordinates": [ [ [ 73.10893102171363, 18.986112859411811 ], [ 73.109310830058348, 18.986116740179011 ], [ 73.109307770748799, 18.986387722755623 ], [ 73.108927961790386, 18.986383841928916 ], [ 73.10893102171363, 18.986112859411811 ] ] ] } },
{ "type": "Feature", "properties": { "parcel_id": "P0325", "survey_no": "SRV-1325", "owner_name": "Rohit Kulkarni", "area_sqm": 1200.0, "land_use": "Vacant" }, "geometry": { "type": "Polygon", "coordinates": [ [ [ 73.109310830058348, 18.986116740179011 ], [ 73.109690638495437, 18.98612062016775 ], [ 73.109687579799555, 18.98639160280386 ], [ 73.109307770748799, 18.986387722755623 ], [ 73.109310830058348, 18.986116740179011 ] ] ] } },
{ "type": "Feature", "properties": { "parcel_id": "P0326", "survey_no": "SRV-1326", "owner_name": "Vijay More", "area_sqm": 1200.0, "land_use": "Residential" }, "geometry": { "type": "Polygon", "coordinates": [ [ [ 73.100192381280564, 18.986294368057216 ], [ 73.100572188109624, 18.986298266788641 ], [ 73.100569114633572, 18.986569247985095 ], [ 73.100189307190846, 18.986565349193889 ], [ 73.100192381280564, 18.986294368057216 ] ] ] } },
{ "type": "Feature", "properties": { "parcel_id": "P0327", "survey_no": "SRV-1327", "owner_name": "Rohit Kulkarni", "area_sqm": 1200.0, "land_use": "Mixed Use" }, "geometry": { "type": "Polygon", "coordinates": [ [ [ 73.100572188109624, 18.986298266788641 ], [ 73.100951995031451, 18.986302164741609 ], [ 73.100948922169081, 18.986573145997834 ], [ 73.100569114633572, 18.986569247985095 ], [ 73.100572188109624, 18.986298266788641 ] ] ] } },
{ "type": "Feature", "properties": { "parcel_id": "P0328", "survey_no": "SRV-1328", "owner_name": "Amit Sharma", "area_sqm": 1200.0, "land_use": "Vacant" }, "geometry": { "type": "Polygon", "coordinates": [ [ [ 73.100951995031451, 18.986302164741609 ], [ 73.101331802046076, 18.986306061916114 ], [ 73.101328729797359, 18.986577043232099 ], [ 73.100948922169081, 18.986573145997834 ], [ 73.100951995031451, 18.986302164741609 ] ] ] } },
{ "type": "Feature", "properties": { "parcel_id": "P0329", "survey_no": "SRV-1329", "owner_name": "Priya Singh", "area_sqm": 1200.0, "land_use": "Mixed Use" }, "geometry": { "type": "Polygon", "coordinates": [ [ [ 73.101331802046076, 18.986306061916114 ], [ 73.101711609153426, 18.986309958312162 ], [ 73.101708537518391, 18.986580939687901 ], [ 73.101328729797359, 18.986577043232099 ], [ 73.101331802046076, 18.986306061916114 ] ] ] } },
{ "type": "Feature", "properties": { "parcel_id": "P0330", "survey_no": "SRV-1330", "owner_name": "Neha Verma", "area_sqm": 1200.0, "land_use": "Mixed Use" }, "geometry": { "type": "Polygon", "coordinates": [ [ [ 73.101711609153426, 18.986309958312162 ], [ 73.102091416353502, 18.986313853929754 ], [ 73.102088345332135, 18.986584835365232 ], [ 73.101708537518391, 18.986580939687901 ], [ 73.101711609153426, 18.986309958312162 ] ] ] } },
{ "type": "Feature", "properties": { "parcel_id": "P0331", "survey_no": "SRV-1331", "owner_name": "Neha Verma", "area_sqm": 1200.0, "land_use": "Mixed Use" }, "geometry": { "type": "Polygon", "coordinates": [ [ [ 73.102091416353502, 18.986313853929754 ], [ 73.102471223646305, 18.986317748768883 ], [ 73.102468153238604, 18.986588730264085 ], [ 73.102088345332135, 18.986584835365232 ], [ 73.102091416353502, 18.986313853929754 ] ] ] } },
{ "type": "Feature", "properties": { "parcel_id": "P0332", "survey_no": "SRV-1332", "owner_name": "Sunita Pawar", "area_sqm": 1200.0, "land_use": "Residential" }, "geometry": { "type": "Polygon", "coordinates": [ [ [ 73.102471223646305, 18.986317748768883 ], [ 73.10285103103179, 18.986321642829548 ], [ 73.102847961237757, 18.986592624384468 ], [ 73.102468153238604, 18.986588730264085 ], [ 73.102471223646305, 18.986317748768883 ] ] ] } },
{ "type": "Feature", "properties": { "parcel_id": "P0333", "survey_no": "SRV-1333", "owner_name": "Sunita Pawar", "area_sqm": 1200.0, "land_use": "Commercial" }, "geometry": { "type": "Polygon", "coordinates": [ [ [ 73.10285103103179, 18.986321642829548 ], [ 73.103230838509944, 18.98632553611176 ], [ 73.103227769329578, 18.986596517726372 ], [ 73.102847961237757, 18.986592624384468 ], [ 73.10285103103179, 18.986321642829548 ] ] ] } },
{ "type": "Feature", "properties": { "parcel_id": "P0334", "survey_no": "SRV-1334", "owner_name": "Suresh Patil", "area_sqm": 1200.0, "land_use": "Commercial" }, "geometry": { "type": "Polygon", "coordinates": [ [ [ 73.103230838509944, 18.98632553611176 ], [ 73.103610646080753, 18.986329428615505 ], [ 73.103607577514069, 18.98660041028981 ], [ 73.103227769329578, 18.986596517726372 ], [ 73.103230838509944, 18.98632553611176 ] ] ] } },
{ "type": "Feature", "properties": { "parcel_id": "P0335", "survey_no": "SRV-1335", "owner_name": "Anita Joshi", "area_sqm": 1200.0, "land_use": "Vacant" }, "geometry": { "type": "Polygon", "coordinates": [ [ [ 73.103610646080753, 18.986329428615505 ], [ 73.103990453744203, 18.986333320340787 ], [ 73.103987385791186, 18.98660430207477 ], [ 73.103607577514069, 18.98660041028981 ], [ 73.103610646080753, 18.986329428615505 ] ] ] } },
{ "type": "Feature", "properties": { "parcel_id": "P0336", "survey_no": "SRV-1336", "owner_name": "Sunita Pawar", "area_sqm": 1200.0, "land_use": "Commercial" }, "geometry": { "type": "Polygon", "coordinates": [ [ [ 73.103990453744203, 18.986333320340787 ], [ 73.104370261500264, 18.986337211287601 ], [ 73.104367194160929, 18.986608193081256 ], [ 73.103987385791186, 18.98660430207477 ], [ 73.103990453744203, 18.986333320340787 ] ] ] } },
{ "type": "Feature", "properties": { "parcel_id": "P0337", "survey_no": "SRV-1337", "owner_name": "Rohit Kulkarni", "area_sqm": 1200.0, "land_use": "Vacant" }, "geometry": { "type": "Polygon", "coordinates": [ [ [ 73.104370261500264, 18.986337211287601 ], [ 73.104750069348924, 18.986341101455956 ], [ 73.104747002623256, 18.986612083309261 ], [ 73.104367194160929, 18.986608193081256 ], [ 73.104370261500264, 18.986337211287601 ] ] ] } },
{ "type": "Feature", "properties": { "parcel_id": "P0338", "survey_no": "SRV-1338", "owner_name": "Rohit Kulkarni", "area_sqm": 1200.0, "land_use": "Residential" }, "geometry": { "type": "Polygon", "coordinates": [ [ [ 73.104750069348924, 18.986341101455956 ], [ 73.105129877290167, 18.986344990845843 ], [ 73.105126811178181, 18.986615972758791 ], [ 73.104747002623256, 18.986612083309261 ], [ 73.104750069348924, 18.986341101455956 ] ] ] } },
{ "type": "Feature", "properties": { "parcel_id": "P0339", "survey_no": "SRV-1339", "owner_name": "Suresh Patil", "area_sqm": 1200.0, "land_use": "Mixed Use" }, "geometry": { "type": "Polygon", "coordinates": [ [ [ 73.105129877290167, 18.986344990845843 ], [ 73.105509685323966, 18.986348879457267 ], [ 73.105506619825661, 18.98661986142984 ], [ 73.105126811178181, 18.986615972758791 ], [ 73.105129877290167, 18.986344990845843 ] ] ] } },
{ "type": "Feature", "properties": { "parcel_id": "P0340", "survey_no": "SRV-1340", "owner_name": "Priya Singh", "area_sqm": 1200.0, "land_use": "Vacant" }, "geometry": { "type": "Polygon", "coordinates": [ [ [ 73.105509685323966, 18.986348879457267 ], [ 73.105889493450306, 18.986352767290217 ], [ 73.105886428565668, 18.986623749322405 ], [ 73.105506619825661, 18.98661986142984 ], [ 73.105509685323966, 18.986348879457267 ] ] ] } },
{ "type": "Feature", "properties": { "parcel_id": "P0341", "survey_no": "SRV-1341", "owner_name": "Priya Singh", "area_sqm": 1200.0, "land_use": "Mixed Use" }, "geometry": { "type": "Polygon", "coordinates": [ [ [ 73.105889493450306, 18.986352767290217 ], [ 73.106269301669187, 18.986356654344704 ], [ 73.106266237398216, 18.986627636436499 ], [ 73.105886428565668, 18.986623749322405 ], [ 73.105889493450306, 18.986352767290217 ] ] ] } },
{ "type": "Feature", "properties": { "parcel_id": "P0342", "survey_no": "SRV-1342", "owner_name": "Mahesh Deshmukh", "area_sqm": 1200.0, "land_use": "Mixed Use" }, "geometry": { "type": "Polygon", "coordinates": [ [ [ 73.106269301669187, 18.986356654344704 ], [ 73.106649109980552, 18.986360540620716 ], [ 73.106646046323277, 18.986631522772107 ], [ 73.106266237398216, 18.986627636436499 ], [ 73.106269301669187, 18.986356654344704 ] ] ] } },
{ "type": "Feature", "properties": { "parcel_id": "P0343", "survey_no": "SRV-1343", "owner_name": "Rohit Kulkarni", "area_sqm": 1200.0, "land_use": "Mixed Use" }, "geometry": { "type": "Polygon", "coordinates": [ [ [ 73.106649109980552, 18.986360540620716 ], [ 73.107028918384415, 18.986364426118264 ], [ 73.107025855340822, 18.986635408329235 ], [ 73.106646046323277, 18.986631522772107 ], [ 73.106649109980552, 18.986360540620716 ] ] ] } },
{ "type": "Feature", "properties": { "parcel_id": "P0344", "survey_no": "SRV-1344", "owner_name": "Anita Joshi", "area_sqm": 1200.0, "land_use": "Mixed Use" }, "geometry": { "type": "Polygon", "coordinates": [ [ [ 73.107028918384415, 18.986364426118264 ], [ 73.107408726880749, 18.986368310837339 ], [ 73.107405664450823, 18.986639293107881 ], [ 73.107025855340822, 18.986635408329235 ], [ 73.107028918384415, 18.986364426118264 ] ] ] } },
{ "type": "Feature", "properties": { "parcel_id": "P0345", "survey_no": "SRV-1345", "owner_name": "Vijay More", "area_sqm": 1200.0, "land_use": "Vacant" }, "geometry": { "type": "Polygon", "coordinates": [ [ [ 73.107408726880749, 18.986368310837339 ], [ 73.107788535469538, 18.986372194777946 ], [ 73.10778547365328, 18.986643177108043 ], [ 73.107405664450823, 18.986639293107881 ], [ 73.107408726880749, 18.986368310837339 ] ] ] } },
{ "type": "Feature", "properties": { "parcel_id": "P0346", "survey_no": "SRV-1346", "owner_name": "Neha Verma", "area_sqm": 1200.0, "land_use": "Mixed Use" }, "geometry": { "type": "Polygon", "coordinates": [ [ [ 73.107788535469538, 18.986372194777946 ], [ 73.108168344150741, 18.986376077940072 ], [ 73.108165282948178, 18.986647060329719 ], [ 73.10778547365328, 18.986643177108043 ], [ 73.107788535469538, 18.986372194777946 ] ] ] } },
{ "type": "Feature", "properties": { "parcel_id": "P0347", "survey_no": "SRV-1347", "owner_name": "Neha Verma", "area_sqm": 1200.0, "land_use": "Commercial" }, "geometry": { "type": "Polygon", "coordinates": [ [ [ 73.108168344150741, 18.986376077940072 ], [ 73.108548152924371, 18.986379960323738 ], [ 73.10854509233549, 18.986650942772915 ], [ 73.108165282948178, 18.986647060329719 ], [ 73.108168344150741, 18.986376077940072 ] ] ] } },
{ "type": "Feature", "properties": { "parcel_id": "P0348", "survey_no": "SRV-1348", "owner_name": "Suresh Patil", "area_sqm": 1200.0, "land_use": "Commercial" }, "geometry": { "type": "Polygon", "coordinates": [ [ [ 73.108548152924371, 18.986379960323738 ], [ 73.108927961790386, 18.986383841928916 ], [ 73.108924901815186, 18.986654824437622 ], [ 73.10854509233549, 18.986650942772915 ], [ 73.108548152924371, 18.986379960323738 ] ] ] } },
{ "type": "Feature", "properties": { "parcel_id": "P0349", "survey_no": "SRV-1349", "owner_name": "Vijay More", "area_sqm": 1200.0, "land_use": "Residential" }, "geometry": { "type": "Polygon", "coordinates": [ [ [ 73.108927961790386, 18.986383841928916 ], [ 73.109307770748799, 18.986387722755623 ], [ 73.109304711387281, 18.986658705323844 ], [ 73.108924901815186, 18.986654824437622 ], [ 73.108927961790386, 18.986383841928916 ] ] ] } },
{ "type": "Feature", "properties": { "parcel_id": "P0350", "survey_no": "SRV-1350", "owner_name": "Sunita Pawar", "area_sqm": 1200.0, "land_use": "Commercial" }, "geometry": { "type": "Polygon", "coordinates": [ [ [ 73.109307770748799, 18.986387722755623 ], [ 73.109687579799555, 18.98639160280386 ], [ 73.109684521051705, 18.986662585431578 ], [ 73.109304711387281, 18.986658705323844 ], [ 73.109307770748799, 18.986387722755623 ] ] ] } },
{ "type": "Feature", "properties": { "parcel_id": "P0351", "survey_no": "SRV-1351", "owner_name": "Priya Singh", "area_sqm": 1200.0, "land_use": "Commercial" }, "geometry": { "type": "Polygon", "coordinates": [ [ [ 73.100189307190846, 18.986565349193889 ], [ 73.100569114633572, 18.986569247985095 ], [ 73.100566041105338, 18.986840229173144 ], [ 73.100186233048944, 18.986836330322156 ], [ 73.100189307190846, 18.986565349193889 ] ] ] } },
{ "type": "Feature", "properties": { "parcel_id": "P0352", "survey_no": "SRV-1352", "owner_name": "Rohit Kulkarni", "area_sqm": 1200.0, "land_use": "Mixed Use" }, "geometry": { "type": "Polygon", "coordinates": [ [ [ 73.100569114633572, 18.986569247985095 ], [ 73.100948922169081, 18.986573145997834 ], [ 73.100945849254529, 18.986844127245657 ], [ 73.100566041105338, 18.986840229173144 ], [ 73.100569114633572, 18.986569247985095 ] ] ] } },
{ "type": "Feature", "properties": { "parcel_id": "P0353", "survey_no": "SRV-1353", "owner_name": "Mahesh Deshmukh", "area_sqm": 1200.0, "land_use": "Mixed Use" }, "geometry": { "type": "Polygon", "coordinates": [ [ [ 73.100948922169081, 18.986573145997834 ], [ 73.101328729797359, 18.986577043232099 ], [ 73.101325657496488, 18.986848024539686 ], [ 73.100945849254529, 18.986844127245657 ], [ 73.100948922169081, 18.986573145997834 ] ] ] } },
{ "type": "Feature", "properties": { "parcel_id": "P0354", "survey_no": "SRV-1354", "owner_name": "Suresh Patil", "area_sqm": 1200.0, "land_use": "Commercial" }, "geometry": { "type": "Polygon", "coordinates": [ [ [ 73.101328729797359, 18.986577043232099 ], [ 73.101708537518391, 18.986580939687901 ], [ 73.101705465831202, 18.986851921055241 ], [ 73.101325657496488, 18.986848024539686 ], [ 73.101328729797359, 18.986577043232099 ] ] ] } },
{ "type": "Feature", "properties": { "parcel_id": "P0355", "survey_no": "SRV-1355", "owner_name": "Neha Verma", "area_sqm": 1200.0, "land_use": "Commercial" }, "geometry": { "type": "Polygon", "coordinates": [ [ [ 73.101708537518391, 18.986580939687901 ], [ 73.102088345332135, 18.986584835365232 ], [ 73.102085274258627, 18.9868558167923 ], [ 73.101705465831202, 18.986851921055241 ], [ 73.101708537518391, 18.986580939687901 ] ] ] } },
{ "type": "Feature", "properties": { "parcel_id": "P0356", "survey_no": "SRV-1356", "owner_name": "Vijay More", "area_sqm": 1200.0, "land_use": "Commercial" }, "geometry": { "type": "Polygon", "coordinates": [ [ [ 73.102088345332135, 18.986584835365232 ], [ 73.102468153238604, 18.986588730264085 ], [ 73.102465082778764, 18.986859711750885 ], [ 73.102085274258627, 18.9868558167923 ], [ 73.102088345332135, 18.986584835365232 ] ] ] } },
{ "type": "Feature", "properties": { "parcel_id": "P0357", "survey_no": "SRV-1357", "owner_name": "Neha Verma", "area_sqm": 1200.0, "land_use": "Residential" }, "geometry": { "type": "Polygon", "coordinates": [ [ [ 73.102468153238604, 18.986588730264085 ], [ 73.102847961237757, 18.986592624384468 ], [ 73.102844891391598, 18.986863605930981 ], [ 73.102465082778764, 18.986859711750885 ], [ 73.102468153238604, 18.986588730264085 ] ] ] } },
{ "type": "Feature", "properties": { "parcel_id": "P0358", "survey_no": "SRV-1358", "owner_name": "Sunita Pawar", "area_sqm": 1200.0, "land_use": "Commercial" }, "geometry": { "type": "Polygon", "coordinates": [ [ [ 73.102847961237757, 18.986592624384468 ], [ 73.103227769329578, 18.986596517726372 ], [ 73.103224700097115, 18.986867499332586 ], [ 73.102844891391598, 18.986863605930981 ], [ 73.102847961237757, 18.986592624384468 ] ] ] } },
{ "type": "Feature", "properties": { "parcel_id": "P0359", "survey_no": "SRV-1359", "owner_name": "Neha Verma", "area_sqm": 1200.0, "land_use": "Residential" }, "geometry": { "type": "Polygon", "coordinates": [ [ [ 73.103227769329578, 18.986596517726372 ], [ 73.103607577514069, 18.98660041028981 ], [ 73.103604508895273, 18.986871391955713 ], [ 73.103224700097115, 18.986867499332586 ], [ 73.103227769329578, 18.986596517726372 ] ] ] } },
{ "type": "Feature", "properties": { "parcel_id": "P0360", "survey_no": "SRV-1360", "owner_name": "Rajesh Kumar", "area_sqm": 1200.0, "land_use": "Mixed Use" }, "geometry": { "type": "Polygon", "coordinates": [ [ [ 73.103607577514069, 18.98660041028981 ], [ 73.103987385791186, 18.98660430207477 ], [ 73.103984317786072, 18.986875283800348 ], [ 73.103604508895273, 18.986871391955713 ], [ 73.103607577514069, 18.98660041028981 ] ] ] } },
{ "type": "Feature", "properties": { "parcel_id": "P0361", "survey_no": "SRV-1361", "owner_name": "Amit Sharma", "area_sqm": 1200.0, "land_use": "Vacant" }, "geometry": { "type": "Polygon", "coordinates": [ [ [ 73.103987385791186, 18.98660430207477 ], [ 73.104367194160929, 18.986608193081256 ], [ 73.104364126769511, 18.986879174866498 ], [ 73.103984317786072, 18.986875283800348 ], [ 73.103987385791186, 18.98660430207477 ] ] ] } },
{ "type": "Feature", "properties": { "parcel_id": "P0362", "survey_no": "SRV-1362", "owner_name": "Suresh Patil", "area_sqm": 1200.0, "land_use": "Residential" }, "geometry": { "type": "Polygon", "coordinates": [ [ [ 73.104367194160929, 18.986608193081256 ], [ 73.104747002623256, 18.986612083309261 ], [ 73.104743935845519, 18.98688306515416 ], [ 73.104364126769511, 18.986879174866498 ], [ 73.104367194160929, 18.986608193081256 ] ] ] } },
{ "type": "Feature", "properties": { "parcel_id": "P0363", "survey_no": "SRV-1363", "owner_name": "Mahesh Deshmukh", "area_sqm": 1200.0, "land_use": "Mixed Use" }, "geometry": { "type": "Polygon", "coordinates": [ [ [ 73.104747002623256, 18.986612083309261 ], [ 73.105126811178181, 18.986615972758791 ], [ 73.105123745014112, 18.98688695466333 ], [ 73.104743935845519, 18.98688306515416 ], [ 73.104747002623256, 18.986612083309261 ] ] ] } },
{ "type": "Feature", "properties": { "parcel_id": "P0364", "survey_no": "SRV-1364", "owner_name": "Rohit Kulkarni", "area_sqm": 1200.0, "land_use": "Vacant" }, "geometry": { "type": "Polygon", "coordinates": [ [ [ 73.105126811178181, 18.986615972758791 ], [ 73.105506619825661, 18.98661986142984 ], [ 73.105503554275288, 18.986890843394008 ], [ 73.105123745014112, 18.98688695466333 ], [ 73.105126811178181, 18.986615972758791 ] ] ] } },
{ "type": "Feature", "properties": { "parcel_id": "P0365", "survey_no": "SRV-1365", "owner_name": "Rohit Kulkarni", "area_sqm": 1200.0, "land_use": "Mixed Use" }, "geometry": { "type": "Polygon", "coordinates": [ [ [ 73.105506619825661, 18.98661986142984 ], [ 73.105886428565668, 18.986623749322405 ], [ 73.10588336362899, 18.986894731346201 ], [ 73.105503554275288, 18.986890843394008 ], [ 73.105506619825661, 18.98661986142984 ] ] ] } },
{ "type": "Feature", "properties": { "parcel_id": "P0366", "survey_no": "SRV-1366", "owner_name": "Amit Sharma", "area_sqm": 1200.0, "land_use": "Residential" }, "geometry": { "type": "Polygon", "coordinates": [ [ [ 73.105886428565668, 18.986623749322405 ], [ 73.106266237398216, 18.986627636436499 ], [ 73.106263173075234, 18.986898618519898 ], [ 73.10588336362899, 18.986894731346201 ], [ 73.105886428565668, 18.986623749322405 ] ] ] } },
{ "type": "Feature", "properties": { "parcel_id": "P0367", "survey_no": "SRV-1367", "owner_name": "Neha Verma", "area_sqm": 1200.0, "land_use": "Vacant" }, "geometry": { "type": "Polygon", "coordinates": [ [ [ 73.106266237398216, 18.986627636436499 ], [ 73.106646046323277, 18.986631522772107 ], [ 73.106642982613977, 18.986902504915101 ], [ 73.106263173075234, 18.986898618519898 ], [ 73.106266237398216, 18.986627636436499 ] ] ] } },
{ "type": "Feature", "properties": { "parcel_id": "P0368", "survey_no": "SRV-1368", "owner_name": "Suresh Patil", "area_sqm": 1200.0, "land_use": "Residential" }, "geometry": { "type": "Polygon", "coordinates": [ [ [ 73.106646046323277, 18.986631522772107 ], [ 73.107025855340822, 18.986635408329235 ], [ 73.107022792245189, 18.986906390531807 ], [ 73.106642982613977, 18.986902504915101 ], [ 73.106646046323277, 18.986631522772107 ] ] ] } },
{ "type": "Feature", "properties": { "parcel_id": "P0369", "survey_no": "SRV-1369", "owner_name": "Anita Joshi", "area_sqm": 1200.0, "land_use": "Vacant" }, "geometry": { "type": "Polygon", "coordinates": [ [ [ 73.107025855340822, 18.986635408329235 ], [ 73.107405664450823, 18.986639293107881 ], [ 73.107402601968886, 18.986910275370025 ], [ 73.107022792245189, 18.986906390531807 ], [ 73.107025855340822, 18.986635408329235 ] ] ] } },
{ "type": "Feature", "properties": { "parcel_id": "P0370", "survey_no": "SRV-1370", "owner_name": "Suresh Patil", "area_sqm": 1200.0, "land_use": "Residential" }, "geometry": { "type": "Polygon", "coordinates": [ [ [ 73.107405664450823, 18.986639293107881 ], [ 73.10778547365328, 18.986643177108043 ], [ 73.107782411785053, 18.986914159429748 ], [ 73.107402601968886, 18.986910275370025 ], [ 73.107405664450823, 18.986639293107881 ] ] ] } },
{ "type": "Feature", "properties": { "parcel_id": "P0371", "survey_no": "SRV-1371", "owner_name": "Amit Sharma", "area_sqm": 1200.0, "land_use": "Commercial" }, "geometry": { "type": "Polygon", "coordinates": [ [ [ 73.10778547365328, 18.986643177108043 ], [ 73.108165282948178, 18.986647060329719 ], [ 73.108162221693632, 18.986918042710968 ], [ 73.107782411785053, 18.986914159429748 ], [ 73.10778547365328, 18.986643177108043 ] ] ] } },
{ "type": "Feature", "properties": { "parcel_id": "P0372", "survey_no": "SRV-1372", "owner_name": "Mahesh Deshmukh", "area_sqm": 1200.0, "land_use": "Mixed Use" }, "geometry": { "type": "Polygon", "coordinates": [ [ [ 73.108165282948178, 18.986647060329719 ], [ 73.10854509233549, 18.986650942772915 ], [ 73.108542031694626, 18.986921925213696 ], [ 73.108162221693632, 18.986918042710968 ], [ 73.108165282948178, 18.986647060329719 ] ] ] } },
{ "type": "Feature", "properties": { "parcel_id": "P0373", "survey_no": "SRV-1373", "owner_name": "Suresh Patil", "area_sqm": 1200.0, "land_use": "Commercial" }, "geometry": { "type": "Polygon", "coordinates": [ [ [ 73.10854509233549, 18.986650942772915 ], [ 73.108924901815186, 18.986654824437622 ], [ 73.108921841788032, 18.986925806937922 ], [ 73.108542031694626, 18.986921925213696 ], [ 73.10854509233549, 18.986650942772915 ] ] ] } },
{ "type": "Feature", "properties": { "parcel_id": "P0374", "survey_no": "SRV-1374", "owner_name": "Suresh Patil", "area_sqm": 1200.0, "land_use": "Vacant" }, "geometry": { "type": "Polygon", "coordinates": [ [ [ 73.108924901815186, 18.986654824437622 ], [ 73.109304711387281, 18.986658705323844 ], [ 73.109301651973809, 18.986929687883659 ], [ 73.108921841788032, 18.986925806937922 ], [ 73.108924901815186, 18.986654824437622 ] ] ] } },
{ "type": "Feature", "properties": { "parcel_id": "P0375", "survey_no": "SRV-1375", "owner_name": "Mahesh Deshmukh", "area_sqm": 1200.0, "land_use": "Commercial" }, "geometry": { "type": "Polygon", "coordinates": [ [ [ 73.109304711387281, 18.986658705323844 ], [ 73.109684521051705, 18.986662585431578 ], [ 73.109681462251942, 18.986933568050887 ], [ 73.109301651973809, 18.986929687883659 ], [ 73.109304711387281, 18.986658705323844 ] ] ] } },
{ "type": "Feature", "properties": { "parcel_id": "P0376", "survey_no": "SRV-1376", "owner_name": "Sunita Pawar", "area_sqm": 1200.0, "land_use": "Vacant" }, "geometry": { "type": "Polygon", "coordinates": [ [ [ 73.100186233048944, 18.986836330322156 ], [ 73.100566041105338, 18.986840229173144 ], [ 73.100562967524922, 18.987111210352801 ], [ 73.100183158854819, 18.987107311442024 ], [ 73.100186233048944, 18.986836330322156 ] ] ] } },
{ "type": "Feature", "properties": { "parcel_id": "P0377", "survey_no": "SRV-1377", "owner_name": "Rohit Kulkarni", "area_sqm": 1200.0, "land_use": "Vacant" }, "geometry": { "type": "Polygon", "coordinates": [ [ [ 73.100566041105338, 18.986840229173144 ], [ 73.100945849254529, 18.986844127245657 ], [ 73.100942776287795, 18.987115108485085 ], [ 73.100562967524922, 18.987111210352801 ], [ 73.100566041105338, 18.986840229173144 ] ] ] } },
{ "type": "Feature", "properties": { "parcel_id": "P0378", "survey_no": "SRV-1378", "owner_name": "Neha Verma", "area_sqm": 1200.0, "land_use": "Vacant" }, "geometry": { "type": "Polygon", "coordinates": [ [ [ 73.100945849254529, 18.986844127245657 ], [ 73.101325657496488, 18.986848024539686 ], [ 73.101322585143436, 18.987119005838874 ], [ 73.100942776287795, 18.987115108485085 ], [ 73.100945849254529, 18.986844127245657 ] ] ] } },
{ "type": "Feature", "properties": { "parcel_id": "P0379", "survey_no": "SRV-1379", "owner_name": "Neha Verma", "area_sqm": 1200.0, "land_use": "Residential" }, "geometry": { "type": "Polygon", "coordinates": [ [ [ 73.101325657496488, 18.986848024539686 ], [ 73.101705465831202, 18.986851921055241 ], [ 73.101702394091831, 18.987122902414178 ], [ 73.101322585143436, 18.987119005838874 ], [ 73.101325657496488, 18.986848024539686 ] ] ] } },
{ "type": "Feature", "properties": { "parcel_id": "P0380", "survey_no": "SRV-1380", "owner_name": "Mahesh Deshmukh", "area_sqm": 1200.0, "land_use": "Residential" }, "geometry": { "type": "Polygon", "coordinates": [ [ [ 73.101705465831202, 18.986851921055241 ], [ 73.102085274258627, 18.9868558167923 ], [ 73.102082203132952, 18.987126798210976 ], [ 73.101702394091831, 18.987122902414178 ], [ 73.101705465831202, 18.986851921055241 ] ] ] } },
{ "type": "Feature", "properties": { "parcel_id": "P0381", "survey_no": "SRV-1381", "owner_name": "Priya Singh", "area_sqm": 1200.0, "land_use": "Commercial" }, "geometry": { "type": "Polygon", "coordinates": [ [ [ 73.102085274258627, 18.9868558167923 ], [ 73.102465082778764, 18.986859711750885 ], [ 73.102462012266784, 18.987130693229279 ], [ 73.102082203132952, 18.987126798210976 ], [ 73.102085274258627, 18.9868558167923 ] ] ] } },
{ "type": "Feature", "properties": { "parcel_id": "P0382", "survey_no": "SRV-1382", "owner_name": "Neha Verma", "area_sqm": 1200.0, "land_use": "Residential" }, "geometry": { "type": "Polygon", "coordinates": [ [ [ 73.102465082778764, 18.986859711750885 ], [ 73.102844891391598, 18.986863605930981 ], [ 73.102841821493314, 18.98713458746909 ], [ 73.102462012266784, 18.987130693229279 ], [ 73.102465082778764, 18.986859711750885 ] ] ] } },
{ "type": "Feature", "properties": { "parcel_id": "P0383", "survey_no": "SRV-1383", "owner_name": "Amit Sharma", "area_sqm": 1200.0, "land_use": "Commercial" }, "geometry": { "type": "Polygon", "coordinates": [ [ [ 73.102844891391598, 18.986863605930981 ], [ 73.103224700097115, 18.986867499332586 ], [ 73.103221630812527, 18.987138480930408 ], [ 73.102841821493314, 18.98713458746909 ], [ 73.102844891391598, 18.986863605930981 ] ] ] } },
{ "type": "Feature", "properties": { "parcel_id": "P0384", "survey_no": "SRV-1384", "owner_name": "Amit Sharma", "area_sqm": 1200.0, "land_use": "Residential" }, "geometry": { "type": "Polygon", "coordinates": [ [ [ 73.103224700097115, 18.986867499332586 ], [ 73.103604508895273, 18.986871391955713 ], [ 73.103601440224381, 18.987142373613217 ], [ 73.103221630812527, 18.987138480930408 ], [ 73.103224700097115, 18.986867499332586 ] ] ] } },
{ "type": "Feature", "properties": { "parcel_id": "P0385", "survey_no": "SRV-1385", "owner_name": "Amit Sharma", "area_sqm": 1200.0, "land_use": "Residential" }, "geometry": { "type": "Polygon", "coordinates": [ [ [ 73.103604508895273, 18.986871391955713 ], [ 73.103984317786072, 18.986875283800348 ], [ 73.103981249728875, 18.987146265517534 ], [ 73.103601440224381, 18.987142373613217 ], [ 73.103604508895273, 18.986871391955713 ] ] ] } },
{ "type": "Feature", "properties": { "parcel_id": "P0386", "survey_no": "SRV-1386", "owner_name": "Anita Joshi", "area_sqm": 1200.0, "land_use": "Vacant" }, "geometry": { "type": "Polygon", "coordinates": [ [ [ 73.103984317786072, 18.986875283800348 ], [ 73.104364126769511, 18.986879174866498 ], [ 73.104361059325981, 18.987150156643345 ], [ 73.103981249728875, 18.987146265517534 ], [ 73.103984317786072, 18.986875283800348 ] ] ] } },
{ "type": "Feature", "properties": { "parcel_id": "P0387", "survey_no": "SRV-1387", "owner_name": "Mahesh Deshmukh", "area_sqm": 1200.0, "land_use": "Vacant" }, "geometry": { "type": "Polygon", "coordinates": [ [ [ 73.104364126769511, 18.986879174866498 ], [ 73.104743935845519, 18.98688306515416 ], [ 73.1047408690157, 18.987154046990661 ], [ 73.104361059325981, 18.987150156643345 ], [ 73.104364126769511, 18.986879174866498 ] ] ] } },
{ "type": "Feature", "properties": { "parcel_id": "P0388", "survey_no": "SRV-1388", "owner_name": "Neha Verma", "area_sqm": 1200.0, "land_use": "Residential" }, "geometry": { "type": "Polygon", "coordinates": [ [ [ 73.104743935845519, 18.98688306515416 ], [ 73.105123745014112, 18.98688695466333 ], [ 73.105120678798002, 18.987157936559473 ], [ 73.1047408690157, 18.987154046990661 ], [ 73.104743935845519, 18.98688306515416 ] ] ] } },
{ "type": "Feature", "properties": { "parcel_id": "P0389", "survey_no": "SRV-1389", "owner_name": "Priya Singh", "area_sqm": 1200.0, "land_use": "Mixed Use" }, "geometry": { "type": "Polygon", "coordinates": [ [ [ 73.105123745014112, 18.98688695466333 ], [ 73.105503554275288, 18.986890843394008 ], [ 73.10550048867286, 18.987161825349784 ], [ 73.105120678798002, 18.987157936559473 ], [ 73.105123745014112, 18.98688695466333 ] ] ] } },
{ "type": "Feature", "properties": { "parcel_id": "P0390", "survey_no": "SRV-1390", "owner_name": "Neha Verma", "area_sqm": 1200.0, "land_use": "Vacant" }, "geometry": { "type": "Polygon", "coordinates": [ [ [ 73.105503554275288, 18.986890843394008 ], [ 73.10588336362899, 18.986894731346201 ], [ 73.105880298640272, 18.987165713361591 ], [ 73.10550048867286, 18.987161825349784 ], [ 73.105503554275288, 18.986890843394008 ] ] ] } },
{ "type": "Feature", "properties": { "parcel_id": "P0391", "survey_no": "SRV-1391", "owner_name": "Suresh Patil", "area_sqm": 1200.0, "land_use": "Commercial" }, "geometry": { "type": "Polygon", "coordinates": [ [ [ 73.10588336362899, 18.986894731346201 ], [ 73.106263173075234, 18.986898618519898 ], [ 73.106260108700198, 18.987169600594896 ], [ 73.105880298640272, 18.987165713361591 ], [ 73.10588336362899, 18.986894731346201 ] ] ] } },
{ "type": "Feature", "properties": { "parcel_id": "P0392", "survey_no": "SRV-1392", "owner_name": "Neha Verma", "area_sqm": 1200.0, "land_use": "Commercial" }, "geometry": { "type": "Polygon", "coordinates": [ [ [ 73.106263173075234, 18.986898618519898 ], [ 73.106642982613977, 18.986902504915101 ], [ 73.106639918852636, 18.987173487049692 ], [ 73.106260108700198, 18.987169600594896 ], [ 73.106263173075234, 18.986898618519898 ] ] ] } },
{ "type": "Feature", "properties": { "parcel_id": "P0393", "survey_no": "SRV-1393", "owner_name": "Anita Joshi", "area_sqm": 1200.0, "land_use": "Residential" }, "geometry": { "type": "Polygon", "coordinates": [ [ [ 73.106642982613977, 18.986902504915101 ], [ 73.107022792245189, 18.986906390531807 ], [ 73.107019729097573, 18.987177372725984 ], [ 73.106639918852636, 18.987173487049692 ], [ 73.106642982613977, 18.986902504915101 ] ] ] } },
{ "type": "Feature", "properties": { "parcel_id": "P0394", "survey_no": "SRV-1394", "owner_name": "Sunita Pawar", "area_sqm": 1200.0, "land_use": "Commercial" }, "geometry": { "type": "Polygon", "coordinates": [ [ [ 73.107022792245189, 18.986906390531807 ], [ 73.107402601968886, 18.986910275370025 ], [ 73.107399539434965, 18.987181257623774 ], [ 73.107019729097573, 18.987177372725984 ], [ 73.107022792245189, 18.986906390531807 ] ] ] } },
{ "type": "Feature", "properties": { "parcel_id": "P0395", "survey_no": "SRV-1395", "owner_name": "Amit Sharma", "area_sqm": 1200.0, "land_use": "Mixed Use" }, "geometry": { "type": "Polygon", "coordinates": [ [ [ 73.107402601968886, 18.986910275370025 ], [ 73.107782411785053, 18.986914159429748 ], [ 73.107779349864828, 18.987185141743051 ], [ 73.107399539434965, 18.987181257623774 ], [ 73.107402601968886, 18.986910275370025 ] ] ] } },
{ "type": "Feature", "properties": { "parcel_id": "P0396", "survey_no": "SRV-1396", "owner_name": "Amit Sharma", "area_sqm": 1200.0, "land_use": "Residential" }, "geometry": { "type": "Polygon", "coordinates": [ [ [ 73.107782411785053, 18.986914159429748 ], [ 73.108162221693632, 18.986918042710968 ], [ 73.108159160387103, 18.987189025083822 ], [ 73.107779349864828, 18.987185141743051 ], [ 73.107782411785053, 18.986914159429748 ] ] ] } },
{ "type": "Feature", "properties": { "parcel_id": "P0397", "survey_no": "SRV-1397", "owner_name": "Rajesh Kumar", "area_sqm": 1200.0, "land_use": "Commercial" }, "geometry": { "type": "Polygon", "coordinates": [ [ [ 73.108162221693632, 18.986918042710968 ], [ 73.108542031694626, 18.986921925213696 ], [ 73.108538971001806, 18.987192907646079 ], [ 73.108159160387103, 18.987189025083822 ], [ 73.108162221693632, 18.986918042710968 ] ] ] } },
{ "type": "Feature", "properties": { "parcel_id": "P0398", "survey_no": "SRV-1398", "owner_name": "Neha Verma", "area_sqm": 1200.0, "land_use": "Mixed Use" }, "geometry": { "type": "Polygon", "coordinates": [ [ [ 73.108542031694626, 18.986921925213696 ], [ 73.108921841788032, 18.986925806937922 ], [ 73.108918781708908, 18.987196789429834 ], [ 73.108538971001806, 18.987192907646079 ], [ 73.108542031694626, 18.986921925213696 ] ] ] } },
{ "type": "Feature", "properties": { "parcel_id": "P0399", "survey_no": "SRV-1399", "owner_name": "Rohit Kulkarni", "area_sqm": 1200.0, "land_use": "Residential" }, "geometry": { "type": "Polygon", "coordinates": [ [ [ 73.108921841788032, 18.986925806937922 ], [ 73.109301651973809, 18.986929687883659 ], [ 73.109298592508381, 18.987200670435076 ], [ 73.108918781708908, 18.987196789429834 ], [ 73.108921841788032, 18.986925806937922 ] ] ] } },
{ "type": "Feature", "properties": { "parcel_id": "P0400", "survey_no": "SRV-1400", "owner_name": "Rohit Kulkarni", "area_sqm": 1200.0, "land_use": "Mixed Use" }, "geometry": { "type": "Polygon", "coordinates": [ [ [ 73.109301651973809, 18.986929687883659 ], [ 73.109681462251942, 18.986933568050887 ], [ 73.10967840340021, 18.987204550661808 ], [ 73.109298592508381, 18.987200670435076 ], [ 73.109301651973809, 18.986929687883659 ] ] ] } },
{ "type": "Feature", "properties": { "parcel_id": "P0401", "survey_no": "SRV-1401", "owner_name": "Anita Joshi", "area_sqm": 1200.0, "land_use": "Mixed Use" }, "geometry": { "type": "Polygon", "coordinates": [ [ [ 73.100183158854819, 18.987107311442024 ], [ 73.100562967524922, 18.987111210352801 ], [ 73.100559893892296, 18.987382191524041 ], [ 73.10018008460851, 18.987378292553483 ], [ 73.100183158854819, 18.987107311442024 ] ] ] } },
{ "type": "Feature", "properties": { "parcel_id": "P0402", "survey_no": "SRV-1402", "owner_name": "Sunita Pawar", "area_sqm": 1200.0, "land_use": "Vacant" }, "geometry": { "type": "Polygon", "coordinates": [ [ [ 73.100562967524922, 18.987111210352801 ], [ 73.100942776287795, 18.987115108485085 ], [ 73.100939703268878, 18.9873860897161 ], [ 73.100559893892296, 18.987382191524041 ], [ 73.100562967524922, 18.987111210352801 ] ] ] } },
{ "type": "Feature", "properties": { "parcel_id": "P0403", "survey_no": "SRV-1403", "owner_name": "Rohit Kulkarni", "area_sqm": 1200.0, "land_use": "Residential" }, "geometry": { "type": "Polygon", "coordinates": [ [ [ 73.100942776287795, 18.987115108485085 ], [ 73.101322585143436, 18.987119005838874 ], [ 73.101319512738215, 18.987389987129657 ], [ 73.100939703268878, 18.9873860897161 ], [ 73.100942776287795, 18.987115108485085 ] ] ] } },
{ "type": "Feature", "properties": { "parcel_id": "P0404", "survey_no": "SRV-1404", "owner_name": "Mahesh Deshmukh", "area_sqm": 1200.0, "land_use": "Residential" }, "geometry": { "type": "Polygon", "coordinates": [ [ [ 73.101322585143436, 18.987119005838874 ], [ 73.101702394091831, 18.987122902414178 ], [ 73.101699322300306, 18.987393883764703 ], [ 73.101319512738215, 18.987389987129657 ], [ 73.101322585143436, 18.987119005838874 ] ] ] } },
{ "type": "Feature", "properties": { "parcel_id": "P0405", "survey_no": "SRV-1405", "owner_name": "Anita Joshi", "area_sqm": 1200.0, "land_use": "Mixed Use" }, "geometry": { "type": "Polygon", "coordinates": [ [ [ 73.101702394091831, 18.987122902414178 ], [ 73.102082203132952, 18.987126798210976 ], [ 73.102079131955122, 18.987397779621244 ], [ 73.101699322300306, 18.987393883764703 ], [ 73.101702394091831, 18.987122902414178 ] ] ] } },
{ "type": "Feature", "properties": { "parcel_id": "P0406", "survey_no": "SRV-1406", "owner_name": "Mahesh Deshmukh", "area_sqm": 1200.0, "land_use": "Mixed Use" }, "geometry": { "type": "Polygon", "coordinates": [ [ [ 73.102082203132952, 18.987126798210976 ], [ 73.102462012266784, 18.987130693229279 ], [ 73.102458941702665, 18.987401674699274 ], [ 73.102079131955122, 18.987397779621244 ], [ 73.102082203132952, 18.987126798210976 ] ] ] } },
{ "type": "Feature", "properties": { "parcel_id": "P0407", "survey_no": "SRV-1407", "owner_name": "Rajesh Kumar", "area_sqm": 1200.0, "land_use": "Residential" }, "geometry": { "type": "Polygon", "coordinates": [ [ [ 73.102462012266784, 18.987130693229279 ], [ 73.102841821493314, 18.98713458746909 ], [ 73.102838751542905, 18.987405568998799 ], [ 73.102458941702665, 18.987401674699274 ], [ 73.102462012266784, 18.987130693229279 ] ] ] } },
{ "type": "Feature", "properties": { "parcel_id": "P0408", "survey_no": "SRV-1408", "owner_name": "Priya Singh", "area_sqm": 1200.0, "land_use": "Residential" }, "geometry": { "type": "Polygon", "coordinates": [ [ [ 73.102841821493314, 18.98713458746909 ], [ 73.103221630812527, 18.987138480930408 ], [ 73.103218561475813, 18.987409462519814 ], [ 73.102838751542905, 18.987405568998799 ], [ 73.102841821493314, 18.98713458746909 ] ] ] } },
{ "type": "Feature", "properties": { "parcel_id": "P0409", "survey_no": "SRV-1409", "owner_name": "Neha Verma", "area_sqm": 1200.0, "land_use": "Residential" }, "geometry": { "type": "Polygon", "coordinates": [ [ [ 73.103221630812527, 18.987138480930408 ], [ 73.103601440224381, 18.987142373613217 ], [ 73.103598371501363, 18.987413355262316 ], [ 73.103218561475813, 18.987409462519814 ], [ 73.103221630812527, 18.987138480930408 ] ] ] } },
{ "type": "Feature", "properties": { "parcel_id": "P0410", "survey_no": "SRV-1410", "owner_name": "Amit Sharma", "area_sqm": 1200.0, "land_use": "Vacant" }, "geometry": { "type": "Polygon", "coordinates": [ [ [ 73.103601440224381, 18.987142373613217 ], [ 73.103981249728875, 18.987146265517534 ], [ 73.103978181619567, 18.987417247226308 ], [ 73.103598371501363, 18.987413355262316 ], [ 73.103601440224381, 18.987142373613217 ] ] ] } },
{ "type": "Feature", "properties": { "parcel_id": "P0411", "survey_no": "SRV-1411", "owner_name": "Sunita Pawar", "area_sqm": 1200.0, "land_use": "Vacant" }, "geometry": { "type": "Polygon", "coordinates": [ [ [ 73.103981249728875, 18.987146265517534 ], [ 73.104361059325981, 18.987150156643345 ], [ 73.104357991830383, 18.98742113841179 ], [ 73.103978181619567, 18.987417247226308 ], [ 73.103981249728875, 18.987146265517534 ] ] ] } },
{ "type": "Feature", "properties": { "parcel_id": "P0412", "survey_no": "SRV-1412", "owner_name": "Neha Verma", "area_sqm": 1200.0, "land_use": "Commercial" }, "geometry": { "type": "Polygon", "coordinates": [ [ [ 73.104361059325981, 18.987150156643345 ], [ 73.1047408690157, 18.987154046990661 ], [ 73.104737802133798, 18.987425028818759 ], [ 73.104357991830383, 18.98742113841179 ], [ 73.104361059325981, 18.987150156643345 ] ] ] } },
{ "type": "Feature", "properties": { "parcel_id": "P0413", "survey_no": "SRV-1413", "owner_name": "Mahesh Deshmukh", "area_sqm": 1200.0, "land_use": "Vacant" }, "geometry": { "type": "Polygon", "coordinates": [ [ [ 73.1047408690157, 18.987154046990661 ], [ 73.105120678798002, 18.987157936559473 ], [ 73.10511761252981, 18.987428918447215 ], [ 73.104737802133798, 18.987425028818759 ], [ 73.1047408690157, 18.987154046990661 ] ] ] } },
{ "type": "Feature", "properties": { "parcel_id": "P0414", "survey_no": "SRV-1414", "owner_name": "Rohit Kulkarni", "area_sqm": 1200.0, "land_use": "Residential" }, "geometry": { "type": "Polygon", "coordinates": [ [ [ 73.105120678798002, 18.987157936559473 ], [ 73.10550048867286, 18.987161825349784 ], [ 73.105497423018377, 18.987432807297154 ], [ 73.10511761252981, 18.987428918447215 ], [ 73.105120678798002, 18.987157936559473 ] ] ] } },
{ "type": "Feature", "properties": { "parcel_id": "P0415", "survey_no": "SRV-1415", "owner_name": "Rohit Kulkarni", "area_sqm": 1200.0, "land_use": "Mixed Use" }, "geometry": { "type": "Polygon", "coordinates": [ [ [ 73.10550048867286, 18.987161825349784 ], [ 73.105880298640272, 18.987165713361591 ], [ 73.105877233599486, 18.987436695368579 ], [ 73.105497423018377, 18.987432807297154 ], [ 73.10550048867286, 18.987161825349784 ] ] ] } },
{ "type": "Feature", "properties": { "parcel_id": "P0416", "survey_no": "SRV-1416", "owner_name": "Anita Joshi", "area_sqm": 1200.0, "land_use": "Mixed Use" }, "geometry": { "type": "Polygon", "coordinates": [ [ [ 73.105880298640272, 18.987165713361591 ], [ 73.106260108700198, 18.987169600594896 ], [ 73.106257044273136, 18.987440582661488 ], [ 73.105877233599486, 18.987436695368579 ], [ 73.105880298640272, 18.987165713361591 ] ] ] } },
{ "type": "Feature", "properties": { "parcel_id": "P0417", "survey_no": "SRV-1417", "owner_name": "Vijay More", "area_sqm": 1200.0, "land_use": "Residential" }, "geometry": { "type": "Polygon", "coordinates": [ [ [ 73.106260108700198, 18.987169600594896 ], [ 73.106639918852636, 18.987173487049692 ], [ 73.106636855039284, 18.987444469175884 ], [ 73.106257044273136, 18.987440582661488 ], [ 73.106260108700198, 18.987169600594896 ] ] ] } },
{ "type": "Feature", "properties": { "parcel_id": "P0418", "survey_no": "SRV-1418", "owner_name": "Amit Sharma", "area_sqm": 1200.0, "land_use": "Mixed Use" }, "geometry": { "type": "Polygon", "coordinates": [ [ [ 73.106639918852636, 18.987173487049692 ], [ 73.107019729097573, 18.987177372725984 ], [ 73.107016665897916, 18.987448354911756 ], [ 73.106636855039284, 18.987444469175884 ], [ 73.106639918852636, 18.987173487049692 ] ] ] } },
{ "type": "Feature", "properties": { "parcel_id": "P0419", "survey_no": "SRV-1419", "owner_name": "Anita Joshi", "area_sqm": 1200.0, "land_use": "Vacant" }, "geometry": { "type": "Polygon", "coordinates": [ [ [ 73.107019729097573, 18.987177372725984 ], [ 73.107399539434965, 18.987181257623774 ], [ 73.107396476849033, 18.987452239869118 ], [ 73.107016665897916, 18.987448354911756 ], [ 73.107019729097573, 18.987177372725984 ] ] ] } },
{ "type": "Feature", "properties": { "parcel_id": "P0420", "survey_no": "SRV-1420", "owner_name": "Neha Verma", "area_sqm": 1200.0, "land_use": "Vacant" }, "geometry": { "type": "Polygon", "coordinates": [ [ [ 73.107399539434965, 18.987181257623774 ], [ 73.107779349864828, 18.987185141743051 ], [ 73.107776287892591, 18.987456124047952 ], [ 73.107396476849033, 18.987452239869118 ], [ 73.107399539434965, 18.987181257623774 ] ] ] } },
{ "type": "Feature", "properties": { "parcel_id": "P0421", "survey_no": "SRV-1421", "owner_name": "Sunita Pawar", "area_sqm": 1200.0, "land_use": "Residential" }, "geometry": { "type": "Polygon", "coordinates": [ [ [ 73.107779349864828, 18.987185141743051 ], [ 73.108159160387103, 18.987189025083822 ], [ 73.108156099028591, 18.98746000744827 ], [ 73.107776287892591, 18.987456124047952 ], [ 73.107779349864828, 18.987185141743051 ] ] ] } },
{ "type": "Feature", "properties": { "parcel_id": "P0422", "survey_no": "SRV-1422", "owner_name": "Rohit Kulkarni", "area_sqm": 1200.0, "land_use": "Residential" }, "geometry": { "type": "Polygon", "coordinates": [ [ [ 73.108159160387103, 18.987189025083822 ], [ 73.108538971001806, 18.987192907646079 ], [ 73.108535910257004, 18.987463890070067 ], [ 73.108156099028591, 18.98746000744827 ], [ 73.108159160387103, 18.987189025083822 ] ] ] } },
{ "type": "Feature", "properties": { "parcel_id": "P0423", "survey_no": "SRV-1423", "owner_name": "Vijay More", "area_sqm": 1200.0, "land_use": "Mixed Use" }, "geometry": { "type": "Polygon", "coordinates": [ [ [ 73.108538971001806, 18.987192907646079 ], [ 73.108918781708908, 18.987196789429834 ], [ 73.108915721577816, 18.987467771913344 ], [ 73.108535910257004, 18.987463890070067 ], [ 73.108538971001806, 18.987192907646079 ] ] ] } },
{ "type": "Feature", "properties": { "parcel_id": "P0424", "survey_no": "SRV-1424", "owner_name": "Vijay More", "area_sqm": 1200.0, "land_use": "Residential" }, "geometry": { "type": "Polygon", "coordinates": [ [ [ 73.108918781708908, 18.987196789429834 ], [ 73.109298592508381, 18.987200670435076 ], [ 73.109295532991013, 18.987471652978094 ], [ 73.108915721577816, 18.987467771913344 ], [ 73.108918781708908, 18.987196789429834 ] ] ] } },
{ "type": "Feature", "properties": { "parcel_id": "P0425", "survey_no": "SRV-1425", "owner_name": "Anita Joshi", "area_sqm": 1200.0, "land_use": "Residential" }, "geometry": { "type": "Polygon", "coordinates": [ [ [ 73.109298592508381, 18.987200670435076 ], [ 73.10967840340021, 18.987204550661808 ], [ 73.109675344496551, 18.987475533264323 ], [ 73.109295532991013, 18.987471652978094 ], [ 73.109298592508381, 18.987200670435076 ] ] ] } },
{ "type": "Feature", "properties": { "parcel_id": "P0426", "survey_no": "SRV-1426", "owner_name": "Sunita Pawar", "area_sqm": 1200.0, "land_use": "Vacant" }, "geometry": { "type": "Polygon", "coordinates": [ [ [ 73.10018008460851, 18.987378292553483 ], [ 73.100559893892296, 18.987382191524041 ], [ 73.100556820207487, 18.987653172686887 ], [ 73.100177010309991, 18.987649273656537 ], [ 73.10018008460851, 18.987378292553483 ] ] ] } },
{ "type": "Feature", "properties": { "parcel_id": "P0427", "survey_no": "SRV-1427", "owner_name": "Anita Joshi", "area_sqm": 1200.0, "land_use": "Residential" }, "geometry": { "type": "Polygon", "coordinates": [ [ [ 73.100559893892296, 18.987382191524041 ], [ 73.100939703268878, 18.9873860897161 ], [ 73.100936630197765, 18.987657070938717 ], [ 73.100556820207487, 18.987653172686887 ], [ 73.100559893892296, 18.987382191524041 ] ] ] } },
{ "type": "Feature", "properties": { "parcel_id": "P0428", "survey_no": "SRV-1428", "owner_name": "Priya Singh", "area_sqm": 1200.0, "land_use": "Mixed Use" }, "geometry": { "type": "Polygon", "coordinates": [ [ [ 73.100939703268878, 18.9873860897161 ], [ 73.101319512738215, 18.987389987129657 ], [ 73.101316440280826, 18.98766096841203 ], [ 73.100936630197765, 18.987657070938717 ], [ 73.100939703268878, 18.9873860897161 ] ] ] } },
{ "type": "Feature", "properties": { "parcel_id": "P0429", "survey_no": "SRV-1429", "owner_name": "Mahesh Deshmukh", "area_sqm": 1200.0, "land_use": "Vacant" }, "geometry": { "type": "Polygon", "coordinates": [ [ [ 73.101319512738215, 18.987389987129657 ], [ 73.101699322300306, 18.987393883764703 ], [ 73.101696250456627, 18.987664865106833 ], [ 73.101316440280826, 18.98766096841203 ], [ 73.101319512738215, 18.987389987129657 ] ] ] } },
{ "type": "Feature", "properties": { "parcel_id": "P0430", "survey_no": "SRV-1430", "owner_name": "Rohit Kulkarni", "area_sqm": 1200.0, "land_use": "Residential" }, "geometry": { "type": "Polygon", "coordinates": [ [ [ 73.101699322300306, 18.987393883764703 ], [ 73.102079131955122, 18.987397779621244 ], [ 73.102076060725167, 18.987668761023105 ], [ 73.101696250456627, 18.987664865106833 ], [ 73.101699322300306, 18.987393883764703 ] ] ] } },
{ "type": "Feature", "properties": { "parcel_id": "P0431", "survey_no": "SRV-1431", "owner_name": "Priya Singh", "area_sqm": 1200.0, "land_use": "Mixed Use" }, "geometry": { "type": "Polygon", "coordinates": [ [ [ 73.102079131955122, 18.987397779621244 ], [ 73.102458941702665, 18.987401674699274 ], [ 73.10245587108642, 18.987672656160864 ], [ 73.102076060725167, 18.987668761023105 ], [ 73.102079131955122, 18.987397779621244 ] ] ] } },
{ "type": "Feature", "properties": { "parcel_id": "P0432", "survey_no": "SRV-1432", "owner_name": "Sunita Pawar", "area_sqm": 1200.0, "land_use": "Commercial" }, "geometry": { "type": "Polygon", "coordinates": [ [ [ 73.102458941702665, 18.987401674699274 ], [ 73.102838751542905, 18.987405568998799 ], [ 73.102835681540355, 18.987676550520103 ], [ 73.10245587108642, 18.987672656160864 ], [ 73.102458941702665, 18.987401674699274 ] ] ] } },
{ "type": "Feature", "properties": { "parcel_id": "P0433", "survey_no": "SRV-1433", "owner_name": "Neha Verma", "area_sqm": 1200.0, "land_use": "Vacant" }, "geometry": { "type": "Polygon", "coordinates": [ [ [ 73.102838751542905, 18.987405568998799 ], [ 73.103218561475813, 18.987409462519814 ], [ 73.103215492086974, 18.987680444100818 ], [ 73.102835681540355, 18.987676550520103 ], [ 73.102838751542905, 18.987405568998799 ] ] ] } },
{ "type": "Feature", "properties": { "parcel_id": "P0434", "survey_no": "SRV-1434", "owner_name": "Rohit Kulkarni", "area_sqm": 1200.0, "land_use": "Residential" }, "geometry": { "type": "Polygon", "coordinates": [ [ [ 73.103218561475813, 18.987409462519814 ], [ 73.103598371501363, 18.987413355262316 ], [ 73.103595302726248, 18.987684336903012 ], [ 73.103215492086974, 18.987680444100818 ], [ 73.103218561475813, 18.987409462519814 ] ] ] } },
{ "type": "Feature", "properties": { "parcel_id": "P0435", "survey_no": "SRV-1435", "owner_name": "Rajesh Kumar", "area_sqm": 1200.0, "land_use": "Commercial" }, "geometry": { "type": "Polygon", "coordinates": [ [ [ 73.103598371501363, 18.987413355262316 ], [ 73.103978181619567, 18.987417247226308 ], [ 73.103975113458162, 18.987688228926682 ], [ 73.103595302726248, 18.987684336903012 ], [ 73.103598371501363, 18.987413355262316 ] ] ] } },
{ "type": "Feature", "properties": { "parcel_id": "P0436", "survey_no": "SRV-1436", "owner_name": "Amit Sharma", "area_sqm": 1200.0, "land_use": "Mixed Use" }, "geometry": { "type": "Polygon", "coordinates": [ [ [ 73.103978181619567, 18.987417247226308 ], [ 73.104357991830383, 18.98742113841179 ], [ 73.104354924282703, 18.987692120171832 ], [ 73.103975113458162, 18.987688228926682 ], [ 73.103978181619567, 18.987417247226308 ] ] ] } },
{ "type": "Feature", "properties": { "parcel_id": "P0437", "survey_no": "SRV-1437", "owner_name": "Sunita Pawar", "area_sqm": 1200.0, "land_use": "Residential" }, "geometry": { "type": "Polygon", "coordinates": [ [ [ 73.104357991830383, 18.98742113841179 ], [ 73.104737802133798, 18.987425028818759 ], [ 73.104734735199827, 18.987696010638459 ], [ 73.104354924282703, 18.987692120171832 ], [ 73.104357991830383, 18.98742113841179 ] ] ] } },
{ "type": "Feature", "properties": { "parcel_id": "P0438", "survey_no": "SRV-1438", "owner_name": "Sunita Pawar", "area_sqm": 1200.0, "land_use": "Vacant" }, "geometry": { "type": "Polygon", "coordinates": [ [ [ 73.104737802133798, 18.987425028818759 ], [ 73.10511761252981, 18.987428918447215 ], [ 73.105114546209549, 18.98769990032655 ], [ 73.104734735199827, 18.987696010638459 ], [ 73.104737802133798, 18.987425028818759 ] ] ] } },
{ "type": "Feature", "properties": { "parcel_id": "P0439", "survey_no": "SRV-1439", "owner_name": "Suresh Patil", "area_sqm": 1200.0, "land_use": "Commercial" }, "geometry": { "type": "Polygon", "coordinates": [ [ [ 73.10511761252981, 18.987428918447215 ], [ 73.105497423018377, 18.987432807297154 ], [ 73.105494357311841, 18.987703789236122 ], [ 73.105114546209549, 18.98769990032655 ], [ 73.10511761252981, 18.987428918447215 ] ] ] } },
{ "type": "Feature", "properties": { "parcel_id": "P0440", "survey_no": "SRV-1440", "owner_name": "Suresh Patil", "area_sqm": 1200.0, "land_use": "Vacant" }, "geometry": { "type": "Polygon", "coordinates": [ [ [ 73.105497423018377, 18.987432807297154 ], [ 73.105877233599486, 18.987436695368579 ], [ 73.105874168506674, 18.987707677367169 ], [ 73.105494357311841, 18.987703789236122 ], [ 73.105497423018377, 18.987432807297154 ] ] ] } },
{ "type": "Feature", "properties": { "parcel_id": "P0441", "survey_no": "SRV-1441", "owner_name": "Suresh Patil", "area_sqm": 1200.0, "land_use": "Commercial" }, "geometry": { "type": "Polygon", "coordinates": [ [ [ 73.105877233599486, 18.987436695368579 ], [ 73.106257044273136, 18.987440582661488 ], [ 73.106253979794033, 18.987711564719689 ], [ 73.105874168506674, 18.987707677367169 ], [ 73.105877233599486, 18.987436695368579 ] ] ] } },
{ "type": "Feature", "properties": { "parcel_id": "P0442", "survey_no": "SRV-1442", "owner_name": "Rohit Kulkarni", "area_sqm": 1200.0, "land_use": "Mixed Use" }, "geometry": { "type": "Polygon", "coordinates": [ [ [ 73.106257044273136, 18.987440582661488 ], [ 73.106636855039284, 18.987444469175884 ], [ 73.106633791173891, 18.987715451293674 ], [ 73.106253979794033, 18.987711564719689 ], [ 73.106257044273136, 18.987440582661488 ] ] ] } },
{ "type": "Feature", "properties": { "parcel_id": "P0443", "survey_no": "SRV-1443", "owner_name": "Sunita Pawar", "area_sqm": 1200.0, "land_use": "Mixed Use" }, "geometry": { "type": "Polygon", "coordinates": [ [ [ 73.106636855039284, 18.987444469175884 ], [ 73.107016665897916, 18.987448354911756 ], [ 73.107013602646262, 18.987719337089132 ], [ 73.106633791173891, 18.987715451293674 ], [ 73.106636855039284, 18.987444469175884 ] ] ] } },
{ "type": "Feature", "properties": { "parcel_id": "P0444", "survey_no": "SRV-1444", "owner_name": "Anita Joshi", "area_sqm": 1200.0, "land_use": "Vacant" }, "geometry": { "type": "Polygon", "coordinates": [ [ [ 73.107016665897916, 18.987448354911756 ], [ 73.107396476849033, 18.987452239869118 ], [ 73.107393414211089, 18.987723222106059 ], [ 73.107013602646262, 18.987719337089132 ], [ 73.107016665897916, 18.987448354911756 ] ] ] } },
{ "type": "Feature", "properties": { "parcel_id": "P0445", "survey_no": "SRV-1445", "owner_name": "Rohit Kulkarni", "area_sqm": 1200.0, "land_use": "Commercial" }, "geometry": { "type": "Polygon", "coordinates": [ [ [ 73.107396476849033, 18.987452239869118 ], [ 73.107776287892591, 18.987456124047952 ], [ 73.107773225868371, 18.987727106344451 ], [ 73.107393414211089, 18.987723222106059 ], [ 73.107396476849033, 18.987452239869118 ] ] ] } },
{ "type": "Feature", "properties": { "parcel_id": "P0446", "survey_no": "SRV-1446", "owner_name": "Rohit Kulkarni", "area_sqm": 1200.0, "land_use": "Commercial" }, "geometry": { "type": "Polygon", "coordinates": [ [ [ 73.107776287892591, 18.987456124047952 ], [ 73.108156099028591, 18.98746000744827 ], [ 73.108153037618095, 18.987730989804319 ], [ 73.107773225868371, 18.987727106344451 ], [ 73.107776287892591, 18.987456124047952 ] ] ] } },
{ "type": "Feature", "properties": { "parcel_id": "P0447", "survey_no": "SRV-1447", "owner_name": "Anita Joshi", "area_sqm": 1200.0, "land_use": "Commercial" }, "geometry": { "type": "Polygon", "coordinates": [ [ [ 73.108156099028591, 18.98746000744827 ], [ 73.108535910257004, 18.987463890070067 ], [ 73.108532849460232, 18.98773487248565 ], [ 73.108153037618095, 18.987730989804319 ], [ 73.108156099028591, 18.98746000744827 ] ] ] } },
{ "type": "Feature", "properties": { "parcel_id": "P0448", "survey_no": "SRV-1448", "owner_name": "Mahesh Deshmukh", "area_sqm": 1200.0, "land_use": "Commercial" }, "geometry": { "type": "Polygon", "coordinates": [ [ [ 73.108535910257004, 18.987463890070067 ], [ 73.108915721577816, 18.987467771913344 ], [ 73.108912661394754, 18.987738754388449 ], [ 73.108532849460232, 18.98773487248565 ], [ 73.108535910257004, 18.987463890070067 ] ] ] } },
{ "type": "Feature", "properties": { "parcel_id": "P0449", "survey_no": "SRV-1449", "owner_name": "Suresh Patil", "area_sqm": 1200.0, "land_use": "Mixed Use" }, "geometry": { "type": "Polygon", "coordinates": [ [ [ 73.108915721577816, 18.987467771913344 ], [ 73.109295532991013, 18.987471652978094 ], [ 73.109292473421675, 18.987742635512713 ], [ 73.108912661394754, 18.987738754388449 ], [ 73.108915721577816, 18.987467771913344 ] ] ] } },
{ "type": "Feature", "properties": { "parcel_id": "P0450", "survey_no": "SRV-1450", "owner_name": "Anita Joshi", "area_sqm": 1200.0, "land_use": "Mixed Use" }, "geometry": { "type": "Polygon", "coordinates": [ [ [ 73.109295532991013, 18.987471652978094 ], [ 73.109675344496551, 18.987475533264323 ], [ 73.109672285540952, 18.98774651585844 ], [ 73.109292473421675, 18.987742635512713 ], [ 73.109295532991013, 18.987471652978094 ] ] ] } },
{ "type": "Feature", "properties": { "parcel_id": "P0451", "survey_no": "SRV-1451", "owner_name": "Sunita Pawar", "area_sqm": 1200.0, "land_use": "Mixed Use" }, "geometry": { "type": "Polygon", "coordinates": [ [ [ 73.100177010309991, 18.987649273656537 ], [ 73.100556820207487, 18.987653172686887 ], [ 73.100553746470482, 18.98792415384132 ], [ 73.100173935959262, 18.987920254751185 ], [ 73.100177010309991, 18.987649273656537 ] ] ] } },
{ "type": "Feature", "properties": { "parcel_id": "P0452", "survey_no": "SRV-1452", "owner_name": "Rajesh Kumar", "area_sqm": 1200.0, "land_use": "Mixed Use" }, "geometry": { "type": "Polygon", "coordinates": [ [ [ 73.100556820207487, 18.987653172686887 ], [ 73.100936630197765, 18.987657070938717 ], [ 73.100933557074484, 18.98792805215292 ], [ 73.100553746470482, 18.98792415384132 ], [ 73.100556820207487, 18.987653172686887 ] ] ] } },
{ "type": "Feature", "properties": { "parcel_id": "P0453", "survey_no": "SRV-1453", "owner_name": "Neha Verma", "area_sqm": 1200.0, "land_use": "Vacant" }, "geometry": { "type": "Polygon", "coordinates": [ [ [ 73.100936630197765, 18.987657070938717 ], [ 73.101316440280826, 18.98766096841203 ], [ 73.101313367771255, 18.987931949686004 ], [ 73.100933557074484, 18.98792805215292 ], [ 73.100936630197765, 18.987657070938717 ] ] ] } },
{ "type": "Feature", "properties": { "parcel_id": "P0454", "survey_no": "SRV-1454", "owner_name": "Amit Sharma", "area_sqm": 1200.0, "land_use": "Vacant" }, "geometry": { "type": "Polygon", "coordinates": [ [ [ 73.101316440280826, 18.98766096841203 ], [ 73.101696250456627, 18.987664865106833 ], [ 73.101693178560794, 18.98793584644055 ], [ 73.101313367771255, 18.987931949686004 ], [ 73.101316440280826, 18.98766096841203 ] ] ] } },
{ "type": "Feature", "properties": { "parcel_id": "P0455", "survey_no": "SRV-1455", "owner_name": "Sunita Pawar", "area_sqm": 1200.0, "land_use": "Vacant" }, "geometry": { "type": "Polygon", "coordinates": [ [ [ 73.101696250456627, 18.987664865106833 ], [ 73.102076060725167, 18.987668761023105 ], [ 73.102072989443045, 18.987939742416565 ], [ 73.101693178560794, 18.98793584644055 ], [ 73.101696250456627, 18.987664865106833 ] ] ] } },
{ "type": "Feature", "properties": { "parcel_id": "P0456", "survey_no": "SRV-1456", "owner_name": "Vijay More", "area_sqm": 1200.0, "land_use": "Mixed Use" }, "geometry": { "type": "Polygon", "coordinates": [ [ [ 73.102076060725167, 18.987668761023105 ], [ 73.10245587108642, 18.987672656160864 ], [ 73.102452800418021, 18.987943637614052 ], [ 73.102072989443045, 18.987939742416565 ], [ 73.102076060725167, 18.987668761023105 ] ] ] } },
{ "type": "Feature", "properties": { "parcel_id": "P0457", "survey_no": "SRV-1457", "owner_name": "Sunita Pawar", "area_sqm": 1200.0, "land_use": "Vacant" }, "geometry": { "type": "Polygon", "coordinates": [ [ [ 73.10245587108642, 18.987672656160864 ], [ 73.102835681540355, 18.987676550520103 ], [ 73.102832611485681, 18.987947532033001 ], [ 73.102452800418021, 18.987943637614052 ], [ 73.10245587108642, 18.987672656160864 ] ] ] } },
{ "type": "Feature", "properties": { "parcel_id": "P0458", "survey_no": "SRV-1458", "owner_name": "Rohit Kulkarni", "area_sqm": 1200.0, "land_use": "Mixed Use" }, "geometry": { "type": "Polygon", "coordinates": [ [ [ 73.102835681540355, 18.987676550520103 ], [ 73.103215492086974, 18.987680444100818 ], [ 73.103212422646024, 18.987951425673419 ], [ 73.102832611485681, 18.987947532033001 ], [ 73.102835681540355, 18.987676550520103 ] ] ] } },
{ "type": "Feature", "properties": { "parcel_id": "P0459", "survey_no": "SRV-1459", "owner_name": "Priya Singh", "area_sqm": 1200.0, "land_use": "Commercial" }, "geometry": { "type": "Polygon", "coordinates": [ [ [ 73.103215492086974, 18.987680444100818 ], [ 73.103595302726248, 18.987684336903012 ], [ 73.103592233899022, 18.987955318535306 ], [ 73.103212422646024, 18.987951425673419 ], [ 73.103215492086974, 18.987680444100818 ] ] ] } },
{ "type": "Feature", "properties": { "parcel_id": "P0460", "survey_no": "SRV-1460", "owner_name": "Mahesh Deshmukh", "area_sqm": 1200.0, "land_use": "Vacant" }, "geometry": { "type": "Polygon", "coordinates": [ [ [ 73.103595302726248, 18.987684336903012 ], [ 73.103975113458162, 18.987688228926682 ], [ 73.10397204524466, 18.987959210618655 ], [ 73.103592233899022, 18.987955318535306 ], [ 73.103595302726248, 18.987684336903012 ] ] ] } },
{ "type": "Feature", "properties": { "parcel_id": "P0461", "survey_no": "SRV-1461", "owner_name": "Priya Singh", "area_sqm": 1200.0, "land_use": "Vacant" }, "geometry": { "type": "Polygon", "coordinates": [ [ [ 73.103975113458162, 18.987688228926682 ], [ 73.104354924282703, 18.987692120171832 ], [ 73.104351856682925, 18.987963101923469 ], [ 73.10397204524466, 18.987959210618655 ], [ 73.103975113458162, 18.987688228926682 ] ] ] } },
{ "type": "Feature", "properties": { "parcel_id": "P0462", "survey_no": "SRV-1462", "owner_name": "Rajesh Kumar", "area_sqm": 1200.0, "land_use": "Mixed Use" }, "geometry": { "type": "Polygon", "coordinates": [ [ [ 73.104354924282703, 18.987692120171832 ], [ 73.104734735199827, 18.987696010638459 ], [ 73.104731668213788, 18.987966992449749 ], [ 73.104351856682925, 18.987963101923469 ], [ 73.104354924282703, 18.987692120171832 ] ] ] } },
{ "type": "Feature", "properties": { "parcel_id": "P0463", "survey_no": "SRV-1463", "owner_name": "Rohit Kulkarni", "area_sqm": 1200.0, "land_use": "Vacant" }, "geometry": { "type": "Polygon", "coordinates": [ [ [ 73.104734735199827, 18.987696010638459 ], [ 73.105114546209549, 18.98769990032655 ], [ 73.105111479837234, 18.987970882197484 ], [ 73.104731668213788, 18.987966992449749 ], [ 73.104734735199827, 18.987696010638459 ] ] ] } },
{ "type": "Feature", "properties": { "parcel_id": "P0464", "survey_no": "SRV-1464", "owner_name": "Anita Joshi", "area_sqm": 1200.0, "land_use": "Commercial" }, "geometry": { "type": "Polygon", "coordinates": [ [ [ 73.105114546209549, 18.98769990032655 ], [ 73.105494357311841, 18.987703789236122 ], [ 73.10549129155325, 18.987974771166691 ], [ 73.105111479837234, 18.987970882197484 ], [ 73.105114546209549, 18.98769990032655 ] ] ] } },
{ "type": "Feature", "properties": { "parcel_id": "P0465", "survey_no": "SRV-1465", "owner_name": "Rohit Kulkarni", "area_sqm": 1200.0, "land_use": "Residential" }, "geometry": { "type": "Polygon", "coordinates": [ [ [ 73.105494357311841, 18.987703789236122 ], [ 73.105874168506674, 18.987707677367169 ], [ 73.105871103361807, 18.987978659357346 ], [ 73.10549129155325, 18.987974771166691 ], [ 73.105494357311841, 18.987703789236122 ] ] ] } },
{ "type": "Feature", "properties": { "parcel_id": "P0466", "survey_no": "SRV-1466", "owner_name": "Amit Sharma", "area_sqm": 1200.0, "land_use": "Mixed Use" }, "geometry": { "type": "Polygon", "coordinates": [ [ [ 73.105874168506674, 18.987707677367169 ], [ 73.106253979794033, 18.987711564719689 ], [ 73.106250915262891, 18.987982546769473 ], [ 73.105871103361807, 18.987978659357346 ], [ 73.105874168506674, 18.987707677367169 ] ] ] } },
{ "type": "Feature", "properties": { "parcel_id": "P0467", "survey_no": "SRV-1467", "owner_name": "Suresh Patil", "area_sqm": 1200.0, "land_use": "Vacant" }, "geometry": { "type": "Polygon", "coordinates": [ [ [ 73.106253979794033, 18.987711564719689 ], [ 73.106633791173891, 18.987715451293674 ], [ 73.106630727256487, 18.987986433403059 ], [ 73.106250915262891, 18.987982546769473 ], [ 73.106253979794033, 18.987711564719689 ] ] ] } },
{ "type": "Feature", "properties": { "parcel_id": "P0468", "survey_no": "SRV-1468", "owner_name": "Suresh Patil", "area_sqm": 1200.0, "land_use": "Vacant" }, "geometry": { "type": "Polygon", "coordinates": [ [ [ 73.106633791173891, 18.987715451293674 ], [ 73.107013602646262, 18.987719337089132 ], [ 73.107010539342582, 18.987990319258095 ], [ 73.106630727256487, 18.987986433403059 ], [ 73.106633791173891, 18.987715451293674 ] ] ] } },
{ "type": "Feature", "properties": { "parcel_id": "P0469", "survey_no": "SRV-1469", "owner_name": "Rajesh Kumar", "area_sqm": 1200.0, "land_use": "Commercial" }, "geometry": { "type": "Polygon", "coordinates": [ [ [ 73.107013602646262, 18.987719337089132 ], [ 73.107393414211089, 18.987723222106059 ], [ 73.107390351521147, 18.987994204334594 ], [ 73.107010539342582, 18.987990319258095 ], [ 73.107013602646262, 18.987719337089132 ] ] ] } },
{ "type": "Feature", "properties": { "parcel_id": "P0470", "survey_no": "SRV-1470", "owner_name": "Anita Joshi", "area_sqm": 1200.0, "land_use": "Commercial" }, "geometry": { "type": "Polygon", "coordinates": [ [ [ 73.107393414211089, 18.987723222106059 ], [ 73.107773225868371, 18.987727106344451 ], [ 73.107770163792154, 18.987998088632551 ], [ 73.107390351521147, 18.987994204334594 ], [ 73.107393414211089, 18.987723222106059 ] ] ] } },
{ "type": "Feature", "properties": { "parcel_id": "P0471", "survey_no": "SRV-1471", "owner_name": "Suresh Patil", "area_sqm": 1200.0, "land_use": "Vacant" }, "geometry": { "type": "Polygon", "coordinates": [ [ [ 73.107773225868371, 18.987727106344451 ], [ 73.108153037618095, 18.987730989804319 ], [ 73.108149976155616, 18.988001972151963 ], [ 73.107770163792154, 18.987998088632551 ], [ 73.107773225868371, 18.987727106344451 ] ] ] } },
{ "type": "Feature", "properties": { "parcel_id": "P0472", "survey_no": "SRV-1472", "owner_name": "Neha Verma", "area_sqm": 1200.0, "land_use": "Mixed Use" }, "geometry": { "type": "Polygon", "coordinates": [ [ [ 73.108153037618095, 18.987730989804319 ], [ 73.108532849460232, 18.98773487248565 ], [ 73.108529788611477, 18.98800585489283 ], [ 73.108149976155616, 18.988001972151963 ], [ 73.108153037618095, 18.987730989804319 ] ] ] } },
{ "type": "Feature", "properties": { "parcel_id": "P0473", "survey_no": "SRV-1473", "owner_name": "Mahesh Deshmukh", "area_sqm": 1200.0, "land_use": "Vacant" }, "geometry": { "type": "Polygon", "coordinates": [ [ [ 73.108532849460232, 18.98773487248565 ], [ 73.108912661394754, 18.987738754388449 ], [ 73.108909601159752, 18.988009736855151 ], [ 73.108529788611477, 18.98800585489283 ], [ 73.108532849460232, 18.98773487248565 ] ] ] } },
{ "type": "Feature", "properties": { "parcel_id": "P0474", "survey_no": "SRV-1474", "owner_name": "Suresh Patil", "area_sqm": 1200.0, "land_use": "Mixed Use" }, "geometry": { "type": "Polygon", "coordinates": [ [ [ 73.108912661394754, 18.987738754388449 ], [ 73.109292473421675, 18.987742635512713 ], [ 73.109289413800397, 18.988013618038927 ], [ 73.108909601159752, 18.988009736855151 ], [ 73.108912661394754, 18.987738754388449 ] ] ] } },
{ "type": "Feature", "properties": { "parcel_id": "P0475", "survey_no": "SRV-1475", "owner_name": "Sunita Pawar", "area_sqm": 1200.0, "land_use": "Vacant" }, "geometry": { "type": "Polygon", "coordinates": [ [ [ 73.109292473421675, 18.987742635512713 ], [ 73.109672285540952, 18.98774651585844 ], [ 73.109669226533413, 18.988017498444155 ], [ 73.109289413800397, 18.988013618038927 ], [ 73.109292473421675, 18.987742635512713 ] ] ] } },
{ "type": "Feature", "properties": { "parcel_id": "P0476", "survey_no": "SRV-1476", "owner_name": "Vijay More", "area_sqm": 1200.0, "land_use": "Vacant" }, "geometry": { "type": "Polygon", "coordinates": [ [ [ 73.100173935959262, 18.987920254751185 ], [ 73.100553746470482, 18.98792415384132 ], [ 73.100550672681294, 18.988195134987347 ], [ 73.100170861556336, 18.98819123583743 ], [ 73.100173935959262, 18.987920254751185 ] ] ] } },
{ "type": "Feature", "properties": { "parcel_id": "P0477", "survey_no": "SRV-1477", "owner_name": "Sunita Pawar", "area_sqm": 1200.0, "land_use": "Residential" }, "geometry": { "type": "Polygon", "coordinates": [ [ [ 73.100553746470482, 18.98792415384132 ], [ 73.100933557074484, 18.98792805215292 ], [ 73.10093048389902, 18.988199033358732 ], [ 73.100550672681294, 18.988195134987347 ], [ 73.100553746470482, 18.98792415384132 ] ] ] } },
{ "type": "Feature", "properties": { "parcel_id": "P0478", "survey_no": "SRV-1478", "owner_name": "Mahesh Deshmukh", "area_sqm": 1200.0, "land_use": "Residential" }, "geometry": { "type": "Polygon", "coordinates": [ [ [ 73.100933557074484, 18.98792805215292 ], [ 73.101313367771255, 18.987931949686004 ], [ 73.101310295209529, 18.988202930951569 ], [ 73.10093048389902, 18.988199033358732 ], [ 73.100933557074484, 18.98792805215292 ] ] ] } },
{ "type": "Feature", "properties": { "parcel_id": "P0479", "survey_no": "SRV-1479", "owner_name": "Priya Singh", "area_sqm": 1200.0, "land_use": "Mixed Use" }, "geometry": { "type": "Polygon", "coordinates": [ [ [ 73.101313367771255, 18.987931949686004 ], [ 73.101693178560794, 18.98793584644055 ], [ 73.101690106612779, 18.988206827765872 ], [ 73.101310295209529, 18.988202930951569 ], [ 73.101313367771255, 18.987931949686004 ] ] ] } },
{ "type": "Feature", "properties": { "parcel_id": "P0480", "survey_no": "SRV-1480", "owner_name": "Priya Singh", "area_sqm": 1200.0, "land_use": "Residential" }, "geometry": { "type": "Polygon", "coordinates": [ [ [ 73.101693178560794, 18.98793584644055 ], [ 73.102072989443045, 18.987939742416565 ], [ 73.102069918108768, 18.988210723801625 ], [ 73.101690106612779, 18.988206827765872 ], [ 73.101693178560794, 18.98793584644055 ] ] ] } },
{ "type": "Feature", "properties": { "parcel_id": "P0481", "survey_no": "SRV-1481", "owner_name": "Anita Joshi", "area_sqm": 1200.0, "land_use": "Residential" }, "geometry": { "type": "Polygon", "coordinates": [ [ [ 73.102072989443045, 18.987939742416565 ], [ 73.102452800418021, 18.987943637614052 ], [ 73.102449729697469, 18.988214619058834 ], [ 73.102069918108768, 18.988210723801625 ], [ 73.102072989443045, 18.987939742416565 ] ] ] } },
{ "type": "Feature", "properties": { "parcel_id": "P0482", "survey_no": "SRV-1482", "owner_name": "Suresh Patil", "area_sqm": 1200.0, "land_use": "Vacant" }, "geometry": { "type": "Polygon", "coordinates": [ [ [ 73.102452800418021, 18.987943637614052 ], [ 73.102832611485681, 18.987947532033001 ], [ 73.102829541378881, 18.988218513537497 ], [ 73.102449729697469, 18.988214619058834 ], [ 73.102452800418021, 18.987943637614052 ] ] ] } },
{ "type": "Feature", "properties": { "parcel_id": "P0483", "survey_no": "SRV-1483", "owner_name": "Amit Sharma", "area_sqm": 1200.0, "land_use": "Mixed Use" }, "geometry": { "type": "Polygon", "coordinates": [ [ [ 73.102832611485681, 18.987947532033001 ], [ 73.103212422646024, 18.987951425673419 ], [ 73.103209353152948, 18.988222407237618 ], [ 73.102829541378881, 18.988218513537497 ], [ 73.102832611485681, 18.987947532033001 ] ] ] } },
{ "type": "Feature", "properties": { "parcel_id": "P0484", "survey_no": "SRV-1484", "owner_name": "Rajesh Kumar", "area_sqm": 1200.0, "land_use": "Residential" }, "geometry": { "type": "Polygon", "coordinates": [ [ [ 73.103212422646024, 18.987951425673419 ], [ 73.103592233899022, 18.987955318535306 ], [ 73.103589165019685, 18.988226300159198 ], [ 73.103209353152948, 18.988222407237618 ], [ 73.103212422646024, 18.987951425673419 ] ] ] } },
{ "type": "Feature", "properties": { "parcel_id": "P0485", "survey_no": "SRV-1485", "owner_name": "Vijay More", "area_sqm": 1200.0, "land_use": "Residential" }, "geometry": { "type": "Polygon", "coordinates": [ [ [ 73.103592233899022, 18.987955318535306 ], [ 73.10397204524466, 18.987959210618655 ], [ 73.103968976979061, 18.988230192302225 ], [ 73.103589165019685, 18.988226300159198 ], [ 73.103592233899022, 18.987955318535306 ] ] ] } },
{ "type": "Feature", "properties": { "parcel_id": "P0486", "survey_no": "SRV-1486", "owner_name": "Neha Verma", "area_sqm": 1200.0, "land_use": "Mixed Use" }, "geometry": { "type": "Polygon", "coordinates": [ [ [ 73.10397204524466, 18.987959210618655 ], [ 73.104351856682925, 18.987963101923469 ], [ 73.10434878903105, 18.988234083666704 ], [ 73.103968976979061, 18.988230192302225 ], [ 73.10397204524466, 18.987959210618655 ] ] ] } },
{ "type": "Feature", "properties": { "parcel_id": "P0487", "survey_no": "SRV-1487", "owner_name": "Vijay More", "area_sqm": 1200.0, "land_use": "Vacant" }, "geometry": { "type": "Polygon", "coordinates": [ [ [ 73.104351856682925, 18.987963101923469 ], [ 73.104731668213788, 18.987966992449749 ], [ 73.104728601175665, 18.988237974252637 ], [ 73.10434878903105, 18.988234083666704 ], [ 73.104351856682925, 18.987963101923469 ] ] ] } },
{ "type": "Feature", "properties": { "parcel_id": "P0488", "survey_no": "SRV-1488", "owner_name": "Amit Sharma", "area_sqm": 1200.0, "land_use": "Commercial" }, "geometry": { "type": "Polygon", "coordinates": [ [ [ 73.104731668213788, 18.987966992449749 ], [ 73.105111479837234, 18.987970882197484 ], [ 73.105108413412836, 18.988241864060019 ], [ 73.104728601175665, 18.988237974252637 ], [ 73.104731668213788, 18.987966992449749 ] ] ] } },
{ "type": "Feature", "properties": { "parcel_id": "P0489", "survey_no": "SRV-1489", "owner_name": "Sunita Pawar", "area_sqm": 1200.0, "land_use": "Vacant" }, "geometry": { "type": "Polygon", "coordinates": [ [ [ 73.105111479837234, 18.987970882197484 ], [ 73.10549129155325, 18.987974771166691 ], [ 73.10548822574259, 18.988245753088854 ], [ 73.105108413412836, 18.988241864060019 ], [ 73.105111479837234, 18.987970882197484 ] ] ] } },
{ "type": "Feature", "properties": { "parcel_id": "P0490", "survey_no": "SRV-1490", "owner_name": "Mahesh Deshmukh", "area_sqm": 1200.0, "land_use": "Commercial" }, "geometry": { "type": "Polygon", "coordinates": [ [ [ 73.10549129155325, 18.987974771166691 ], [ 73.105871103361807, 18.987978659357346 ], [ 73.105868038164886, 18.988249641339134 ], [ 73.10548822574259, 18.988245753088854 ], [ 73.10549129155325, 18.987974771166691 ] ] ] } },
{ "type": "Feature", "properties": { "parcel_id": "P0491", "survey_no": "SRV-1491", "owner_name": "Amit Sharma", "area_sqm": 1200.0, "land_use": "Commercial" }, "geometry": { "type": "Polygon", "coordinates": [ [ [ 73.105871103361807, 18.987978659357346 ], [ 73.106250915262891, 18.987982546769473 ], [ 73.106247850679722, 18.988253528810862 ], [ 73.105868038164886, 18.988249641339134 ], [ 73.105871103361807, 18.987978659357346 ] ] ] } },
{ "type": "Feature", "properties": { "parcel_id": "P0492", "survey_no": "SRV-1492", "owner_name": "Suresh Patil", "area_sqm": 1200.0, "land_use": "Vacant" }, "geometry": { "type": "Polygon", "coordinates": [ [ [ 73.106250915262891, 18.987982546769473 ], [ 73.106630727256487, 18.987986433403059 ], [ 73.106627663287057, 18.988257415504041 ], [ 73.106247850679722, 18.988253528810862 ], [ 73.106250915262891, 18.987982546769473 ] ] ] } },
{ "type": "Feature", "properties": { "parcel_id": "P0493", "survey_no": "SRV-1493", "owner_name": "Mahesh Deshmukh", "area_sqm": 1200.0, "land_use": "Commercial" }, "geometry": { "type": "Polygon", "coordinates": [ [ [ 73.106630727256487, 18.987986433403059 ], [ 73.107010539342582, 18.987990319258095 ], [ 73.107007475986876, 18.988261301418667 ], [ 73.106627663287057, 18.988257415504041 ], [ 73.106630727256487, 18.987986433403059 ] ] ] } },
{ "type": "Feature", "properties": { "parcel_id": "P0494", "survey_no": "SRV-1494", "owner_name": "Rohit Kulkarni", "area_sqm": 1200.0, "land_use": "Commercial" }, "geometry": { "type": "Polygon", "coordinates": [ [ [ 73.107010539342582, 18.987990319258095 ], [ 73.107390351521147, 18.987994204334594 ], [ 73.107387288779194, 18.988265186554734 ], [ 73.107007475986876, 18.988261301418667 ], [ 73.107010539342582, 18.987990319258095 ] ] ] } },
{ "type": "Feature", "properties": { "parcel_id": "P0495", "survey_no": "SRV-1495", "owner_name": "Priya Singh", "area_sqm": 1200.0, "land_use": "Vacant" }, "geometry": { "type": "Polygon", "coordinates": [ [ [ 73.107390351521147, 18.987994204334594 ], [ 73.107770163792154, 18.987998088632551 ], [ 73.107767101663939, 18.988269070912253 ], [ 73.107387288779194, 18.988265186554734 ], [ 73.107390351521147, 18.987994204334594 ] ] ] } },
{ "type": "Feature", "properties": { "parcel_id": "P0496", "survey_no": "SRV-1496", "owner_name": "Neha Verma", "area_sqm": 1200.0, "land_use": "Vacant" }, "geometry": { "type": "Polygon", "coordinates": [ [ [ 73.107770163792154, 18.987998088632551 ], [ 73.108149976155616, 18.988001972151963 ], [ 73.108146914641154, 18.988272954491215 ], [ 73.107767101663939, 18.988269070912253 ], [ 73.107770163792154, 18.987998088632551 ] ] ] } },
{ "type": "Feature", "properties": { "parcel_id": "P0497", "survey_no": "SRV-1497", "owner_name": "Neha Verma", "area_sqm": 1200.0, "land_use": "Residential" }, "geometry": { "type": "Polygon", "coordinates": [ [ [ 73.108149976155616, 18.988001972151963 ], [ 73.108529788611477, 18.98800585489283 ], [ 73.108526727710768, 18.988276837291611 ], [ 73.108146914641154, 18.988272954491215 ], [ 73.108149976155616, 18.988001972151963 ] ] ] } },
{ "type": "Feature", "properties": { "parcel_id": "P0498", "survey_no": "SRV-1498", "owner_name": "Rohit Kulkarni", "area_sqm": 1200.0, "land_use": "Mixed Use" }, "geometry": { "type": "Polygon", "coordinates": [ [ [ 73.108529788611477, 18.98800585489283 ], [ 73.108909601159752, 18.988009736855151 ], [ 73.108906540872766, 18.988280719313455 ], [ 73.108526727710768, 18.988276837291611 ], [ 73.108529788611477, 18.98800585489283 ] ] ] } },
{ "type": "Feature", "properties": { "parcel_id": "P0499", "survey_no": "SRV-1499", "owner_name": "Sunita Pawar", "area_sqm": 1200.0, "land_use": "Commercial" }, "geometry": { "type": "Polygon", "coordinates": [ [ [ 73.108909601159752, 18.988009736855151 ], [ 73.109289413800397, 18.988013618038927 ], [ 73.109286354127164, 18.988284600556746 ], [ 73.108906540872766, 18.988280719313455 ], [ 73.108909601159752, 18.988009736855151 ] ] ] } },
{ "type": "Feature", "properties": { "parcel_id": "P0500", "survey_no": "SRV-1500", "owner_name": "Suresh Patil", "area_sqm": 1200.0, "land_use": "Vacant" }, "geometry": { "type": "Polygon", "coordinates": [ [ [ 73.109289413800397, 18.988013618038927 ], [ 73.109669226533413, 18.988017498444155 ], [ 73.109666167473918, 18.988288481021474 ], [ 73.109286354127164, 18.988284600556746 ], [ 73.109289413800397, 18.988013618038927 ] ] ] } }
]
}
